question_id,date,number,cert_id,exam,subject_id,review,final_topic,final_title,relation_action,current_container_slug,proposed_target_slug,slug_state,frontmatter_inclusion,blocking_reason,review_resolution,automatic_confidence,relation_state
20100131_001,2010-01-31,1,energy-management,written,1,,auxiliary-feedwater-equipment,급수·부대설비,existing-slug,boiler-auxiliary-equipment,boiler-auxiliary-equipment,existing,pending-owner-activation,frontmatter 관계 활성화 승인 필요,automatic,medium,proposal-only-not-applied
20100131_002,2010-01-31,2,energy-management,written,1,,fuel-properties,연료 특성·발열량,split-candidate,boiler-installation-combustion,fuel-properties,proposal-not-created,pending-owner-activation,신규 slug Owner 승인 필요,automatic,high,proposal-only-not-applied
20100131_003,2010-01-31,3,energy-management,written,1,,efficiency-output-heat-balance,효율·증발량·열정산,existing-slug,boiler-efficiency-heat-balance,boiler-efficiency-heat-balance,existing,pending-owner-activation,frontmatter 관계 활성화 승인 필요,automatic,high,proposal-only-not-applied
20100131_004,2010-01-31,4,energy-management,written,1,,fuel-properties,연료 특성·발열량,split-candidate,boiler-installation-combustion,fuel-properties,proposal-not-created,pending-owner-activation,신규 slug Owner 승인 필요,automatic,high,proposal-only-not-applied
20100131_005,2010-01-31,5,energy-management,written,1,,automatic-control-interlocks,자동제어·인터록,existing-slug,boiler-control-systems,boiler-control-systems,existing,pending-owner-activation,frontmatter 관계 활성화 승인 필요,automatic,high,proposal-only-not-applied
20100131_006,2010-01-31,6,energy-management,written,1,jpg 확필,draft-flue-gas,통풍·연도·굴뚝,split-candidate,boiler-installation-combustion,draft-flue-gas,proposal-not-created,exclude,그림 문항 공개 검토 유지 | 신규 slug Owner 승인 필요,pdf-reviewed,high,proposal-only-not-applied
20100131_007,2010-01-31,7,energy-management,written,1,,burners-furnaces-atomization,버너·화격자·연소장치,split-candidate,boiler-installation-combustion,burners-furnaces-atomization,proposal-not-created,pending-owner-activation,신규 slug Owner 승인 필요,automatic,high,proposal-only-not-applied
20100131_008,2010-01-31,8,energy-management,written,1,,fuel-properties,연료 특성·발열량,split-candidate,boiler-installation-combustion,fuel-properties,proposal-not-created,pending-owner-activation,신규 slug Owner 승인 필요,automatic,high,proposal-only-not-applied
20100131_009,2010-01-31,9,energy-management,written,1,,heat-steam-thermodynamics,열·증기·열역학 기초,existing-slug,boiler-operation-basics,boiler-operation-basics,existing,pending-owner-activation,frontmatter 관계 활성화 승인 필요,automatic,high,proposal-only-not-applied
20100131_010,2010-01-31,10,energy-management,written,1,,heat-steam-thermodynamics,열·증기·열역학 기초,existing-slug,boiler-operation-basics,boiler-operation-basics,existing,pending-owner-activation,frontmatter 관계 활성화 승인 필요,automatic,medium,proposal-only-not-applied
20100131_011,2010-01-31,11,energy-management,written,1,,boiler-types-construction,보일러 형식·구조·재료,split-candidate,boiler-operation-basics,boiler-types-construction,proposal-not-created,pending-owner-activation,신규 slug Owner 승인 필요,automatic,high,proposal-only-not-applied
20100131_012,2010-01-31,12,energy-management,written,1,,efficiency-output-heat-balance,효율·증발량·열정산,existing-slug,boiler-efficiency-heat-balance,boiler-efficiency-heat-balance,existing,pending-owner-activation,frontmatter 관계 활성화 승인 필요,automatic,high,proposal-only-not-applied
20100131_013,2010-01-31,13,energy-management,written,1,,boiler-types-construction,보일러 형식·구조·재료,split-candidate,boiler-operation-basics,boiler-types-construction,proposal-not-created,pending-owner-activation,신규 slug Owner 승인 필요,automatic,high,proposal-only-not-applied
20100131_014,2010-01-31,14,energy-management,written,1,,auxiliary-feedwater-equipment,급수·부대설비,existing-slug,boiler-auxiliary-equipment,boiler-auxiliary-equipment,existing,pending-owner-activation,frontmatter 관계 활성화 승인 필요,automatic,high,proposal-only-not-applied
20100131_015,2010-01-31,15,energy-management,written,1,,burners-furnaces-atomization,버너·화격자·연소장치,split-candidate,boiler-installation-combustion,burners-furnaces-atomization,proposal-not-created,pending-owner-activation,신규 slug Owner 승인 필요,automatic,high,proposal-only-not-applied
20100131_016,2010-01-31,16,energy-management,written,1,,safety-devices,안전장치·연소안전,existing-slug,boiler-protection-devices,boiler-protection-devices,existing,pending-owner-activation,frontmatter 관계 활성화 승인 필요,automatic,high,proposal-only-not-applied
20100131_017,2010-01-31,17,energy-management,written,1,,heat-steam-thermodynamics,열·증기·열역학 기초,existing-slug,boiler-operation-basics,boiler-operation-basics,existing,pending-owner-activation,frontmatter 관계 활성화 승인 필요,automatic,high,proposal-only-not-applied
20100131_018,2010-01-31,18,energy-management,written,1,,heat-steam-thermodynamics,열·증기·열역학 기초,existing-slug,boiler-operation-basics,boiler-operation-basics,existing,pending-owner-activation,frontmatter 관계 활성화 승인 필요,automatic,high,proposal-only-not-applied
20100131_019,2010-01-31,19,energy-management,written,1,,automatic-control-interlocks,자동제어·인터록,existing-slug,boiler-control-systems,boiler-control-systems,existing,pending-owner-activation,frontmatter 관계 활성화 승인 필요,automatic,high,proposal-only-not-applied
20100131_020,2010-01-31,20,energy-management,written,1,,efficiency-output-heat-balance,효율·증발량·열정산,existing-slug,boiler-efficiency-heat-balance,boiler-efficiency-heat-balance,existing,pending-owner-activation,frontmatter 관계 활성화 승인 필요,automatic,high,proposal-only-not-applied
20100131_021,2010-01-31,21,energy-management,written,1,,boiler-types-construction,보일러 형식·구조·재료,split-candidate,boiler-operation-basics,boiler-types-construction,proposal-not-created,pending-owner-activation,신규 slug Owner 승인 필요,automatic,high,proposal-only-not-applied
20100131_022,2010-01-31,22,energy-management,written,1,,auxiliary-feedwater-equipment,급수·부대설비,existing-slug,boiler-auxiliary-equipment,boiler-auxiliary-equipment,existing,pending-owner-activation,frontmatter 관계 활성화 승인 필요,automatic,high,proposal-only-not-applied
20100131_023,2010-01-31,23,energy-management,written,1,,water-treatment-corrosion,수질관리·스케일·부식,existing-slug,boiler-water-treatment,boiler-water-treatment,existing,pending-owner-activation,frontmatter 관계 활성화 승인 필요,automatic,high,proposal-only-not-applied
20100131_024,2010-01-31,24,energy-management,written,1,,instruments-accessories,계측·부속장치,existing-slug,boiler-accessory-equipment,boiler-accessory-equipment,existing,pending-owner-activation,frontmatter 관계 활성화 승인 필요,automatic,high,proposal-only-not-applied
20100131_025,2010-01-31,25,energy-management,written,1,,safety-devices,안전장치·연소안전,existing-slug,boiler-protection-devices,boiler-protection-devices,existing,pending-owner-activation,frontmatter 관계 활성화 승인 필요,automatic,high,proposal-only-not-applied
20100131_026,2010-01-31,26,energy-management,written,1,,instruments-accessories,계측·부속장치,existing-slug,boiler-accessory-equipment,boiler-accessory-equipment,existing,pending-owner-activation,frontmatter 관계 활성화 승인 필요,automatic,high,proposal-only-not-applied
20100131_027,2010-01-31,27,energy-management,written,1,,environmental-pollution-control,집진·환경설비,split-candidate,boiler-accessory-equipment,environmental-pollution-control,proposal-not-created,pending-owner-activation,신규 slug Owner 승인 필요,automatic,high,proposal-only-not-applied
20100131_028,2010-01-31,28,energy-management,written,1,,boiler-types-construction,보일러 형식·구조·재료,split-candidate,boiler-operation-basics,boiler-types-construction,proposal-not-created,pending-owner-activation,신규 slug Owner 승인 필요,automatic,high,proposal-only-not-applied
20100131_029,2010-01-31,29,energy-management,written,1,,instruments-accessories,계측·부속장치,existing-slug,boiler-accessory-equipment,boiler-accessory-equipment,existing,pending-owner-activation,frontmatter 관계 활성화 승인 필요,automatic,high,proposal-only-not-applied
20100131_030,2010-01-31,30,energy-management,written,1,,operation-maintenance-preservation,기동·운전·정지·보존,existing-slug,boiler-operation-maintenance,boiler-operation-maintenance,existing,pending-owner-activation,frontmatter 관계 활성화 승인 필요,automatic,medium,proposal-only-not-applied
20100131_031,2010-01-31,31,energy-management,written,1,,heating-systems,증기·온수·복사난방,split-candidate,boiler-piping-insulation,heating-systems,proposal-not-created,pending-owner-activation,신규 slug Owner 승인 필요,automatic,high,proposal-only-not-applied
20100131_032,2010-01-31,32,energy-management,written,1,,water-treatment-corrosion,수질관리·스케일·부식,existing-slug,boiler-water-treatment,boiler-water-treatment,existing,pending-owner-activation,frontmatter 관계 활성화 승인 필요,automatic,high,proposal-only-not-applied
20100131_033,2010-01-31,33,energy-management,written,1,,heating-load-radiators,난방부하·방열기 계산,split-candidate,boiler-installation-combustion,heating-load-radiators,proposal-not-created,pending-owner-activation,신규 slug Owner 승인 필요,automatic,high,proposal-only-not-applied
20100131_034,2010-01-31,34,energy-management,written,1,,auxiliary-feedwater-equipment,급수·부대설비,existing-slug,boiler-auxiliary-equipment,boiler-auxiliary-equipment,existing,pending-owner-activation,frontmatter 관계 활성화 승인 필요,automatic,high,proposal-only-not-applied
20100131_035,2010-01-31,35,energy-management,written,1,,failures-accidents-safety,고장·사고·작업안전,existing-slug,boiler-work-safety,boiler-work-safety,existing,pending-owner-activation,frontmatter 관계 활성화 승인 필요,automatic,medium,proposal-only-not-applied
20100131_036,2010-01-31,36,energy-management,written,1,,heating-load-radiators,난방부하·방열기 계산,split-candidate,boiler-installation-combustion,heating-load-radiators,proposal-not-created,pending-owner-activation,신규 slug Owner 승인 필요,pdf-reviewed,low,proposal-only-not-applied
20100131_037,2010-01-31,37,energy-management,written,1,,operation-maintenance-preservation,기동·운전·정지·보존,existing-slug,boiler-operation-maintenance,boiler-operation-maintenance,existing,pending-owner-activation,frontmatter 관계 활성화 승인 필요,automatic,high,proposal-only-not-applied
20100131_038,2010-01-31,38,energy-management,written,1,,boiler-types-construction,보일러 형식·구조·재료,split-candidate,boiler-operation-basics,boiler-types-construction,proposal-not-created,pending-owner-activation,신규 slug Owner 승인 필요,automatic,high,proposal-only-not-applied
20100131_039,2010-01-31,39,energy-management,written,1,,instruments-accessories,계측·부속장치,existing-slug,boiler-accessory-equipment,boiler-accessory-equipment,existing,pending-owner-activation,frontmatter 관계 활성화 승인 필요,automatic,high,proposal-only-not-applied
20100131_040,2010-01-31,40,energy-management,written,1,,heating-systems,증기·온수·복사난방,split-candidate,boiler-piping-insulation,heating-systems,proposal-not-created,pending-owner-activation,신규 slug Owner 승인 필요,automatic,high,proposal-only-not-applied
20100131_041,2010-01-31,41,energy-management,written,1,,operation-maintenance-preservation,기동·운전·정지·보존,existing-slug,boiler-operation-maintenance,boiler-operation-maintenance,existing,pending-owner-activation,frontmatter 관계 활성화 승인 필요,automatic,high,proposal-only-not-applied
20100131_042,2010-01-31,42,energy-management,written,1,,safety-devices,안전장치·연소안전,existing-slug,boiler-protection-devices,boiler-protection-devices,existing,pending-owner-activation,frontmatter 관계 활성화 승인 필요,automatic,high,proposal-only-not-applied
20100131_043,2010-01-31,43,energy-management,written,1,,instruments-accessories,계측·부속장치,existing-slug,boiler-accessory-equipment,boiler-accessory-equipment,existing,pending-owner-activation,frontmatter 관계 활성화 승인 필요,automatic,high,proposal-only-not-applied
20100131_044,2010-01-31,44,energy-management,written,1,,safety-devices,안전장치·연소안전,existing-slug,boiler-protection-devices,boiler-protection-devices,existing,pending-owner-activation,frontmatter 관계 활성화 승인 필요,automatic,high,proposal-only-not-applied
20100131_045,2010-01-31,45,energy-management,written,1,,heating-systems,증기·온수·복사난방,split-candidate,boiler-piping-insulation,heating-systems,proposal-not-created,pending-owner-activation,신규 slug Owner 승인 필요,automatic,high,proposal-only-not-applied
20100131_046,2010-01-31,46,energy-management,written,1,,heating-systems,증기·온수·복사난방,split-candidate,boiler-piping-insulation,heating-systems,proposal-not-created,pending-owner-activation,신규 slug Owner 승인 필요,automatic,high,proposal-only-not-applied
20100131_047,2010-01-31,47,energy-management,written,1,,water-treatment-corrosion,수질관리·스케일·부식,existing-slug,boiler-water-treatment,boiler-water-treatment,existing,pending-owner-activation,frontmatter 관계 활성화 승인 필요,automatic,high,proposal-only-not-applied
20100131_048,2010-01-31,48,energy-management,written,1,,steam-traps-condensate,증기트랩·응축수 환수,split-candidate,boiler-piping-insulation,steam-traps-condensate,proposal-not-created,pending-owner-activation,신규 slug Owner 승인 필요,automatic,medium,proposal-only-not-applied
20100131_049,2010-01-31,49,energy-management,written,1,,efficiency-output-heat-balance,효율·증발량·열정산,existing-slug,boiler-efficiency-heat-balance,boiler-efficiency-heat-balance,existing,pending-owner-activation,frontmatter 관계 활성화 승인 필요,automatic,medium,proposal-only-not-applied
20100131_050,2010-01-31,50,energy-management,written,1,,safety-devices,안전장치·연소안전,existing-slug,boiler-protection-devices,boiler-protection-devices,existing,pending-owner-activation,frontmatter 관계 활성화 승인 필요,automatic,high,proposal-only-not-applied
20100131_051,2010-01-31,51,energy-management,written,1,,instruments-accessories,계측·부속장치,existing-slug,boiler-accessory-equipment,boiler-accessory-equipment,existing,pending-owner-activation,frontmatter 관계 활성화 승인 필요,automatic,high,proposal-only-not-applied
20100131_052,2010-01-31,52,energy-management,written,1,,boiler-types-construction,보일러 형식·구조·재료,split-candidate,boiler-operation-basics,boiler-types-construction,proposal-not-created,pending-owner-activation,신규 slug Owner 승인 필요,automatic,high,proposal-only-not-applied
20100131_053,2010-01-31,53,energy-management,written,1,,heating-systems,증기·온수·복사난방,split-candidate,boiler-piping-insulation,heating-systems,proposal-not-created,pending-owner-activation,신규 slug Owner 승인 필요,automatic,medium,proposal-only-not-applied
20100131_054,2010-01-31,54,energy-management,written,1,,heating-load-radiators,난방부하·방열기 계산,split-candidate,boiler-installation-combustion,heating-load-radiators,proposal-not-created,pending-owner-activation,신규 slug Owner 승인 필요,automatic,high,proposal-only-not-applied
20100131_055,2010-01-31,55,energy-management,written,1,,energy-laws-inspection,에너지 관계법규·검사,existing-slug,energy-laws-and-inspection,energy-laws-and-inspection,existing,pending-owner-activation,frontmatter 관계 활성화 승인 필요,automatic,high,proposal-only-not-applied
20100131_056,2010-01-31,56,energy-management,written,1,,energy-laws-inspection,에너지 관계법규·검사,existing-slug,energy-laws-and-inspection,energy-laws-and-inspection,existing,pending-owner-activation,frontmatter 관계 활성화 승인 필요,automatic,high,proposal-only-not-applied
20100131_057,2010-01-31,57,energy-management,written,1,,energy-laws-inspection,에너지 관계법규·검사,existing-slug,energy-laws-and-inspection,energy-laws-and-inspection,existing,pending-owner-activation,frontmatter 관계 활성화 승인 필요,automatic,high,proposal-only-not-applied
20100131_058,2010-01-31,58,energy-management,written,1,,energy-laws-inspection,에너지 관계법규·검사,existing-slug,energy-laws-and-inspection,energy-laws-and-inspection,existing,pending-owner-activation,frontmatter 관계 활성화 승인 필요,automatic,high,proposal-only-not-applied
20100131_059,2010-01-31,59,energy-management,written,1,,energy-laws-inspection,에너지 관계법규·검사,existing-slug,energy-laws-and-inspection,energy-laws-and-inspection,existing,pending-owner-activation,frontmatter 관계 활성화 승인 필요,automatic,high,proposal-only-not-applied
20100131_060,2010-01-31,60,energy-management,written,1,,energy-laws-inspection,에너지 관계법규·검사,existing-slug,energy-laws-and-inspection,energy-laws-and-inspection,existing,pending-owner-activation,frontmatter 관계 활성화 승인 필요,automatic,high,proposal-only-not-applied
20100328_001,2010-03-28,1,energy-management,written,1,,piping-fittings-valves,배관·이음쇠·밸브,existing-slug,boiler-piping-insulation,boiler-piping-insulation,existing,pending-owner-activation,frontmatter 관계 활성화 승인 필요,automatic,high,proposal-only-not-applied
20100328_002,2010-03-28,2,energy-management,written,1,,auxiliary-feedwater-equipment,급수·부대설비,existing-slug,boiler-auxiliary-equipment,boiler-auxiliary-equipment,existing,pending-owner-activation,frontmatter 관계 활성화 승인 필요,automatic,high,proposal-only-not-applied
20100328_003,2010-03-28,3,energy-management,written,1,,burners-furnaces-atomization,버너·화격자·연소장치,split-candidate,boiler-installation-combustion,burners-furnaces-atomization,proposal-not-created,pending-owner-activation,신규 slug Owner 승인 필요,automatic,medium,proposal-only-not-applied
20100328_004,2010-03-28,4,energy-management,written,1,,heat-steam-thermodynamics,열·증기·열역학 기초,existing-slug,boiler-operation-basics,boiler-operation-basics,existing,pending-owner-activation,frontmatter 관계 활성화 승인 필요,automatic,high,proposal-only-not-applied
20100328_005,2010-03-28,5,energy-management,written,1,,fuel-properties,연료 특성·발열량,split-candidate,boiler-installation-combustion,fuel-properties,proposal-not-created,pending-owner-activation,신규 slug Owner 승인 필요,automatic,high,proposal-only-not-applied
20100328_006,2010-03-28,6,energy-management,written,1,,efficiency-output-heat-balance,효율·증발량·열정산,existing-slug,boiler-efficiency-heat-balance,boiler-efficiency-heat-balance,existing,pending-owner-activation,frontmatter 관계 활성화 승인 필요,automatic,high,proposal-only-not-applied
20100328_007,2010-03-28,7,energy-management,written,1,,burners-furnaces-atomization,버너·화격자·연소장치,split-candidate,boiler-installation-combustion,burners-furnaces-atomization,proposal-not-created,pending-owner-activation,신규 slug Owner 승인 필요,pdf-reviewed,low,proposal-only-not-applied
20100328_008,2010-03-28,8,energy-management,written,1,,efficiency-output-heat-balance,효율·증발량·열정산,existing-slug,boiler-efficiency-heat-balance,boiler-efficiency-heat-balance,existing,pending-owner-activation,frontmatter 관계 활성화 승인 필요,automatic,high,proposal-only-not-applied
20100328_009,2010-03-28,9,energy-management,written,1,,environmental-pollution-control,집진·환경설비,split-candidate,boiler-accessory-equipment,environmental-pollution-control,proposal-not-created,pending-owner-activation,신규 slug Owner 승인 필요,automatic,high,proposal-only-not-applied
20100328_010,2010-03-28,10,energy-management,written,1,,fuel-properties,연료 특성·발열량,split-candidate,boiler-installation-combustion,fuel-properties,proposal-not-created,pending-owner-activation,신규 slug Owner 승인 필요,automatic,high,proposal-only-not-applied
20100328_011,2010-03-28,11,energy-management,written,1,,draft-flue-gas,통풍·연도·굴뚝,split-candidate,boiler-installation-combustion,draft-flue-gas,proposal-not-created,pending-owner-activation,신규 slug Owner 승인 필요,automatic,high,proposal-only-not-applied
20100328_012,2010-03-28,12,energy-management,written,1,,safety-devices,안전장치·연소안전,existing-slug,boiler-protection-devices,boiler-protection-devices,existing,pending-owner-activation,frontmatter 관계 활성화 승인 필요,automatic,high,proposal-only-not-applied
20100328_013,2010-03-28,13,energy-management,written,1,,efficiency-output-heat-balance,효율·증발량·열정산,existing-slug,boiler-efficiency-heat-balance,boiler-efficiency-heat-balance,existing,pending-owner-activation,frontmatter 관계 활성화 승인 필요,automatic,high,proposal-only-not-applied
20100328_014,2010-03-28,14,energy-management,written,1,,boiler-types-construction,보일러 형식·구조·재료,split-candidate,boiler-operation-basics,boiler-types-construction,proposal-not-created,pending-owner-activation,신규 slug Owner 승인 필요,automatic,medium,proposal-only-not-applied
20100328_015,2010-03-28,15,energy-management,written,1,,boiler-types-construction,보일러 형식·구조·재료,split-candidate,boiler-operation-basics,boiler-types-construction,proposal-not-created,pending-owner-activation,신규 slug Owner 승인 필요,automatic,high,proposal-only-not-applied
20100328_016,2010-03-28,16,energy-management,written,1,,efficiency-output-heat-balance,효율·증발량·열정산,existing-slug,boiler-efficiency-heat-balance,boiler-efficiency-heat-balance,existing,pending-owner-activation,frontmatter 관계 활성화 승인 필요,automatic,high,proposal-only-not-applied
20100328_017,2010-03-28,17,energy-management,written,1,,boiler-types-construction,보일러 형식·구조·재료,split-candidate,boiler-operation-basics,boiler-types-construction,proposal-not-created,pending-owner-activation,신규 slug Owner 승인 필요,automatic,high,proposal-only-not-applied
20100328_018,2010-03-28,18,energy-management,written,1,,automatic-control-interlocks,자동제어·인터록,existing-slug,boiler-control-systems,boiler-control-systems,existing,pending-owner-activation,frontmatter 관계 활성화 승인 필요,automatic,high,proposal-only-not-applied
20100328_019,2010-03-28,19,energy-management,written,1,,heat-steam-thermodynamics,열·증기·열역학 기초,existing-slug,boiler-operation-basics,boiler-operation-basics,existing,pending-owner-activation,frontmatter 관계 활성화 승인 필요,automatic,high,proposal-only-not-applied
20100328_020,2010-03-28,20,energy-management,written,1,,automatic-control-interlocks,자동제어·인터록,existing-slug,boiler-control-systems,boiler-control-systems,existing,pending-owner-activation,frontmatter 관계 활성화 승인 필요,automatic,medium,proposal-only-not-applied
20100328_021,2010-03-28,21,energy-management,written,1,,auxiliary-feedwater-equipment,급수·부대설비,existing-slug,boiler-auxiliary-equipment,boiler-auxiliary-equipment,existing,pending-owner-activation,frontmatter 관계 활성화 승인 필요,automatic,high,proposal-only-not-applied
20100328_022,2010-03-28,22,energy-management,written,1,,automatic-control-interlocks,자동제어·인터록,existing-slug,boiler-control-systems,boiler-control-systems,existing,pending-owner-activation,frontmatter 관계 활성화 승인 필요,automatic,high,proposal-only-not-applied
20100328_023,2010-03-28,23,energy-management,written,1,,combustion-air-calculation,연소·공기비·배기가스 계산,existing-slug,boiler-installation-combustion,boiler-installation-combustion,existing,pending-owner-activation,frontmatter 관계 활성화 승인 필요,automatic,high,proposal-only-not-applied
20100328_024,2010-03-28,24,energy-management,written,1,,fuel-properties,연료 특성·발열량,split-candidate,boiler-installation-combustion,fuel-properties,proposal-not-created,pending-owner-activation,신규 slug Owner 승인 필요,automatic,high,proposal-only-not-applied
20100328_025,2010-03-28,25,energy-management,written,1,,instruments-accessories,계측·부속장치,existing-slug,boiler-accessory-equipment,boiler-accessory-equipment,existing,pending-owner-activation,frontmatter 관계 활성화 승인 필요,automatic,high,proposal-only-not-applied
20100328_026,2010-03-28,26,energy-management,written,1,,efficiency-output-heat-balance,효율·증발량·열정산,existing-slug,boiler-efficiency-heat-balance,boiler-efficiency-heat-balance,existing,pending-owner-activation,frontmatter 관계 활성화 승인 필요,automatic,high,proposal-only-not-applied
20100328_027,2010-03-28,27,energy-management,written,1,,instruments-accessories,계측·부속장치,existing-slug,boiler-accessory-equipment,boiler-accessory-equipment,existing,pending-owner-activation,frontmatter 관계 활성화 승인 필요,automatic,high,proposal-only-not-applied
20100328_028,2010-03-28,28,energy-management,written,1,,heat-steam-thermodynamics,열·증기·열역학 기초,existing-slug,boiler-operation-basics,boiler-operation-basics,existing,pending-owner-activation,frontmatter 관계 활성화 승인 필요,automatic,medium,proposal-only-not-applied
20100328_029,2010-03-28,29,energy-management,written,1,,instruments-accessories,계측·부속장치,existing-slug,boiler-accessory-equipment,boiler-accessory-equipment,existing,pending-owner-activation,frontmatter 관계 활성화 승인 필요,automatic,medium,proposal-only-not-applied
20100328_030,2010-03-28,30,energy-management,written,1,,heating-systems,증기·온수·복사난방,split-candidate,boiler-piping-insulation,heating-systems,proposal-not-created,pending-owner-activation,신규 slug Owner 승인 필요,automatic,high,proposal-only-not-applied
20100328_031,2010-03-28,31,energy-management,written,1,,water-treatment-corrosion,수질관리·스케일·부식,existing-slug,boiler-water-treatment,boiler-water-treatment,existing,pending-owner-activation,frontmatter 관계 활성화 승인 필요,automatic,high,proposal-only-not-applied
20100328_032,2010-03-28,32,energy-management,written,1,,energy-laws-inspection,에너지 관계법규·검사,existing-slug,energy-laws-and-inspection,energy-laws-and-inspection,existing,pending-owner-activation,frontmatter 관계 활성화 승인 필요,automatic,high,proposal-only-not-applied
20100328_033,2010-03-28,33,energy-management,written,1,,instruments-accessories,계측·부속장치,existing-slug,boiler-accessory-equipment,boiler-accessory-equipment,existing,pending-owner-activation,frontmatter 관계 활성화 승인 필요,automatic,medium,proposal-only-not-applied
20100328_034,2010-03-28,34,energy-management,written,1,,failures-accidents-safety,고장·사고·작업안전,existing-slug,boiler-work-safety,boiler-work-safety,existing,pending-owner-activation,frontmatter 관계 활성화 승인 필요,automatic,high,proposal-only-not-applied
20100328_035,2010-03-28,35,energy-management,written,1,,operation-maintenance-preservation,기동·운전·정지·보존,existing-slug,boiler-operation-maintenance,boiler-operation-maintenance,existing,pending-owner-activation,frontmatter 관계 활성화 승인 필요,automatic,high,proposal-only-not-applied
20100328_036,2010-03-28,36,energy-management,written,1,,operation-maintenance-preservation,기동·운전·정지·보존,existing-slug,boiler-operation-maintenance,boiler-operation-maintenance,existing,pending-owner-activation,frontmatter 관계 활성화 승인 필요,automatic,high,proposal-only-not-applied
20100328_037,2010-03-28,37,energy-management,written,1,,heating-load-radiators,난방부하·방열기 계산,split-candidate,boiler-installation-combustion,heating-load-radiators,proposal-not-created,pending-owner-activation,신규 slug Owner 승인 필요,automatic,high,proposal-only-not-applied
20100328_038,2010-03-28,38,energy-management,written,1,,water-treatment-corrosion,수질관리·스케일·부식,existing-slug,boiler-water-treatment,boiler-water-treatment,existing,pending-owner-activation,frontmatter 관계 활성화 승인 필요,automatic,medium,proposal-only-not-applied
20100328_039,2010-03-28,39,energy-management,written,1,,heating-systems,증기·온수·복사난방,split-candidate,boiler-piping-insulation,heating-systems,proposal-not-created,pending-owner-activation,신규 slug Owner 승인 필요,automatic,high,proposal-only-not-applied
20100328_040,2010-03-28,40,energy-management,written,1,,heating-load-radiators,난방부하·방열기 계산,split-candidate,boiler-installation-combustion,heating-load-radiators,proposal-not-created,pending-owner-activation,신규 slug Owner 승인 필요,automatic,high,proposal-only-not-applied
20100328_041,2010-03-28,41,energy-management,written,1,,instruments-accessories,계측·부속장치,existing-slug,boiler-accessory-equipment,boiler-accessory-equipment,existing,pending-owner-activation,frontmatter 관계 활성화 승인 필요,automatic,medium,proposal-only-not-applied
20100328_042,2010-03-28,42,energy-management,written,1,,heating-systems,증기·온수·복사난방,split-candidate,boiler-piping-insulation,heating-systems,proposal-not-created,pending-owner-activation,신규 slug Owner 승인 필요,automatic,high,proposal-only-not-applied
20100328_043,2010-03-28,43,energy-management,written,1,,insulation-materials,보온·단열재,split-candidate,boiler-piping-insulation,insulation-materials,proposal-not-created,pending-owner-activation,신규 slug Owner 승인 필요,automatic,high,proposal-only-not-applied
20100328_044,2010-03-28,44,energy-management,written,1,,operation-maintenance-preservation,기동·운전·정지·보존,existing-slug,boiler-operation-maintenance,boiler-operation-maintenance,existing,pending-owner-activation,frontmatter 관계 활성화 승인 필요,automatic,high,proposal-only-not-applied
20100328_045,2010-03-28,45,energy-management,written,1,,operation-maintenance-preservation,기동·운전·정지·보존,existing-slug,boiler-operation-maintenance,boiler-operation-maintenance,existing,pending-owner-activation,frontmatter 관계 활성화 승인 필요,automatic,high,proposal-only-not-applied
20100328_046,2010-03-28,46,energy-management,written,1,,draft-flue-gas,통풍·연도·굴뚝,split-candidate,boiler-installation-combustion,draft-flue-gas,proposal-not-created,pending-owner-activation,신규 slug Owner 승인 필요,automatic,high,proposal-only-not-applied
20100328_047,2010-03-28,47,energy-management,written,1,,steam-traps-condensate,증기트랩·응축수 환수,split-candidate,boiler-piping-insulation,steam-traps-condensate,proposal-not-created,pending-owner-activation,신규 slug Owner 승인 필요,automatic,medium,proposal-only-not-applied
20100328_048,2010-03-28,48,energy-management,written,1,,environmental-pollution-control,집진·환경설비,split-candidate,boiler-accessory-equipment,environmental-pollution-control,proposal-not-created,pending-owner-activation,신규 slug Owner 승인 필요,automatic,medium,proposal-only-not-applied
20100328_049,2010-03-28,49,energy-management,written,1,,safety-devices,안전장치·연소안전,existing-slug,boiler-protection-devices,boiler-protection-devices,existing,pending-owner-activation,frontmatter 관계 활성화 승인 필요,automatic,high,proposal-only-not-applied
20100328_050,2010-03-28,50,energy-management,written,1,,water-treatment-corrosion,수질관리·스케일·부식,existing-slug,boiler-water-treatment,boiler-water-treatment,existing,pending-owner-activation,frontmatter 관계 활성화 승인 필요,automatic,high,proposal-only-not-applied
20100328_051,2010-03-28,51,energy-management,written,1,,piping-fittings-valves,배관·이음쇠·밸브,existing-slug,boiler-piping-insulation,boiler-piping-insulation,existing,pending-owner-activation,frontmatter 관계 활성화 승인 필요,automatic,high,proposal-only-not-applied
20100328_052,2010-03-28,52,energy-management,written,1,,safety-devices,안전장치·연소안전,existing-slug,boiler-protection-devices,boiler-protection-devices,existing,pending-owner-activation,frontmatter 관계 활성화 승인 필요,pdf-reviewed,low,proposal-only-not-applied
20100328_053,2010-03-28,53,energy-management,written,1,,energy-laws-inspection,에너지 관계법규·검사,existing-slug,energy-laws-and-inspection,energy-laws-and-inspection,existing,pending-owner-activation,frontmatter 관계 활성화 승인 필요,automatic,high,proposal-only-not-applied
20100328_054,2010-03-28,54,energy-management,written,1,,water-treatment-corrosion,수질관리·스케일·부식,existing-slug,boiler-water-treatment,boiler-water-treatment,existing,pending-owner-activation,frontmatter 관계 활성화 승인 필요,automatic,high,proposal-only-not-applied
20100328_055,2010-03-28,55,energy-management,written,1,,energy-laws-inspection,에너지 관계법규·검사,existing-slug,energy-laws-and-inspection,energy-laws-and-inspection,existing,pending-owner-activation,frontmatter 관계 활성화 승인 필요,automatic,high,proposal-only-not-applied
20100328_056,2010-03-28,56,energy-management,written,1,,energy-laws-inspection,에너지 관계법규·검사,existing-slug,energy-laws-and-inspection,energy-laws-and-inspection,existing,pending-owner-activation,frontmatter 관계 활성화 승인 필요,automatic,high,proposal-only-not-applied
20100328_057,2010-03-28,57,energy-management,written,1,,energy-laws-inspection,에너지 관계법규·검사,existing-slug,energy-laws-and-inspection,energy-laws-and-inspection,existing,pending-owner-activation,frontmatter 관계 활성화 승인 필요,automatic,high,proposal-only-not-applied
20100328_058,2010-03-28,58,energy-management,written,1,,energy-laws-inspection,에너지 관계법규·검사,existing-slug,energy-laws-and-inspection,energy-laws-and-inspection,existing,pending-owner-activation,frontmatter 관계 활성화 승인 필요,automatic,high,proposal-only-not-applied
20100328_059,2010-03-28,59,energy-management,written,1,,energy-laws-inspection,에너지 관계법규·검사,existing-slug,energy-laws-and-inspection,energy-laws-and-inspection,existing,pending-owner-activation,frontmatter 관계 활성화 승인 필요,automatic,high,proposal-only-not-applied
20100328_060,2010-03-28,60,energy-management,written,1,,energy-laws-inspection,에너지 관계법규·검사,existing-slug,energy-laws-and-inspection,energy-laws-and-inspection,existing,pending-owner-activation,frontmatter 관계 활성화 승인 필요,automatic,high,proposal-only-not-applied
20100711_001,2010-07-11,1,energy-management,written,1,,water-treatment-corrosion,수질관리·스케일·부식,existing-slug,boiler-water-treatment,boiler-water-treatment,existing,pending-owner-activation,frontmatter 관계 활성화 승인 필요,automatic,high,proposal-only-not-applied
20100711_002,2010-07-11,2,energy-management,written,1,,boiler-types-construction,보일러 형식·구조·재료,split-candidate,boiler-operation-basics,boiler-types-construction,proposal-not-created,pending-owner-activation,신규 slug Owner 승인 필요,automatic,high,proposal-only-not-applied
20100711_003,2010-07-11,3,energy-management,written,1,,boiler-types-construction,보일러 형식·구조·재료,split-candidate,boiler-operation-basics,boiler-types-construction,proposal-not-created,pending-owner-activation,신규 slug Owner 승인 필요,automatic,high,proposal-only-not-applied
20100711_004,2010-07-11,4,energy-management,written,1,,automatic-control-interlocks,자동제어·인터록,existing-slug,boiler-control-systems,boiler-control-systems,existing,pending-owner-activation,frontmatter 관계 활성화 승인 필요,automatic,high,proposal-only-not-applied
20100711_005,2010-07-11,5,energy-management,written,1,,boiler-types-construction,보일러 형식·구조·재료,split-candidate,boiler-operation-basics,boiler-types-construction,proposal-not-created,pending-owner-activation,신규 slug Owner 승인 필요,automatic,high,proposal-only-not-applied
20100711_006,2010-07-11,6,energy-management,written,1,,efficiency-output-heat-balance,효율·증발량·열정산,existing-slug,boiler-efficiency-heat-balance,boiler-efficiency-heat-balance,existing,pending-owner-activation,frontmatter 관계 활성화 승인 필요,pdf-reviewed,low,proposal-only-not-applied
20100711_007,2010-07-11,7,energy-management,written,1,,fuel-properties,연료 특성·발열량,split-candidate,boiler-installation-combustion,fuel-properties,proposal-not-created,pending-owner-activation,신규 slug Owner 승인 필요,automatic,high,proposal-only-not-applied
20100711_008,2010-07-11,8,energy-management,written,1,,heat-steam-thermodynamics,열·증기·열역학 기초,existing-slug,boiler-operation-basics,boiler-operation-basics,existing,pending-owner-activation,frontmatter 관계 활성화 승인 필요,automatic,high,proposal-only-not-applied
20100711_009,2010-07-11,9,energy-management,written,1,,auxiliary-feedwater-equipment,급수·부대설비,existing-slug,boiler-auxiliary-equipment,boiler-auxiliary-equipment,existing,pending-owner-activation,frontmatter 관계 활성화 승인 필요,automatic,high,proposal-only-not-applied
20100711_010,2010-07-11,10,energy-management,written,1,,environmental-pollution-control,집진·환경설비,split-candidate,boiler-accessory-equipment,environmental-pollution-control,proposal-not-created,pending-owner-activation,신규 slug Owner 승인 필요,automatic,high,proposal-only-not-applied
20100711_011,2010-07-11,11,energy-management,written,1,,combustion-air-calculation,연소·공기비·배기가스 계산,existing-slug,boiler-installation-combustion,boiler-installation-combustion,existing,pending-owner-activation,frontmatter 관계 활성화 승인 필요,automatic,high,proposal-only-not-applied
20100711_012,2010-07-11,12,energy-management,written,1,,combustion-air-calculation,연소·공기비·배기가스 계산,existing-slug,boiler-installation-combustion,boiler-installation-combustion,existing,pending-owner-activation,frontmatter 관계 활성화 승인 필요,automatic,high,proposal-only-not-applied
20100711_013,2010-07-11,13,energy-management,written,1,,boiler-types-construction,보일러 형식·구조·재료,split-candidate,boiler-operation-basics,boiler-types-construction,proposal-not-created,pending-owner-activation,신규 slug Owner 승인 필요,automatic,medium,proposal-only-not-applied
20100711_014,2010-07-11,14,energy-management,written,1,,burners-furnaces-atomization,버너·화격자·연소장치,split-candidate,boiler-installation-combustion,burners-furnaces-atomization,proposal-not-created,pending-owner-activation,신규 slug Owner 승인 필요,automatic,high,proposal-only-not-applied
20100711_015,2010-07-11,15,energy-management,written,1,,fuel-properties,연료 특성·발열량,split-candidate,boiler-installation-combustion,fuel-properties,proposal-not-created,pending-owner-activation,신규 slug Owner 승인 필요,automatic,high,proposal-only-not-applied
20100711_016,2010-07-11,16,energy-management,written,1,,piping-fittings-valves,배관·이음쇠·밸브,existing-slug,boiler-piping-insulation,boiler-piping-insulation,existing,pending-owner-activation,frontmatter 관계 활성화 승인 필요,automatic,high,proposal-only-not-applied
20100711_017,2010-07-11,17,energy-management,written,1,,heat-steam-thermodynamics,열·증기·열역학 기초,existing-slug,boiler-operation-basics,boiler-operation-basics,existing,pending-owner-activation,frontmatter 관계 활성화 승인 필요,automatic,high,proposal-only-not-applied
20100711_018,2010-07-11,18,energy-management,written,1,,automatic-control-interlocks,자동제어·인터록,existing-slug,boiler-control-systems,boiler-control-systems,existing,pending-owner-activation,frontmatter 관계 활성화 승인 필요,automatic,high,proposal-only-not-applied
20100711_019,2010-07-11,19,energy-management,written,1,,combustion-air-calculation,연소·공기비·배기가스 계산,existing-slug,boiler-installation-combustion,boiler-installation-combustion,existing,pending-owner-activation,frontmatter 관계 활성화 승인 필요,automatic,high,proposal-only-not-applied
20100711_020,2010-07-11,20,energy-management,written,1,,heat-steam-thermodynamics,열·증기·열역학 기초,existing-slug,boiler-operation-basics,boiler-operation-basics,existing,pending-owner-activation,frontmatter 관계 활성화 승인 필요,automatic,high,proposal-only-not-applied
20100711_021,2010-07-11,21,energy-management,written,1,,efficiency-output-heat-balance,효율·증발량·열정산,existing-slug,boiler-efficiency-heat-balance,boiler-efficiency-heat-balance,existing,pending-owner-activation,frontmatter 관계 활성화 승인 필요,automatic,high,proposal-only-not-applied
20100711_022,2010-07-11,22,energy-management,written,1,,heat-steam-thermodynamics,열·증기·열역학 기초,existing-slug,boiler-operation-basics,boiler-operation-basics,existing,pending-owner-activation,frontmatter 관계 활성화 승인 필요,automatic,high,proposal-only-not-applied
20100711_023,2010-07-11,23,energy-management,written,1,,draft-flue-gas,통풍·연도·굴뚝,split-candidate,boiler-installation-combustion,draft-flue-gas,proposal-not-created,pending-owner-activation,신규 slug Owner 승인 필요,automatic,high,proposal-only-not-applied
20100711_024,2010-07-11,24,energy-management,written,1,,efficiency-output-heat-balance,효율·증발량·열정산,existing-slug,boiler-efficiency-heat-balance,boiler-efficiency-heat-balance,existing,pending-owner-activation,frontmatter 관계 활성화 승인 필요,automatic,high,proposal-only-not-applied
20100711_025,2010-07-11,25,energy-management,written,1,,efficiency-output-heat-balance,효율·증발량·열정산,existing-slug,boiler-efficiency-heat-balance,boiler-efficiency-heat-balance,existing,pending-owner-activation,frontmatter 관계 활성화 승인 필요,automatic,medium,proposal-only-not-applied
20100711_026,2010-07-11,26,energy-management,written,1,,heat-steam-thermodynamics,열·증기·열역학 기초,existing-slug,boiler-operation-basics,boiler-operation-basics,existing,pending-owner-activation,frontmatter 관계 활성화 승인 필요,automatic,high,proposal-only-not-applied
20100711_027,2010-07-11,27,energy-management,written,1,,instruments-accessories,계측·부속장치,existing-slug,boiler-accessory-equipment,boiler-accessory-equipment,existing,pending-owner-activation,frontmatter 관계 활성화 승인 필요,automatic,medium,proposal-only-not-applied
20100711_028,2010-07-11,28,energy-management,written,1,,burners-furnaces-atomization,버너·화격자·연소장치,split-candidate,boiler-installation-combustion,burners-furnaces-atomization,proposal-not-created,pending-owner-activation,신규 slug Owner 승인 필요,automatic,high,proposal-only-not-applied
20100711_029,2010-07-11,29,energy-management,written,1,,automatic-control-interlocks,자동제어·인터록,existing-slug,boiler-control-systems,boiler-control-systems,existing,pending-owner-activation,frontmatter 관계 활성화 승인 필요,automatic,high,proposal-only-not-applied
20100711_030,2010-07-11,30,energy-management,written,1,,energy-laws-inspection,에너지 관계법규·검사,existing-slug,energy-laws-and-inspection,energy-laws-and-inspection,existing,pending-owner-activation,frontmatter 관계 활성화 승인 필요,automatic,high,proposal-only-not-applied
20100711_031,2010-07-11,31,energy-management,written,1,,piping-fittings-valves,배관·이음쇠·밸브,existing-slug,boiler-piping-insulation,boiler-piping-insulation,existing,pending-owner-activation,frontmatter 관계 활성화 승인 필요,automatic,high,proposal-only-not-applied
20100711_032,2010-07-11,32,energy-management,written,1,,steam-traps-condensate,증기트랩·응축수 환수,split-candidate,boiler-piping-insulation,steam-traps-condensate,proposal-not-created,pending-owner-activation,신규 slug Owner 승인 필요,automatic,high,proposal-only-not-applied
20100711_033,2010-07-11,33,energy-management,written,1,,heating-systems,증기·온수·복사난방,split-candidate,boiler-piping-insulation,heating-systems,proposal-not-created,pending-owner-activation,신규 slug Owner 승인 필요,automatic,high,proposal-only-not-applied
20100711_034,2010-07-11,34,energy-management,written,1,,safety-devices,안전장치·연소안전,existing-slug,boiler-protection-devices,boiler-protection-devices,existing,pending-owner-activation,frontmatter 관계 활성화 승인 필요,automatic,high,proposal-only-not-applied
20100711_035,2010-07-11,35,energy-management,written,1,,water-treatment-corrosion,수질관리·스케일·부식,existing-slug,boiler-water-treatment,boiler-water-treatment,existing,pending-owner-activation,frontmatter 관계 활성화 승인 필요,automatic,medium,proposal-only-not-applied
20100711_036,2010-07-11,36,energy-management,written,1,,efficiency-output-heat-balance,효율·증발량·열정산,existing-slug,boiler-efficiency-heat-balance,boiler-efficiency-heat-balance,existing,pending-owner-activation,frontmatter 관계 활성화 승인 필요,automatic,high,proposal-only-not-applied
20100711_037,2010-07-11,37,energy-management,written,1,,heating-load-radiators,난방부하·방열기 계산,split-candidate,boiler-installation-combustion,heating-load-radiators,proposal-not-created,pending-owner-activation,신규 slug Owner 승인 필요,automatic,high,proposal-only-not-applied
20100711_038,2010-07-11,38,energy-management,written,1,,energy-laws-inspection,에너지 관계법규·검사,existing-slug,energy-laws-and-inspection,energy-laws-and-inspection,existing,pending-owner-activation,frontmatter 관계 활성화 승인 필요,automatic,high,proposal-only-not-applied
20100711_039,2010-07-11,39,energy-management,written,1,,safety-devices,안전장치·연소안전,existing-slug,boiler-protection-devices,boiler-protection-devices,existing,pending-owner-activation,frontmatter 관계 활성화 승인 필요,automatic,medium,proposal-only-not-applied
20100711_040,2010-07-11,40,energy-management,written,1,,operation-maintenance-preservation,기동·운전·정지·보존,existing-slug,boiler-operation-maintenance,boiler-operation-maintenance,existing,pending-owner-activation,frontmatter 관계 활성화 승인 필요,automatic,high,proposal-only-not-applied
20100711_041,2010-07-11,41,energy-management,written,1,,heating-load-radiators,난방부하·방열기 계산,split-candidate,boiler-installation-combustion,heating-load-radiators,proposal-not-created,pending-owner-activation,신규 slug Owner 승인 필요,automatic,high,proposal-only-not-applied
20100711_042,2010-07-11,42,energy-management,written,1,,heating-systems,증기·온수·복사난방,split-candidate,boiler-piping-insulation,heating-systems,proposal-not-created,pending-owner-activation,신규 slug Owner 승인 필요,automatic,high,proposal-only-not-applied
20100711_043,2010-07-11,43,energy-management,written,1,,water-treatment-corrosion,수질관리·스케일·부식,existing-slug,boiler-water-treatment,boiler-water-treatment,existing,pending-owner-activation,frontmatter 관계 활성화 승인 필요,automatic,high,proposal-only-not-applied
20100711_044,2010-07-11,44,energy-management,written,1,,draft-flue-gas,통풍·연도·굴뚝,split-candidate,boiler-installation-combustion,draft-flue-gas,proposal-not-created,pending-owner-activation,신규 slug Owner 승인 필요,automatic,high,proposal-only-not-applied
20100711_045,2010-07-11,45,energy-management,written,1,,heating-systems,증기·온수·복사난방,split-candidate,boiler-piping-insulation,heating-systems,proposal-not-created,pending-owner-activation,신규 slug Owner 승인 필요,pdf-reviewed,low,proposal-only-not-applied
20100711_046,2010-07-11,46,energy-management,written,1,,water-treatment-corrosion,수질관리·스케일·부식,existing-slug,boiler-water-treatment,boiler-water-treatment,existing,pending-owner-activation,frontmatter 관계 활성화 승인 필요,automatic,high,proposal-only-not-applied
20100711_047,2010-07-11,47,energy-management,written,1,,instruments-accessories,계측·부속장치,existing-slug,boiler-accessory-equipment,boiler-accessory-equipment,existing,pending-owner-activation,frontmatter 관계 활성화 승인 필요,automatic,high,proposal-only-not-applied
20100711_048,2010-07-11,48,energy-management,written,1,,boiler-types-construction,보일러 형식·구조·재료,split-candidate,boiler-operation-basics,boiler-types-construction,proposal-not-created,pending-owner-activation,신규 slug Owner 승인 필요,automatic,high,proposal-only-not-applied
20100711_049,2010-07-11,49,energy-management,written,1,,heat-steam-thermodynamics,열·증기·열역학 기초,existing-slug,boiler-operation-basics,boiler-operation-basics,existing,pending-owner-activation,frontmatter 관계 활성화 승인 필요,automatic,high,proposal-only-not-applied
20100711_050,2010-07-11,50,energy-management,written,1,,burners-furnaces-atomization,버너·화격자·연소장치,split-candidate,boiler-installation-combustion,burners-furnaces-atomization,proposal-not-created,pending-owner-activation,신규 slug Owner 승인 필요,automatic,high,proposal-only-not-applied
20100711_051,2010-07-11,51,energy-management,written,1,,heating-systems,증기·온수·복사난방,split-candidate,boiler-piping-insulation,heating-systems,proposal-not-created,pending-owner-activation,신규 slug Owner 승인 필요,automatic,high,proposal-only-not-applied
20100711_052,2010-07-11,52,energy-management,written,1,,water-treatment-corrosion,수질관리·스케일·부식,existing-slug,boiler-water-treatment,boiler-water-treatment,existing,pending-owner-activation,frontmatter 관계 활성화 승인 필요,automatic,high,proposal-only-not-applied
20100711_053,2010-07-11,53,energy-management,written,1,,efficiency-output-heat-balance,효율·증발량·열정산,existing-slug,boiler-efficiency-heat-balance,boiler-efficiency-heat-balance,existing,pending-owner-activation,frontmatter 관계 활성화 승인 필요,automatic,high,proposal-only-not-applied
20100711_054,2010-07-11,54,energy-management,written,1,,piping-fittings-valves,배관·이음쇠·밸브,existing-slug,boiler-piping-insulation,boiler-piping-insulation,existing,pending-owner-activation,frontmatter 관계 활성화 승인 필요,automatic,medium,proposal-only-not-applied
20100711_055,2010-07-11,55,energy-management,written,1,,energy-laws-inspection,에너지 관계법규·검사,existing-slug,energy-laws-and-inspection,energy-laws-and-inspection,existing,pending-owner-activation,frontmatter 관계 활성화 승인 필요,automatic,high,proposal-only-not-applied
20100711_056,2010-07-11,56,energy-management,written,1,,energy-laws-inspection,에너지 관계법규·검사,existing-slug,energy-laws-and-inspection,energy-laws-and-inspection,existing,pending-owner-activation,frontmatter 관계 활성화 승인 필요,automatic,high,proposal-only-not-applied
20100711_057,2010-07-11,57,energy-management,written,1,,energy-laws-inspection,에너지 관계법규·검사,existing-slug,energy-laws-and-inspection,energy-laws-and-inspection,existing,pending-owner-activation,frontmatter 관계 활성화 승인 필요,automatic,high,proposal-only-not-applied
20100711_058,2010-07-11,58,energy-management,written,1,,energy-laws-inspection,에너지 관계법규·검사,existing-slug,energy-laws-and-inspection,energy-laws-and-inspection,existing,pending-owner-activation,frontmatter 관계 활성화 승인 필요,automatic,high,proposal-only-not-applied
20100711_059,2010-07-11,59,energy-management,written,1,,energy-laws-inspection,에너지 관계법규·검사,existing-slug,energy-laws-and-inspection,energy-laws-and-inspection,existing,pending-owner-activation,frontmatter 관계 활성화 승인 필요,automatic,high,proposal-only-not-applied
20100711_060,2010-07-11,60,energy-management,written,1,,energy-laws-inspection,에너지 관계법규·검사,existing-slug,energy-laws-and-inspection,energy-laws-and-inspection,existing,pending-owner-activation,frontmatter 관계 활성화 승인 필요,automatic,high,proposal-only-not-applied
20101003_001,2010-10-03,1,energy-management,written,1,,water-treatment-corrosion,수질관리·스케일·부식,existing-slug,boiler-water-treatment,boiler-water-treatment,existing,pending-owner-activation,frontmatter 관계 활성화 승인 필요,automatic,high,proposal-only-not-applied
20101003_002,2010-10-03,2,energy-management,written,1,,boiler-types-construction,보일러 형식·구조·재료,split-candidate,boiler-operation-basics,boiler-types-construction,proposal-not-created,pending-owner-activation,신규 slug Owner 승인 필요,automatic,high,proposal-only-not-applied
20101003_003,2010-10-03,3,energy-management,written,1,,boiler-types-construction,보일러 형식·구조·재료,split-candidate,boiler-operation-basics,boiler-types-construction,proposal-not-created,pending-owner-activation,신규 slug Owner 승인 필요,automatic,high,proposal-only-not-applied
20101003_004,2010-10-03,4,energy-management,written,1,,automatic-control-interlocks,자동제어·인터록,existing-slug,boiler-control-systems,boiler-control-systems,existing,pending-owner-activation,frontmatter 관계 활성화 승인 필요,automatic,high,proposal-only-not-applied
20101003_005,2010-10-03,5,energy-management,written,1,,boiler-types-construction,보일러 형식·구조·재료,split-candidate,boiler-operation-basics,boiler-types-construction,proposal-not-created,pending-owner-activation,신규 slug Owner 승인 필요,automatic,high,proposal-only-not-applied
20101003_006,2010-10-03,6,energy-management,written,1,,efficiency-output-heat-balance,효율·증발량·열정산,existing-slug,boiler-efficiency-heat-balance,boiler-efficiency-heat-balance,existing,pending-owner-activation,frontmatter 관계 활성화 승인 필요,pdf-reviewed,low,proposal-only-not-applied
20101003_007,2010-10-03,7,energy-management,written,1,,fuel-properties,연료 특성·발열량,split-candidate,boiler-installation-combustion,fuel-properties,proposal-not-created,pending-owner-activation,신규 slug Owner 승인 필요,automatic,high,proposal-only-not-applied
20101003_008,2010-10-03,8,energy-management,written,1,,heat-steam-thermodynamics,열·증기·열역학 기초,existing-slug,boiler-operation-basics,boiler-operation-basics,existing,pending-owner-activation,frontmatter 관계 활성화 승인 필요,automatic,high,proposal-only-not-applied
20101003_009,2010-10-03,9,energy-management,written,1,,auxiliary-feedwater-equipment,급수·부대설비,existing-slug,boiler-auxiliary-equipment,boiler-auxiliary-equipment,existing,pending-owner-activation,frontmatter 관계 활성화 승인 필요,automatic,high,proposal-only-not-applied
20101003_010,2010-10-03,10,energy-management,written,1,,environmental-pollution-control,집진·환경설비,split-candidate,boiler-accessory-equipment,environmental-pollution-control,proposal-not-created,pending-owner-activation,신규 slug Owner 승인 필요,automatic,high,proposal-only-not-applied
20101003_011,2010-10-03,11,energy-management,written,1,,combustion-air-calculation,연소·공기비·배기가스 계산,existing-slug,boiler-installation-combustion,boiler-installation-combustion,existing,pending-owner-activation,frontmatter 관계 활성화 승인 필요,automatic,high,proposal-only-not-applied
20101003_012,2010-10-03,12,energy-management,written,1,,combustion-air-calculation,연소·공기비·배기가스 계산,existing-slug,boiler-installation-combustion,boiler-installation-combustion,existing,pending-owner-activation,frontmatter 관계 활성화 승인 필요,automatic,high,proposal-only-not-applied
20101003_013,2010-10-03,13,energy-management,written,1,,boiler-types-construction,보일러 형식·구조·재료,split-candidate,boiler-operation-basics,boiler-types-construction,proposal-not-created,pending-owner-activation,신규 slug Owner 승인 필요,automatic,medium,proposal-only-not-applied
20101003_014,2010-10-03,14,energy-management,written,1,,burners-furnaces-atomization,버너·화격자·연소장치,split-candidate,boiler-installation-combustion,burners-furnaces-atomization,proposal-not-created,pending-owner-activation,신규 slug Owner 승인 필요,automatic,high,proposal-only-not-applied
20101003_015,2010-10-03,15,energy-management,written,1,,fuel-properties,연료 특성·발열량,split-candidate,boiler-installation-combustion,fuel-properties,proposal-not-created,pending-owner-activation,신규 slug Owner 승인 필요,automatic,high,proposal-only-not-applied
20101003_016,2010-10-03,16,energy-management,written,1,,piping-fittings-valves,배관·이음쇠·밸브,existing-slug,boiler-piping-insulation,boiler-piping-insulation,existing,pending-owner-activation,frontmatter 관계 활성화 승인 필요,automatic,high,proposal-only-not-applied
20101003_017,2010-10-03,17,energy-management,written,1,,heat-steam-thermodynamics,열·증기·열역학 기초,existing-slug,boiler-operation-basics,boiler-operation-basics,existing,pending-owner-activation,frontmatter 관계 활성화 승인 필요,automatic,high,proposal-only-not-applied
20101003_018,2010-10-03,18,energy-management,written,1,,automatic-control-interlocks,자동제어·인터록,existing-slug,boiler-control-systems,boiler-control-systems,existing,pending-owner-activation,frontmatter 관계 활성화 승인 필요,automatic,high,proposal-only-not-applied
20101003_019,2010-10-03,19,energy-management,written,1,,combustion-air-calculation,연소·공기비·배기가스 계산,existing-slug,boiler-installation-combustion,boiler-installation-combustion,existing,pending-owner-activation,frontmatter 관계 활성화 승인 필요,automatic,high,proposal-only-not-applied
20101003_020,2010-10-03,20,energy-management,written,1,,heat-steam-thermodynamics,열·증기·열역학 기초,existing-slug,boiler-operation-basics,boiler-operation-basics,existing,pending-owner-activation,frontmatter 관계 활성화 승인 필요,automatic,high,proposal-only-not-applied
20101003_021,2010-10-03,21,energy-management,written,1,,efficiency-output-heat-balance,효율·증발량·열정산,existing-slug,boiler-efficiency-heat-balance,boiler-efficiency-heat-balance,existing,pending-owner-activation,frontmatter 관계 활성화 승인 필요,automatic,high,proposal-only-not-applied
20101003_022,2010-10-03,22,energy-management,written,1,,heat-steam-thermodynamics,열·증기·열역학 기초,existing-slug,boiler-operation-basics,boiler-operation-basics,existing,pending-owner-activation,frontmatter 관계 활성화 승인 필요,automatic,high,proposal-only-not-applied
20101003_023,2010-10-03,23,energy-management,written,1,,draft-flue-gas,통풍·연도·굴뚝,split-candidate,boiler-installation-combustion,draft-flue-gas,proposal-not-created,pending-owner-activation,신규 slug Owner 승인 필요,automatic,high,proposal-only-not-applied
20101003_024,2010-10-03,24,energy-management,written,1,,efficiency-output-heat-balance,효율·증발량·열정산,existing-slug,boiler-efficiency-heat-balance,boiler-efficiency-heat-balance,existing,pending-owner-activation,frontmatter 관계 활성화 승인 필요,automatic,high,proposal-only-not-applied
20101003_025,2010-10-03,25,energy-management,written,1,,efficiency-output-heat-balance,효율·증발량·열정산,existing-slug,boiler-efficiency-heat-balance,boiler-efficiency-heat-balance,existing,pending-owner-activation,frontmatter 관계 활성화 승인 필요,automatic,medium,proposal-only-not-applied
20101003_026,2010-10-03,26,energy-management,written,1,,heat-steam-thermodynamics,열·증기·열역학 기초,existing-slug,boiler-operation-basics,boiler-operation-basics,existing,pending-owner-activation,frontmatter 관계 활성화 승인 필요,automatic,high,proposal-only-not-applied
20101003_027,2010-10-03,27,energy-management,written,1,,instruments-accessories,계측·부속장치,existing-slug,boiler-accessory-equipment,boiler-accessory-equipment,existing,pending-owner-activation,frontmatter 관계 활성화 승인 필요,automatic,medium,proposal-only-not-applied
20101003_028,2010-10-03,28,energy-management,written,1,,burners-furnaces-atomization,버너·화격자·연소장치,split-candidate,boiler-installation-combustion,burners-furnaces-atomization,proposal-not-created,pending-owner-activation,신규 slug Owner 승인 필요,automatic,high,proposal-only-not-applied
20101003_029,2010-10-03,29,energy-management,written,1,,automatic-control-interlocks,자동제어·인터록,existing-slug,boiler-control-systems,boiler-control-systems,existing,pending-owner-activation,frontmatter 관계 활성화 승인 필요,automatic,high,proposal-only-not-applied
20101003_030,2010-10-03,30,energy-management,written,1,,energy-laws-inspection,에너지 관계법규·검사,existing-slug,energy-laws-and-inspection,energy-laws-and-inspection,existing,pending-owner-activation,frontmatter 관계 활성화 승인 필요,automatic,high,proposal-only-not-applied
20101003_031,2010-10-03,31,energy-management,written,1,,piping-fittings-valves,배관·이음쇠·밸브,existing-slug,boiler-piping-insulation,boiler-piping-insulation,existing,pending-owner-activation,frontmatter 관계 활성화 승인 필요,automatic,high,proposal-only-not-applied
20101003_032,2010-10-03,32,energy-management,written,1,,steam-traps-condensate,증기트랩·응축수 환수,split-candidate,boiler-piping-insulation,steam-traps-condensate,proposal-not-created,pending-owner-activation,신규 slug Owner 승인 필요,automatic,high,proposal-only-not-applied
20101003_033,2010-10-03,33,energy-management,written,1,,heating-systems,증기·온수·복사난방,split-candidate,boiler-piping-insulation,heating-systems,proposal-not-created,pending-owner-activation,신규 slug Owner 승인 필요,automatic,high,proposal-only-not-applied
20101003_034,2010-10-03,34,energy-management,written,1,,safety-devices,안전장치·연소안전,existing-slug,boiler-protection-devices,boiler-protection-devices,existing,pending-owner-activation,frontmatter 관계 활성화 승인 필요,automatic,high,proposal-only-not-applied
20101003_035,2010-10-03,35,energy-management,written,1,,water-treatment-corrosion,수질관리·스케일·부식,existing-slug,boiler-water-treatment,boiler-water-treatment,existing,pending-owner-activation,frontmatter 관계 활성화 승인 필요,automatic,medium,proposal-only-not-applied
20101003_036,2010-10-03,36,energy-management,written,1,,efficiency-output-heat-balance,효율·증발량·열정산,existing-slug,boiler-efficiency-heat-balance,boiler-efficiency-heat-balance,existing,pending-owner-activation,frontmatter 관계 활성화 승인 필요,automatic,high,proposal-only-not-applied
20101003_037,2010-10-03,37,energy-management,written,1,,heating-load-radiators,난방부하·방열기 계산,split-candidate,boiler-installation-combustion,heating-load-radiators,proposal-not-created,pending-owner-activation,신규 slug Owner 승인 필요,automatic,high,proposal-only-not-applied
20101003_038,2010-10-03,38,energy-management,written,1,,energy-laws-inspection,에너지 관계법규·검사,existing-slug,energy-laws-and-inspection,energy-laws-and-inspection,existing,pending-owner-activation,frontmatter 관계 활성화 승인 필요,automatic,high,proposal-only-not-applied
20101003_039,2010-10-03,39,energy-management,written,1,,safety-devices,안전장치·연소안전,existing-slug,boiler-protection-devices,boiler-protection-devices,existing,pending-owner-activation,frontmatter 관계 활성화 승인 필요,automatic,medium,proposal-only-not-applied
20101003_040,2010-10-03,40,energy-management,written,1,,operation-maintenance-preservation,기동·운전·정지·보존,existing-slug,boiler-operation-maintenance,boiler-operation-maintenance,existing,pending-owner-activation,frontmatter 관계 활성화 승인 필요,automatic,high,proposal-only-not-applied
20101003_041,2010-10-03,41,energy-management,written,1,,heating-load-radiators,난방부하·방열기 계산,split-candidate,boiler-installation-combustion,heating-load-radiators,proposal-not-created,pending-owner-activation,신규 slug Owner 승인 필요,automatic,high,proposal-only-not-applied
20101003_042,2010-10-03,42,energy-management,written,1,,heating-systems,증기·온수·복사난방,split-candidate,boiler-piping-insulation,heating-systems,proposal-not-created,pending-owner-activation,신규 slug Owner 승인 필요,automatic,high,proposal-only-not-applied
20101003_043,2010-10-03,43,energy-management,written,1,,water-treatment-corrosion,수질관리·스케일·부식,existing-slug,boiler-water-treatment,boiler-water-treatment,existing,pending-owner-activation,frontmatter 관계 활성화 승인 필요,automatic,high,proposal-only-not-applied
20101003_044,2010-10-03,44,energy-management,written,1,,draft-flue-gas,통풍·연도·굴뚝,split-candidate,boiler-installation-combustion,draft-flue-gas,proposal-not-created,pending-owner-activation,신규 slug Owner 승인 필요,automatic,high,proposal-only-not-applied
20101003_045,2010-10-03,45,energy-management,written,1,,heating-systems,증기·온수·복사난방,split-candidate,boiler-piping-insulation,heating-systems,proposal-not-created,pending-owner-activation,신규 slug Owner 승인 필요,pdf-reviewed,low,proposal-only-not-applied
20101003_046,2010-10-03,46,energy-management,written,1,,water-treatment-corrosion,수질관리·스케일·부식,existing-slug,boiler-water-treatment,boiler-water-treatment,existing,pending-owner-activation,frontmatter 관계 활성화 승인 필요,automatic,high,proposal-only-not-applied
20101003_047,2010-10-03,47,energy-management,written,1,,instruments-accessories,계측·부속장치,existing-slug,boiler-accessory-equipment,boiler-accessory-equipment,existing,pending-owner-activation,frontmatter 관계 활성화 승인 필요,automatic,high,proposal-only-not-applied
20101003_048,2010-10-03,48,energy-management,written,1,,boiler-types-construction,보일러 형식·구조·재료,split-candidate,boiler-operation-basics,boiler-types-construction,proposal-not-created,pending-owner-activation,신규 slug Owner 승인 필요,automatic,high,proposal-only-not-applied
20101003_049,2010-10-03,49,energy-management,written,1,,heat-steam-thermodynamics,열·증기·열역학 기초,existing-slug,boiler-operation-basics,boiler-operation-basics,existing,pending-owner-activation,frontmatter 관계 활성화 승인 필요,automatic,high,proposal-only-not-applied
20101003_050,2010-10-03,50,energy-management,written,1,,burners-furnaces-atomization,버너·화격자·연소장치,split-candidate,boiler-installation-combustion,burners-furnaces-atomization,proposal-not-created,pending-owner-activation,신규 slug Owner 승인 필요,automatic,high,proposal-only-not-applied
20101003_051,2010-10-03,51,energy-management,written,1,,heating-systems,증기·온수·복사난방,split-candidate,boiler-piping-insulation,heating-systems,proposal-not-created,pending-owner-activation,신규 slug Owner 승인 필요,automatic,high,proposal-only-not-applied
20101003_052,2010-10-03,52,energy-management,written,1,,water-treatment-corrosion,수질관리·스케일·부식,existing-slug,boiler-water-treatment,boiler-water-treatment,existing,pending-owner-activation,frontmatter 관계 활성화 승인 필요,automatic,high,proposal-only-not-applied
20101003_053,2010-10-03,53,energy-management,written,1,,efficiency-output-heat-balance,효율·증발량·열정산,existing-slug,boiler-efficiency-heat-balance,boiler-efficiency-heat-balance,existing,pending-owner-activation,frontmatter 관계 활성화 승인 필요,automatic,high,proposal-only-not-applied
20101003_054,2010-10-03,54,energy-management,written,1,,piping-fittings-valves,배관·이음쇠·밸브,existing-slug,boiler-piping-insulation,boiler-piping-insulation,existing,pending-owner-activation,frontmatter 관계 활성화 승인 필요,automatic,medium,proposal-only-not-applied
20101003_055,2010-10-03,55,energy-management,written,1,,energy-laws-inspection,에너지 관계법규·검사,existing-slug,energy-laws-and-inspection,energy-laws-and-inspection,existing,pending-owner-activation,frontmatter 관계 활성화 승인 필요,automatic,high,proposal-only-not-applied
20101003_056,2010-10-03,56,energy-management,written,1,,energy-laws-inspection,에너지 관계법규·검사,existing-slug,energy-laws-and-inspection,energy-laws-and-inspection,existing,pending-owner-activation,frontmatter 관계 활성화 승인 필요,automatic,high,proposal-only-not-applied
20101003_057,2010-10-03,57,energy-management,written,1,,energy-laws-inspection,에너지 관계법규·검사,existing-slug,energy-laws-and-inspection,energy-laws-and-inspection,existing,pending-owner-activation,frontmatter 관계 활성화 승인 필요,automatic,high,proposal-only-not-applied
20101003_058,2010-10-03,58,energy-management,written,1,,energy-laws-inspection,에너지 관계법규·검사,existing-slug,energy-laws-and-inspection,energy-laws-and-inspection,existing,pending-owner-activation,frontmatter 관계 활성화 승인 필요,automatic,high,proposal-only-not-applied
20101003_059,2010-10-03,59,energy-management,written,1,,energy-laws-inspection,에너지 관계법규·검사,existing-slug,energy-laws-and-inspection,energy-laws-and-inspection,existing,pending-owner-activation,frontmatter 관계 활성화 승인 필요,automatic,high,proposal-only-not-applied
20101003_060,2010-10-03,60,energy-management,written,1,,energy-laws-inspection,에너지 관계법규·검사,existing-slug,energy-laws-and-inspection,energy-laws-and-inspection,existing,pending-owner-activation,frontmatter 관계 활성화 승인 필요,automatic,high,proposal-only-not-applied
20110213_001,2011-02-13,1,energy-management,written,1,,combustion-air-calculation,연소·공기비·배기가스 계산,existing-slug,boiler-installation-combustion,boiler-installation-combustion,existing,pending-owner-activation,frontmatter 관계 활성화 승인 필요,automatic,high,proposal-only-not-applied
20110213_002,2011-02-13,2,energy-management,written,1,,automatic-control-interlocks,자동제어·인터록,existing-slug,boiler-control-systems,boiler-control-systems,existing,pending-owner-activation,frontmatter 관계 활성화 승인 필요,automatic,high,proposal-only-not-applied
20110213_003,2011-02-13,3,energy-management,written,1,,heat-steam-thermodynamics,열·증기·열역학 기초,existing-slug,boiler-operation-basics,boiler-operation-basics,existing,pending-owner-activation,frontmatter 관계 활성화 승인 필요,automatic,medium,proposal-only-not-applied
20110213_004,2011-02-13,4,energy-management,written,1,,safety-devices,안전장치·연소안전,existing-slug,boiler-protection-devices,boiler-protection-devices,existing,pending-owner-activation,frontmatter 관계 활성화 승인 필요,automatic,high,proposal-only-not-applied
20110213_005,2011-02-13,5,energy-management,written,1,,heat-steam-thermodynamics,열·증기·열역학 기초,existing-slug,boiler-operation-basics,boiler-operation-basics,existing,pending-owner-activation,frontmatter 관계 활성화 승인 필요,automatic,high,proposal-only-not-applied
20110213_006,2011-02-13,6,energy-management,written,1,,fuel-properties,연료 특성·발열량,split-candidate,boiler-installation-combustion,fuel-properties,proposal-not-created,pending-owner-activation,신규 slug Owner 승인 필요,automatic,high,proposal-only-not-applied
20110213_007,2011-02-13,7,energy-management,written,1,,boiler-types-construction,보일러 형식·구조·재료,split-candidate,boiler-operation-basics,boiler-types-construction,proposal-not-created,pending-owner-activation,신규 slug Owner 승인 필요,automatic,high,proposal-only-not-applied
20110213_008,2011-02-13,8,energy-management,written,1,,water-treatment-corrosion,수질관리·스케일·부식,existing-slug,boiler-water-treatment,boiler-water-treatment,existing,pending-owner-activation,frontmatter 관계 활성화 승인 필요,automatic,high,proposal-only-not-applied
20110213_009,2011-02-13,9,energy-management,written,1,,instruments-accessories,계측·부속장치,existing-slug,boiler-accessory-equipment,boiler-accessory-equipment,existing,pending-owner-activation,frontmatter 관계 활성화 승인 필요,automatic,high,proposal-only-not-applied
20110213_010,2011-02-13,10,energy-management,written,1,,burners-furnaces-atomization,버너·화격자·연소장치,split-candidate,boiler-installation-combustion,burners-furnaces-atomization,proposal-not-created,pending-owner-activation,신규 slug Owner 승인 필요,automatic,high,proposal-only-not-applied
20110213_011,2011-02-13,11,energy-management,written,1,,fuel-properties,연료 특성·발열량,split-candidate,boiler-installation-combustion,fuel-properties,proposal-not-created,pending-owner-activation,신규 slug Owner 승인 필요,automatic,high,proposal-only-not-applied
20110213_012,2011-02-13,12,energy-management,written,1,,efficiency-output-heat-balance,효율·증발량·열정산,existing-slug,boiler-efficiency-heat-balance,boiler-efficiency-heat-balance,existing,pending-owner-activation,frontmatter 관계 활성화 승인 필요,automatic,high,proposal-only-not-applied
20110213_013,2011-02-13,13,energy-management,written,1,,auxiliary-feedwater-equipment,급수·부대설비,existing-slug,boiler-auxiliary-equipment,boiler-auxiliary-equipment,existing,pending-owner-activation,frontmatter 관계 활성화 승인 필요,automatic,medium,proposal-only-not-applied
20110213_014,2011-02-13,14,energy-management,written,1,,fuel-properties,연료 특성·발열량,split-candidate,boiler-installation-combustion,fuel-properties,proposal-not-created,pending-owner-activation,신규 slug Owner 승인 필요,automatic,high,proposal-only-not-applied
20110213_015,2011-02-13,15,energy-management,written,1,,fuel-properties,연료 특성·발열량,split-candidate,boiler-installation-combustion,fuel-properties,proposal-not-created,pending-owner-activation,신규 slug Owner 승인 필요,automatic,high,proposal-only-not-applied
20110213_016,2011-02-13,16,energy-management,written,1,,draft-flue-gas,통풍·연도·굴뚝,split-candidate,boiler-installation-combustion,draft-flue-gas,proposal-not-created,pending-owner-activation,신규 slug Owner 승인 필요,automatic,high,proposal-only-not-applied
20110213_017,2011-02-13,17,energy-management,written,1,,efficiency-output-heat-balance,효율·증발량·열정산,existing-slug,boiler-efficiency-heat-balance,boiler-efficiency-heat-balance,existing,pending-owner-activation,frontmatter 관계 활성화 승인 필요,automatic,high,proposal-only-not-applied
20110213_018,2011-02-13,18,energy-management,written,1,,automatic-control-interlocks,자동제어·인터록,existing-slug,boiler-control-systems,boiler-control-systems,existing,pending-owner-activation,frontmatter 관계 활성화 승인 필요,automatic,high,proposal-only-not-applied
20110213_019,2011-02-13,19,energy-management,written,1,,burners-furnaces-atomization,버너·화격자·연소장치,split-candidate,boiler-installation-combustion,burners-furnaces-atomization,proposal-not-created,pending-owner-activation,신규 slug Owner 승인 필요,automatic,high,proposal-only-not-applied
20110213_020,2011-02-13,20,energy-management,written,1,,boiler-types-construction,보일러 형식·구조·재료,split-candidate,boiler-operation-basics,boiler-types-construction,proposal-not-created,pending-owner-activation,신규 slug Owner 승인 필요,automatic,medium,proposal-only-not-applied
20110213_021,2011-02-13,21,energy-management,written,1,,heat-steam-thermodynamics,열·증기·열역학 기초,existing-slug,boiler-operation-basics,boiler-operation-basics,existing,pending-owner-activation,frontmatter 관계 활성화 승인 필요,automatic,high,proposal-only-not-applied
20110213_022,2011-02-13,22,energy-management,written,1,,efficiency-output-heat-balance,효율·증발량·열정산,existing-slug,boiler-efficiency-heat-balance,boiler-efficiency-heat-balance,existing,pending-owner-activation,frontmatter 관계 활성화 승인 필요,automatic,high,proposal-only-not-applied
20110213_023,2011-02-13,23,energy-management,written,1,,heat-steam-thermodynamics,열·증기·열역학 기초,existing-slug,boiler-operation-basics,boiler-operation-basics,existing,pending-owner-activation,frontmatter 관계 활성화 승인 필요,automatic,high,proposal-only-not-applied
20110213_024,2011-02-13,24,energy-management,written,1,,automatic-control-interlocks,자동제어·인터록,existing-slug,boiler-control-systems,boiler-control-systems,existing,pending-owner-activation,frontmatter 관계 활성화 승인 필요,automatic,high,proposal-only-not-applied
20110213_025,2011-02-13,25,energy-management,written,1,,auxiliary-feedwater-equipment,급수·부대설비,existing-slug,boiler-auxiliary-equipment,boiler-auxiliary-equipment,existing,pending-owner-activation,frontmatter 관계 활성화 승인 필요,pdf-reviewed,low,proposal-only-not-applied
20110213_026,2011-02-13,26,energy-management,written,1,,environmental-pollution-control,집진·환경설비,split-candidate,boiler-accessory-equipment,environmental-pollution-control,proposal-not-created,pending-owner-activation,신규 slug Owner 승인 필요,automatic,high,proposal-only-not-applied
20110213_027,2011-02-13,27,energy-management,written,1,,auxiliary-feedwater-equipment,급수·부대설비,existing-slug,boiler-auxiliary-equipment,boiler-auxiliary-equipment,existing,pending-owner-activation,frontmatter 관계 활성화 승인 필요,automatic,high,proposal-only-not-applied
20110213_028,2011-02-13,28,energy-management,written,1,,automatic-control-interlocks,자동제어·인터록,existing-slug,boiler-control-systems,boiler-control-systems,existing,pending-owner-activation,frontmatter 관계 활성화 승인 필요,automatic,high,proposal-only-not-applied
20110213_029,2011-02-13,29,energy-management,written,1,,efficiency-output-heat-balance,효율·증발량·열정산,existing-slug,boiler-efficiency-heat-balance,boiler-efficiency-heat-balance,existing,pending-owner-activation,frontmatter 관계 활성화 승인 필요,automatic,high,proposal-only-not-applied
20110213_030,2011-02-13,30,energy-management,written,1,,boiler-types-construction,보일러 형식·구조·재료,split-candidate,boiler-operation-basics,boiler-types-construction,proposal-not-created,pending-owner-activation,신규 slug Owner 승인 필요,automatic,high,proposal-only-not-applied
20110213_031,2011-02-13,31,energy-management,written,1,,draft-flue-gas,통풍·연도·굴뚝,split-candidate,boiler-installation-combustion,draft-flue-gas,proposal-not-created,pending-owner-activation,신규 slug Owner 승인 필요,automatic,medium,proposal-only-not-applied
20110213_032,2011-02-13,32,energy-management,written,1,,water-treatment-corrosion,수질관리·스케일·부식,existing-slug,boiler-water-treatment,boiler-water-treatment,existing,pending-owner-activation,frontmatter 관계 활성화 승인 필요,automatic,high,proposal-only-not-applied
20110213_033,2011-02-13,33,energy-management,written,1,,failures-accidents-safety,고장·사고·작업안전,existing-slug,boiler-work-safety,boiler-work-safety,existing,pending-owner-activation,frontmatter 관계 활성화 승인 필요,automatic,high,proposal-only-not-applied
20110213_034,2011-02-13,34,energy-management,written,1,,safety-devices,안전장치·연소안전,existing-slug,boiler-protection-devices,boiler-protection-devices,existing,pending-owner-activation,frontmatter 관계 활성화 승인 필요,automatic,high,proposal-only-not-applied
20110213_035,2011-02-13,35,energy-management,written,1,jpg 확필,operation-maintenance-preservation,기동·운전·정지·보존,existing-slug,boiler-operation-maintenance,boiler-operation-maintenance,existing,exclude,그림 문항 공개 검토 유지,pdf-reviewed,high,proposal-only-not-applied
20110213_036,2011-02-13,36,energy-management,written,1,,heating-systems,증기·온수·복사난방,split-candidate,boiler-piping-insulation,heating-systems,proposal-not-created,pending-owner-activation,신규 slug Owner 승인 필요,automatic,high,proposal-only-not-applied
20110213_037,2011-02-13,37,energy-management,written,1,,efficiency-output-heat-balance,효율·증발량·열정산,existing-slug,boiler-efficiency-heat-balance,boiler-efficiency-heat-balance,existing,pending-owner-activation,frontmatter 관계 활성화 승인 필요,automatic,medium,proposal-only-not-applied
20110213_038,2011-02-13,38,energy-management,written,1,,boiler-types-construction,보일러 형식·구조·재료,split-candidate,boiler-operation-basics,boiler-types-construction,proposal-not-created,pending-owner-activation,신규 slug Owner 승인 필요,automatic,high,proposal-only-not-applied
20110213_039,2011-02-13,39,energy-management,written,1,,instruments-accessories,계측·부속장치,existing-slug,boiler-accessory-equipment,boiler-accessory-equipment,existing,pending-owner-activation,frontmatter 관계 활성화 승인 필요,automatic,high,proposal-only-not-applied
20110213_040,2011-02-13,40,energy-management,written,1,,draft-flue-gas,통풍·연도·굴뚝,split-candidate,boiler-installation-combustion,draft-flue-gas,proposal-not-created,pending-owner-activation,신규 slug Owner 승인 필요,automatic,high,proposal-only-not-applied
20110213_041,2011-02-13,41,energy-management,written,1,,steam-traps-condensate,증기트랩·응축수 환수,split-candidate,boiler-piping-insulation,steam-traps-condensate,proposal-not-created,pending-owner-activation,신규 slug Owner 승인 필요,automatic,high,proposal-only-not-applied
20110213_042,2011-02-13,42,energy-management,written,1,,heating-systems,증기·온수·복사난방,split-candidate,boiler-piping-insulation,heating-systems,proposal-not-created,pending-owner-activation,신규 slug Owner 승인 필요,automatic,high,proposal-only-not-applied
20110213_043,2011-02-13,43,energy-management,written,1,,heating-load-radiators,난방부하·방열기 계산,split-candidate,boiler-installation-combustion,heating-load-radiators,proposal-not-created,pending-owner-activation,신규 slug Owner 승인 필요,automatic,high,proposal-only-not-applied
20110213_044,2011-02-13,44,energy-management,written,1,,operation-maintenance-preservation,기동·운전·정지·보존,existing-slug,boiler-operation-maintenance,boiler-operation-maintenance,existing,pending-owner-activation,frontmatter 관계 활성화 승인 필요,automatic,high,proposal-only-not-applied
20110213_045,2011-02-13,45,energy-management,written,1,,energy-laws-inspection,에너지 관계법규·검사,existing-slug,energy-laws-and-inspection,energy-laws-and-inspection,existing,pending-owner-activation,frontmatter 관계 활성화 승인 필요,automatic,high,proposal-only-not-applied
20110213_046,2011-02-13,46,energy-management,written,1,,burners-furnaces-atomization,버너·화격자·연소장치,split-candidate,boiler-installation-combustion,burners-furnaces-atomization,proposal-not-created,pending-owner-activation,신규 slug Owner 승인 필요,automatic,high,proposal-only-not-applied
20110213_047,2011-02-13,47,energy-management,written,1,,auxiliary-feedwater-equipment,급수·부대설비,existing-slug,boiler-auxiliary-equipment,boiler-auxiliary-equipment,existing,pending-owner-activation,frontmatter 관계 활성화 승인 필요,automatic,medium,proposal-only-not-applied
20110213_048,2011-02-13,48,energy-management,written,1,,steam-traps-condensate,증기트랩·응축수 환수,split-candidate,boiler-piping-insulation,steam-traps-condensate,proposal-not-created,pending-owner-activation,신규 slug Owner 승인 필요,automatic,high,proposal-only-not-applied
20110213_049,2011-02-13,49,energy-management,written,1,,water-treatment-corrosion,수질관리·스케일·부식,existing-slug,boiler-water-treatment,boiler-water-treatment,existing,pending-owner-activation,frontmatter 관계 활성화 승인 필요,automatic,high,proposal-only-not-applied
20110213_050,2011-02-13,50,energy-management,written,1,,heating-systems,증기·온수·복사난방,split-candidate,boiler-piping-insulation,heating-systems,proposal-not-created,pending-owner-activation,신규 slug Owner 승인 필요,automatic,medium,proposal-only-not-applied
20110213_051,2011-02-13,51,energy-management,written,1,,boiler-types-construction,보일러 형식·구조·재료,split-candidate,boiler-operation-basics,boiler-types-construction,proposal-not-created,pending-owner-activation,신규 slug Owner 승인 필요,automatic,high,proposal-only-not-applied
20110213_052,2011-02-13,52,energy-management,written,1,,draft-flue-gas,통풍·연도·굴뚝,split-candidate,boiler-installation-combustion,draft-flue-gas,proposal-not-created,pending-owner-activation,신규 slug Owner 승인 필요,automatic,high,proposal-only-not-applied
20110213_053,2011-02-13,53,energy-management,written,1,,heating-systems,증기·온수·복사난방,split-candidate,boiler-piping-insulation,heating-systems,proposal-not-created,pending-owner-activation,신규 slug Owner 승인 필요,automatic,high,proposal-only-not-applied
20110213_054,2011-02-13,54,energy-management,written,1,,heating-systems,증기·온수·복사난방,split-candidate,boiler-piping-insulation,heating-systems,proposal-not-created,pending-owner-activation,신규 slug Owner 승인 필요,automatic,high,proposal-only-not-applied
20110213_055,2011-02-13,55,energy-management,written,1,,energy-laws-inspection,에너지 관계법규·검사,existing-slug,energy-laws-and-inspection,energy-laws-and-inspection,existing,pending-owner-activation,frontmatter 관계 활성화 승인 필요,automatic,high,proposal-only-not-applied
20110213_056,2011-02-13,56,energy-management,written,1,,energy-laws-inspection,에너지 관계법규·검사,existing-slug,energy-laws-and-inspection,energy-laws-and-inspection,existing,pending-owner-activation,frontmatter 관계 활성화 승인 필요,automatic,high,proposal-only-not-applied
20110213_057,2011-02-13,57,energy-management,written,1,,energy-laws-inspection,에너지 관계법규·검사,existing-slug,energy-laws-and-inspection,energy-laws-and-inspection,existing,pending-owner-activation,frontmatter 관계 활성화 승인 필요,automatic,high,proposal-only-not-applied
20110213_058,2011-02-13,58,energy-management,written,1,,energy-laws-inspection,에너지 관계법규·검사,existing-slug,energy-laws-and-inspection,energy-laws-and-inspection,existing,pending-owner-activation,frontmatter 관계 활성화 승인 필요,automatic,high,proposal-only-not-applied
20110213_059,2011-02-13,59,energy-management,written,1,,energy-laws-inspection,에너지 관계법규·검사,existing-slug,energy-laws-and-inspection,energy-laws-and-inspection,existing,pending-owner-activation,frontmatter 관계 활성화 승인 필요,automatic,high,proposal-only-not-applied
20110213_060,2011-02-13,60,energy-management,written,1,,energy-laws-inspection,에너지 관계법규·검사,existing-slug,energy-laws-and-inspection,energy-laws-and-inspection,existing,pending-owner-activation,frontmatter 관계 활성화 승인 필요,automatic,high,proposal-only-not-applied
20110417_001,2011-04-17,1,energy-management,written,1,,environmental-pollution-control,집진·환경설비,split-candidate,boiler-accessory-equipment,environmental-pollution-control,proposal-not-created,pending-owner-activation,신규 slug Owner 승인 필요,automatic,high,proposal-only-not-applied
20110417_002,2011-04-17,2,energy-management,written,1,,safety-devices,안전장치·연소안전,existing-slug,boiler-protection-devices,boiler-protection-devices,existing,pending-owner-activation,frontmatter 관계 활성화 승인 필요,automatic,high,proposal-only-not-applied
20110417_003,2011-04-17,3,energy-management,written,1,,automatic-control-interlocks,자동제어·인터록,existing-slug,boiler-control-systems,boiler-control-systems,existing,pending-owner-activation,frontmatter 관계 활성화 승인 필요,automatic,high,proposal-only-not-applied
20110417_004,2011-04-17,4,energy-management,written,1,,safety-devices,안전장치·연소안전,existing-slug,boiler-protection-devices,boiler-protection-devices,existing,pending-owner-activation,frontmatter 관계 활성화 승인 필요,automatic,high,proposal-only-not-applied
20110417_005,2011-04-17,5,energy-management,written,1,,automatic-control-interlocks,자동제어·인터록,existing-slug,boiler-control-systems,boiler-control-systems,existing,pending-owner-activation,frontmatter 관계 활성화 승인 필요,automatic,high,proposal-only-not-applied
20110417_006,2011-04-17,6,energy-management,written,1,,safety-devices,안전장치·연소안전,existing-slug,boiler-protection-devices,boiler-protection-devices,existing,pending-owner-activation,frontmatter 관계 활성화 승인 필요,automatic,high,proposal-only-not-applied
20110417_007,2011-04-17,7,energy-management,written,1,,boiler-types-construction,보일러 형식·구조·재료,split-candidate,boiler-operation-basics,boiler-types-construction,proposal-not-created,pending-owner-activation,신규 slug Owner 승인 필요,automatic,high,proposal-only-not-applied
20110417_008,2011-04-17,8,energy-management,written,1,,boiler-types-construction,보일러 형식·구조·재료,split-candidate,boiler-operation-basics,boiler-types-construction,proposal-not-created,pending-owner-activation,신규 slug Owner 승인 필요,automatic,high,proposal-only-not-applied
20110417_009,2011-04-17,9,energy-management,written,1,,instruments-accessories,계측·부속장치,existing-slug,boiler-accessory-equipment,boiler-accessory-equipment,existing,pending-owner-activation,frontmatter 관계 활성화 승인 필요,automatic,high,proposal-only-not-applied
20110417_010,2011-04-17,10,energy-management,written,1,,burners-furnaces-atomization,버너·화격자·연소장치,split-candidate,boiler-installation-combustion,burners-furnaces-atomization,proposal-not-created,pending-owner-activation,신규 slug Owner 승인 필요,automatic,high,proposal-only-not-applied
20110417_011,2011-04-17,11,energy-management,written,1,,efficiency-output-heat-balance,효율·증발량·열정산,existing-slug,boiler-efficiency-heat-balance,boiler-efficiency-heat-balance,existing,pending-owner-activation,frontmatter 관계 활성화 승인 필요,automatic,medium,proposal-only-not-applied
20110417_012,2011-04-17,12,energy-management,written,1,,combustion-air-calculation,연소·공기비·배기가스 계산,existing-slug,boiler-installation-combustion,boiler-installation-combustion,existing,pending-owner-activation,frontmatter 관계 활성화 승인 필요,automatic,high,proposal-only-not-applied
20110417_013,2011-04-17,13,energy-management,written,1,,safety-devices,안전장치·연소안전,existing-slug,boiler-protection-devices,boiler-protection-devices,existing,pending-owner-activation,frontmatter 관계 활성화 승인 필요,automatic,high,proposal-only-not-applied
20110417_014,2011-04-17,14,energy-management,written,1,,auxiliary-feedwater-equipment,급수·부대설비,existing-slug,boiler-auxiliary-equipment,boiler-auxiliary-equipment,existing,pending-owner-activation,frontmatter 관계 활성화 승인 필요,automatic,medium,proposal-only-not-applied
20110417_015,2011-04-17,15,energy-management,written,1,,instruments-accessories,계측·부속장치,existing-slug,boiler-accessory-equipment,boiler-accessory-equipment,existing,pending-owner-activation,frontmatter 관계 활성화 승인 필요,automatic,high,proposal-only-not-applied
20110417_016,2011-04-17,16,energy-management,written,1,,safety-devices,안전장치·연소안전,existing-slug,boiler-protection-devices,boiler-protection-devices,existing,pending-owner-activation,frontmatter 관계 활성화 승인 필요,pdf-reviewed,low,proposal-only-not-applied
20110417_017,2011-04-17,17,energy-management,written,1,,burners-furnaces-atomization,버너·화격자·연소장치,split-candidate,boiler-installation-combustion,burners-furnaces-atomization,proposal-not-created,pending-owner-activation,신규 slug Owner 승인 필요,automatic,high,proposal-only-not-applied
20110417_018,2011-04-17,18,energy-management,written,1,,heat-steam-thermodynamics,열·증기·열역학 기초,existing-slug,boiler-operation-basics,boiler-operation-basics,existing,pending-owner-activation,frontmatter 관계 활성화 승인 필요,automatic,high,proposal-only-not-applied
20110417_019,2011-04-17,19,energy-management,written,1,,heat-steam-thermodynamics,열·증기·열역학 기초,existing-slug,boiler-operation-basics,boiler-operation-basics,existing,pending-owner-activation,frontmatter 관계 활성화 승인 필요,automatic,high,proposal-only-not-applied
20110417_020,2011-04-17,20,energy-management,written,1,,draft-flue-gas,통풍·연도·굴뚝,split-candidate,boiler-installation-combustion,draft-flue-gas,proposal-not-created,pending-owner-activation,신규 slug Owner 승인 필요,automatic,high,proposal-only-not-applied
20110417_021,2011-04-17,21,energy-management,written,1,,auxiliary-feedwater-equipment,급수·부대설비,existing-slug,boiler-auxiliary-equipment,boiler-auxiliary-equipment,existing,pending-owner-activation,frontmatter 관계 활성화 승인 필요,automatic,high,proposal-only-not-applied
20110417_022,2011-04-17,22,energy-management,written,1,,efficiency-output-heat-balance,효율·증발량·열정산,existing-slug,boiler-efficiency-heat-balance,boiler-efficiency-heat-balance,existing,pending-owner-activation,frontmatter 관계 활성화 승인 필요,automatic,high,proposal-only-not-applied
20110417_023,2011-04-17,23,energy-management,written,1,,steam-traps-condensate,증기트랩·응축수 환수,split-candidate,boiler-piping-insulation,steam-traps-condensate,proposal-not-created,pending-owner-activation,신규 slug Owner 승인 필요,automatic,high,proposal-only-not-applied
20110417_024,2011-04-17,24,energy-management,written,1,,automatic-control-interlocks,자동제어·인터록,existing-slug,boiler-control-systems,boiler-control-systems,existing,pending-owner-activation,frontmatter 관계 활성화 승인 필요,automatic,high,proposal-only-not-applied
20110417_025,2011-04-17,25,energy-management,written,1,,combustion-air-calculation,연소·공기비·배기가스 계산,existing-slug,boiler-installation-combustion,boiler-installation-combustion,existing,pending-owner-activation,frontmatter 관계 활성화 승인 필요,automatic,medium,proposal-only-not-applied
20110417_026,2011-04-17,26,energy-management,written,1,,auxiliary-feedwater-equipment,급수·부대설비,existing-slug,boiler-auxiliary-equipment,boiler-auxiliary-equipment,existing,pending-owner-activation,frontmatter 관계 활성화 승인 필요,automatic,high,proposal-only-not-applied
20110417_027,2011-04-17,27,energy-management,written,1,,burners-furnaces-atomization,버너·화격자·연소장치,split-candidate,boiler-installation-combustion,burners-furnaces-atomization,proposal-not-created,pending-owner-activation,신규 slug Owner 승인 필요,automatic,high,proposal-only-not-applied
20110417_028,2011-04-17,28,energy-management,written,1,,fuel-properties,연료 특성·발열량,split-candidate,boiler-installation-combustion,fuel-properties,proposal-not-created,pending-owner-activation,신규 slug Owner 승인 필요,automatic,high,proposal-only-not-applied
20110417_029,2011-04-17,29,energy-management,written,1,,efficiency-output-heat-balance,효율·증발량·열정산,existing-slug,boiler-efficiency-heat-balance,boiler-efficiency-heat-balance,existing,pending-owner-activation,frontmatter 관계 활성화 승인 필요,automatic,medium,proposal-only-not-applied
20110417_030,2011-04-17,30,energy-management,written,1,,energy-laws-inspection,에너지 관계법규·검사,existing-slug,energy-laws-and-inspection,energy-laws-and-inspection,existing,pending-owner-activation,frontmatter 관계 활성화 승인 필요,automatic,medium,proposal-only-not-applied
20110417_031,2011-04-17,31,energy-management,written,1,,draft-flue-gas,통풍·연도·굴뚝,split-candidate,boiler-installation-combustion,draft-flue-gas,proposal-not-created,pending-owner-activation,신규 slug Owner 승인 필요,automatic,high,proposal-only-not-applied
20110417_032,2011-04-17,32,energy-management,written,1,,failures-accidents-safety,고장·사고·작업안전,existing-slug,boiler-work-safety,boiler-work-safety,existing,pending-owner-activation,frontmatter 관계 활성화 승인 필요,automatic,high,proposal-only-not-applied
20110417_033,2011-04-17,33,energy-management,written,1,,water-treatment-corrosion,수질관리·스케일·부식,existing-slug,boiler-water-treatment,boiler-water-treatment,existing,pending-owner-activation,frontmatter 관계 활성화 승인 필요,automatic,high,proposal-only-not-applied
20110417_034,2011-04-17,34,energy-management,written,1,,auxiliary-feedwater-equipment,급수·부대설비,existing-slug,boiler-auxiliary-equipment,boiler-auxiliary-equipment,existing,pending-owner-activation,frontmatter 관계 활성화 승인 필요,automatic,high,proposal-only-not-applied
20110417_035,2011-04-17,35,energy-management,written,1,,burners-furnaces-atomization,버너·화격자·연소장치,split-candidate,boiler-installation-combustion,burners-furnaces-atomization,proposal-not-created,pending-owner-activation,신규 slug Owner 승인 필요,automatic,high,proposal-only-not-applied
20110417_036,2011-04-17,36,energy-management,written,1,,heating-systems,증기·온수·복사난방,split-candidate,boiler-piping-insulation,heating-systems,proposal-not-created,pending-owner-activation,신규 slug Owner 승인 필요,automatic,high,proposal-only-not-applied
20110417_037,2011-04-17,37,energy-management,written,1,,heating-load-radiators,난방부하·방열기 계산,split-candidate,boiler-installation-combustion,heating-load-radiators,proposal-not-created,pending-owner-activation,신규 slug Owner 승인 필요,automatic,high,proposal-only-not-applied
20110417_038,2011-04-17,38,energy-management,written,1,,fuel-properties,연료 특성·발열량,split-candidate,boiler-installation-combustion,fuel-properties,proposal-not-created,pending-owner-activation,신규 slug Owner 승인 필요,automatic,medium,proposal-only-not-applied
20110417_039,2011-04-17,39,energy-management,written,1,,operation-maintenance-preservation,기동·운전·정지·보존,existing-slug,boiler-operation-maintenance,boiler-operation-maintenance,existing,pending-owner-activation,frontmatter 관계 활성화 승인 필요,automatic,medium,proposal-only-not-applied
20110417_040,2011-04-17,40,energy-management,written,1,,water-treatment-corrosion,수질관리·스케일·부식,existing-slug,boiler-water-treatment,boiler-water-treatment,existing,pending-owner-activation,frontmatter 관계 활성화 승인 필요,automatic,high,proposal-only-not-applied
20110417_041,2011-04-17,41,energy-management,written,1,,safety-devices,안전장치·연소안전,existing-slug,boiler-protection-devices,boiler-protection-devices,existing,pending-owner-activation,frontmatter 관계 활성화 승인 필요,automatic,high,proposal-only-not-applied
20110417_042,2011-04-17,42,energy-management,written,1,,operation-maintenance-preservation,기동·운전·정지·보존,existing-slug,boiler-operation-maintenance,boiler-operation-maintenance,existing,pending-owner-activation,frontmatter 관계 활성화 승인 필요,pdf-reviewed,low,proposal-only-not-applied
20110417_043,2011-04-17,43,energy-management,written,1,,heating-systems,증기·온수·복사난방,split-candidate,boiler-piping-insulation,heating-systems,proposal-not-created,pending-owner-activation,신규 slug Owner 승인 필요,automatic,high,proposal-only-not-applied
20110417_044,2011-04-17,44,energy-management,written,1,,instruments-accessories,계측·부속장치,existing-slug,boiler-accessory-equipment,boiler-accessory-equipment,existing,pending-owner-activation,frontmatter 관계 활성화 승인 필요,automatic,high,proposal-only-not-applied
20110417_045,2011-04-17,45,energy-management,written,1,,burners-furnaces-atomization,버너·화격자·연소장치,split-candidate,boiler-installation-combustion,burners-furnaces-atomization,proposal-not-created,pending-owner-activation,신규 slug Owner 승인 필요,automatic,high,proposal-only-not-applied
20110417_046,2011-04-17,46,energy-management,written,1,,instruments-accessories,계측·부속장치,existing-slug,boiler-accessory-equipment,boiler-accessory-equipment,existing,pending-owner-activation,frontmatter 관계 활성화 승인 필요,automatic,medium,proposal-only-not-applied
20110417_047,2011-04-17,47,energy-management,written,1,,boiler-types-construction,보일러 형식·구조·재료,split-candidate,boiler-operation-basics,boiler-types-construction,proposal-not-created,pending-owner-activation,신규 slug Owner 승인 필요,automatic,high,proposal-only-not-applied
20110417_048,2011-04-17,48,energy-management,written,1,,heating-systems,증기·온수·복사난방,split-candidate,boiler-piping-insulation,heating-systems,proposal-not-created,pending-owner-activation,신규 slug Owner 승인 필요,automatic,high,proposal-only-not-applied
20110417_049,2011-04-17,49,energy-management,written,1,,safety-devices,안전장치·연소안전,existing-slug,boiler-protection-devices,boiler-protection-devices,existing,pending-owner-activation,frontmatter 관계 활성화 승인 필요,automatic,high,proposal-only-not-applied
20110417_050,2011-04-17,50,energy-management,written,1,,operation-maintenance-preservation,기동·운전·정지·보존,existing-slug,boiler-operation-maintenance,boiler-operation-maintenance,existing,pending-owner-activation,frontmatter 관계 활성화 승인 필요,automatic,high,proposal-only-not-applied
20110417_051,2011-04-17,51,energy-management,written,1,,heating-load-radiators,난방부하·방열기 계산,split-candidate,boiler-installation-combustion,heating-load-radiators,proposal-not-created,pending-owner-activation,신규 slug Owner 승인 필요,automatic,high,proposal-only-not-applied
20110417_052,2011-04-17,52,energy-management,written,1,,heating-systems,증기·온수·복사난방,split-candidate,boiler-piping-insulation,heating-systems,proposal-not-created,pending-owner-activation,신규 slug Owner 승인 필요,automatic,high,proposal-only-not-applied
20110417_053,2011-04-17,53,energy-management,written,1,,operation-maintenance-preservation,기동·운전·정지·보존,existing-slug,boiler-operation-maintenance,boiler-operation-maintenance,existing,pending-owner-activation,frontmatter 관계 활성화 승인 필요,automatic,high,proposal-only-not-applied
20110417_054,2011-04-17,54,energy-management,written,1,,heating-systems,증기·온수·복사난방,split-candidate,boiler-piping-insulation,heating-systems,proposal-not-created,pending-owner-activation,신규 slug Owner 승인 필요,automatic,high,proposal-only-not-applied
20110417_055,2011-04-17,55,energy-management,written,1,,energy-laws-inspection,에너지 관계법규·검사,existing-slug,energy-laws-and-inspection,energy-laws-and-inspection,existing,pending-owner-activation,frontmatter 관계 활성화 승인 필요,automatic,high,proposal-only-not-applied
20110417_056,2011-04-17,56,energy-management,written,1,,energy-laws-inspection,에너지 관계법규·검사,existing-slug,energy-laws-and-inspection,energy-laws-and-inspection,existing,pending-owner-activation,frontmatter 관계 활성화 승인 필요,automatic,high,proposal-only-not-applied
20110417_057,2011-04-17,57,energy-management,written,1,,energy-laws-inspection,에너지 관계법규·검사,existing-slug,energy-laws-and-inspection,energy-laws-and-inspection,existing,pending-owner-activation,frontmatter 관계 활성화 승인 필요,automatic,high,proposal-only-not-applied
20110417_058,2011-04-17,58,energy-management,written,1,,energy-laws-inspection,에너지 관계법규·검사,existing-slug,energy-laws-and-inspection,energy-laws-and-inspection,existing,pending-owner-activation,frontmatter 관계 활성화 승인 필요,automatic,high,proposal-only-not-applied
20110417_059,2011-04-17,59,energy-management,written,1,,energy-laws-inspection,에너지 관계법규·검사,existing-slug,energy-laws-and-inspection,energy-laws-and-inspection,existing,pending-owner-activation,frontmatter 관계 활성화 승인 필요,automatic,high,proposal-only-not-applied
20110417_060,2011-04-17,60,energy-management,written,1,,energy-laws-inspection,에너지 관계법규·검사,existing-slug,energy-laws-and-inspection,energy-laws-and-inspection,existing,pending-owner-activation,frontmatter 관계 활성화 승인 필요,automatic,high,proposal-only-not-applied
20110731_001,2011-07-31,1,energy-management,written,1,,combustion-air-calculation,연소·공기비·배기가스 계산,existing-slug,boiler-installation-combustion,boiler-installation-combustion,existing,pending-owner-activation,frontmatter 관계 활성화 승인 필요,automatic,high,proposal-only-not-applied
20110731_002,2011-07-31,2,energy-management,written,1,,automatic-control-interlocks,자동제어·인터록,existing-slug,boiler-control-systems,boiler-control-systems,existing,pending-owner-activation,frontmatter 관계 활성화 승인 필요,automatic,high,proposal-only-not-applied
20110731_003,2011-07-31,3,energy-management,written,1,,draft-flue-gas,통풍·연도·굴뚝,split-candidate,boiler-installation-combustion,draft-flue-gas,proposal-not-created,pending-owner-activation,신규 slug Owner 승인 필요,automatic,high,proposal-only-not-applied
20110731_004,2011-07-31,4,energy-management,written,1,,combustion-air-calculation,연소·공기비·배기가스 계산,existing-slug,boiler-installation-combustion,boiler-installation-combustion,existing,pending-owner-activation,frontmatter 관계 활성화 승인 필요,automatic,high,proposal-only-not-applied
20110731_005,2011-07-31,5,energy-management,written,1,jpg 확필,piping-fittings-valves,배관·이음쇠·밸브,existing-slug,boiler-piping-insulation,boiler-piping-insulation,existing,exclude,그림 문항 공개 검토 유지,pdf-reviewed,medium,proposal-only-not-applied
20110731_006,2011-07-31,6,energy-management,written,1,,instruments-accessories,계측·부속장치,existing-slug,boiler-accessory-equipment,boiler-accessory-equipment,existing,pending-owner-activation,frontmatter 관계 활성화 승인 필요,automatic,medium,proposal-only-not-applied
20110731_007,2011-07-31,7,energy-management,written,1,,draft-flue-gas,통풍·연도·굴뚝,split-candidate,boiler-installation-combustion,draft-flue-gas,proposal-not-created,pending-owner-activation,신규 slug Owner 승인 필요,automatic,high,proposal-only-not-applied
20110731_008,2011-07-31,8,energy-management,written,1,,efficiency-output-heat-balance,효율·증발량·열정산,existing-slug,boiler-efficiency-heat-balance,boiler-efficiency-heat-balance,existing,pending-owner-activation,frontmatter 관계 활성화 승인 필요,automatic,high,proposal-only-not-applied
20110731_009,2011-07-31,9,energy-management,written,1,,boiler-types-construction,보일러 형식·구조·재료,split-candidate,boiler-operation-basics,boiler-types-construction,proposal-not-created,pending-owner-activation,신규 slug Owner 승인 필요,automatic,medium,proposal-only-not-applied
20110731_010,2011-07-31,10,energy-management,written,1,,auxiliary-feedwater-equipment,급수·부대설비,existing-slug,boiler-auxiliary-equipment,boiler-auxiliary-equipment,existing,pending-owner-activation,frontmatter 관계 활성화 승인 필요,automatic,high,proposal-only-not-applied
20110731_011,2011-07-31,11,energy-management,written,1,,boiler-types-construction,보일러 형식·구조·재료,split-candidate,boiler-operation-basics,boiler-types-construction,proposal-not-created,pending-owner-activation,신규 slug Owner 승인 필요,automatic,high,proposal-only-not-applied
20110731_012,2011-07-31,12,energy-management,written,1,,efficiency-output-heat-balance,효율·증발량·열정산,existing-slug,boiler-efficiency-heat-balance,boiler-efficiency-heat-balance,existing,pending-owner-activation,frontmatter 관계 활성화 승인 필요,automatic,high,proposal-only-not-applied
20110731_013,2011-07-31,13,energy-management,written,1,,instruments-accessories,계측·부속장치,existing-slug,boiler-accessory-equipment,boiler-accessory-equipment,existing,pending-owner-activation,frontmatter 관계 활성화 승인 필요,automatic,high,proposal-only-not-applied
20110731_014,2011-07-31,14,energy-management,written,1,,fuel-properties,연료 특성·발열량,split-candidate,boiler-installation-combustion,fuel-properties,proposal-not-created,pending-owner-activation,신규 slug Owner 승인 필요,automatic,high,proposal-only-not-applied
20110731_015,2011-07-31,15,energy-management,written,1,,auxiliary-feedwater-equipment,급수·부대설비,existing-slug,boiler-auxiliary-equipment,boiler-auxiliary-equipment,existing,pending-owner-activation,frontmatter 관계 활성화 승인 필요,automatic,high,proposal-only-not-applied
20110731_016,2011-07-31,16,energy-management,written,1,,instruments-accessories,계측·부속장치,existing-slug,boiler-accessory-equipment,boiler-accessory-equipment,existing,pending-owner-activation,frontmatter 관계 활성화 승인 필요,automatic,medium,proposal-only-not-applied
20110731_017,2011-07-31,17,energy-management,written,1,,efficiency-output-heat-balance,효율·증발량·열정산,existing-slug,boiler-efficiency-heat-balance,boiler-efficiency-heat-balance,existing,pending-owner-activation,frontmatter 관계 활성화 승인 필요,automatic,high,proposal-only-not-applied
20110731_018,2011-07-31,18,energy-management,written,1,,automatic-control-interlocks,자동제어·인터록,existing-slug,boiler-control-systems,boiler-control-systems,existing,pending-owner-activation,frontmatter 관계 활성화 승인 필요,automatic,high,proposal-only-not-applied
20110731_019,2011-07-31,19,energy-management,written,1,,automatic-control-interlocks,자동제어·인터록,existing-slug,boiler-control-systems,boiler-control-systems,existing,pending-owner-activation,frontmatter 관계 활성화 승인 필요,automatic,high,proposal-only-not-applied
20110731_020,2011-07-31,20,energy-management,written,1,,environmental-pollution-control,집진·환경설비,split-candidate,boiler-accessory-equipment,environmental-pollution-control,proposal-not-created,pending-owner-activation,신규 slug Owner 승인 필요,automatic,high,proposal-only-not-applied
20110731_021,2011-07-31,21,energy-management,written,1,,piping-fittings-valves,배관·이음쇠·밸브,existing-slug,boiler-piping-insulation,boiler-piping-insulation,existing,pending-owner-activation,frontmatter 관계 활성화 승인 필요,automatic,high,proposal-only-not-applied
20110731_022,2011-07-31,22,energy-management,written,1,,burners-furnaces-atomization,버너·화격자·연소장치,split-candidate,boiler-installation-combustion,burners-furnaces-atomization,proposal-not-created,pending-owner-activation,신규 slug Owner 승인 필요,automatic,high,proposal-only-not-applied
20110731_023,2011-07-31,23,energy-management,written,1,,fuel-properties,연료 특성·발열량,split-candidate,boiler-installation-combustion,fuel-properties,proposal-not-created,pending-owner-activation,신규 slug Owner 승인 필요,automatic,high,proposal-only-not-applied
20110731_024,2011-07-31,24,energy-management,written,1,,water-treatment-corrosion,수질관리·스케일·부식,existing-slug,boiler-water-treatment,boiler-water-treatment,existing,pending-owner-activation,frontmatter 관계 활성화 승인 필요,automatic,high,proposal-only-not-applied
20110731_025,2011-07-31,25,energy-management,written,1,,heat-steam-thermodynamics,열·증기·열역학 기초,existing-slug,boiler-operation-basics,boiler-operation-basics,existing,pending-owner-activation,frontmatter 관계 활성화 승인 필요,automatic,high,proposal-only-not-applied
20110731_026,2011-07-31,26,energy-management,written,1,,heat-steam-thermodynamics,열·증기·열역학 기초,existing-slug,boiler-operation-basics,boiler-operation-basics,existing,pending-owner-activation,frontmatter 관계 활성화 승인 필요,automatic,high,proposal-only-not-applied
20110731_027,2011-07-31,27,energy-management,written,1,jpg 확필,automatic-control-interlocks,자동제어·인터록,existing-slug,boiler-control-systems,boiler-control-systems,existing,exclude,그림 문항 공개 검토 유지,pdf-reviewed,high,proposal-only-not-applied
20110731_028,2011-07-31,28,energy-management,written,1,,boiler-types-construction,보일러 형식·구조·재료,split-candidate,boiler-operation-basics,boiler-types-construction,proposal-not-created,pending-owner-activation,신규 slug Owner 승인 필요,automatic,high,proposal-only-not-applied
20110731_029,2011-07-31,29,energy-management,written,1,,auxiliary-feedwater-equipment,급수·부대설비,existing-slug,boiler-auxiliary-equipment,boiler-auxiliary-equipment,existing,pending-owner-activation,frontmatter 관계 활성화 승인 필요,pdf-reviewed,low,proposal-only-not-applied
20110731_030,2011-07-31,30,energy-management,written,1,,heating-systems,증기·온수·복사난방,split-candidate,boiler-piping-insulation,heating-systems,proposal-not-created,pending-owner-activation,신규 slug Owner 승인 필요,automatic,high,proposal-only-not-applied
20110731_031,2011-07-31,31,energy-management,written,1,,water-treatment-corrosion,수질관리·스케일·부식,existing-slug,boiler-water-treatment,boiler-water-treatment,existing,pending-owner-activation,frontmatter 관계 활성화 승인 필요,automatic,high,proposal-only-not-applied
20110731_032,2011-07-31,32,energy-management,written,1,,heating-systems,증기·온수·복사난방,split-candidate,boiler-piping-insulation,heating-systems,proposal-not-created,pending-owner-activation,신규 slug Owner 승인 필요,automatic,high,proposal-only-not-applied
20110731_033,2011-07-31,33,energy-management,written,1,,safety-devices,안전장치·연소안전,existing-slug,boiler-protection-devices,boiler-protection-devices,existing,pending-owner-activation,frontmatter 관계 활성화 승인 필요,automatic,high,proposal-only-not-applied
20110731_034,2011-07-31,34,energy-management,written,1,,water-treatment-corrosion,수질관리·스케일·부식,existing-slug,boiler-water-treatment,boiler-water-treatment,existing,pending-owner-activation,frontmatter 관계 활성화 승인 필요,automatic,high,proposal-only-not-applied
20110731_035,2011-07-31,35,energy-management,written,1,,heating-systems,증기·온수·복사난방,split-candidate,boiler-piping-insulation,heating-systems,proposal-not-created,pending-owner-activation,신규 slug Owner 승인 필요,automatic,high,proposal-only-not-applied
20110731_036,2011-07-31,36,energy-management,written,1,,instruments-accessories,계측·부속장치,existing-slug,boiler-accessory-equipment,boiler-accessory-equipment,existing,pending-owner-activation,frontmatter 관계 활성화 승인 필요,automatic,high,proposal-only-not-applied
20110731_037,2011-07-31,37,energy-management,written,1,,insulation-materials,보온·단열재,split-candidate,boiler-piping-insulation,insulation-materials,proposal-not-created,pending-owner-activation,신규 slug Owner 승인 필요,automatic,high,proposal-only-not-applied
20110731_038,2011-07-31,38,energy-management,written,1,,efficiency-output-heat-balance,효율·증발량·열정산,existing-slug,boiler-efficiency-heat-balance,boiler-efficiency-heat-balance,existing,pending-owner-activation,frontmatter 관계 활성화 승인 필요,automatic,high,proposal-only-not-applied
20110731_039,2011-07-31,39,energy-management,written,1,,water-treatment-corrosion,수질관리·스케일·부식,existing-slug,boiler-water-treatment,boiler-water-treatment,existing,pending-owner-activation,frontmatter 관계 활성화 승인 필요,automatic,high,proposal-only-not-applied
20110731_040,2011-07-31,40,energy-management,written,1,,combustion-air-calculation,연소·공기비·배기가스 계산,existing-slug,boiler-installation-combustion,boiler-installation-combustion,existing,pending-owner-activation,frontmatter 관계 활성화 승인 필요,automatic,medium,proposal-only-not-applied
20110731_041,2011-07-31,41,energy-management,written,1,,failures-accidents-safety,고장·사고·작업안전,existing-slug,boiler-work-safety,boiler-work-safety,existing,pending-owner-activation,frontmatter 관계 활성화 승인 필요,automatic,high,proposal-only-not-applied
20110731_042,2011-07-31,42,energy-management,written,1,,operation-maintenance-preservation,기동·운전·정지·보존,existing-slug,boiler-operation-maintenance,boiler-operation-maintenance,existing,pending-owner-activation,frontmatter 관계 활성화 승인 필요,automatic,high,proposal-only-not-applied
20110731_043,2011-07-31,43,energy-management,written,1,,heating-systems,증기·온수·복사난방,split-candidate,boiler-piping-insulation,heating-systems,proposal-not-created,pending-owner-activation,신규 slug Owner 승인 필요,automatic,high,proposal-only-not-applied
20110731_044,2011-07-31,44,energy-management,written,1,,heating-systems,증기·온수·복사난방,split-candidate,boiler-piping-insulation,heating-systems,proposal-not-created,pending-owner-activation,신규 slug Owner 승인 필요,automatic,high,proposal-only-not-applied
20110731_045,2011-07-31,45,energy-management,written,1,,operation-maintenance-preservation,기동·운전·정지·보존,existing-slug,boiler-operation-maintenance,boiler-operation-maintenance,existing,pending-owner-activation,frontmatter 관계 활성화 승인 필요,pdf-reviewed,low,proposal-only-not-applied
20110731_046,2011-07-31,46,energy-management,written,1,,operation-maintenance-preservation,기동·운전·정지·보존,existing-slug,boiler-operation-maintenance,boiler-operation-maintenance,existing,pending-owner-activation,frontmatter 관계 활성화 승인 필요,automatic,high,proposal-only-not-applied
20110731_047,2011-07-31,47,energy-management,written,1,,heating-systems,증기·온수·복사난방,split-candidate,boiler-piping-insulation,heating-systems,proposal-not-created,pending-owner-activation,신규 slug Owner 승인 필요,automatic,high,proposal-only-not-applied
20110731_048,2011-07-31,48,energy-management,written,1,,boiler-types-construction,보일러 형식·구조·재료,split-candidate,boiler-operation-basics,boiler-types-construction,proposal-not-created,pending-owner-activation,신규 slug Owner 승인 필요,automatic,high,proposal-only-not-applied
20110731_049,2011-07-31,49,energy-management,written,1,,operation-maintenance-preservation,기동·운전·정지·보존,existing-slug,boiler-operation-maintenance,boiler-operation-maintenance,existing,pending-owner-activation,frontmatter 관계 활성화 승인 필요,pdf-reviewed,low,proposal-only-not-applied
20110731_050,2011-07-31,50,energy-management,written,1,,water-treatment-corrosion,수질관리·스케일·부식,existing-slug,boiler-water-treatment,boiler-water-treatment,existing,pending-owner-activation,frontmatter 관계 활성화 승인 필요,automatic,high,proposal-only-not-applied
20110731_051,2011-07-31,51,energy-management,written,1,,heating-load-radiators,난방부하·방열기 계산,split-candidate,boiler-installation-combustion,heating-load-radiators,proposal-not-created,pending-owner-activation,신규 slug Owner 승인 필요,automatic,high,proposal-only-not-applied
20110731_052,2011-07-31,52,energy-management,written,1,,operation-maintenance-preservation,기동·운전·정지·보존,existing-slug,boiler-operation-maintenance,boiler-operation-maintenance,existing,pending-owner-activation,frontmatter 관계 활성화 승인 필요,pdf-reviewed,low,proposal-only-not-applied
20110731_053,2011-07-31,53,energy-management,written,1,,heating-systems,증기·온수·복사난방,split-candidate,boiler-piping-insulation,heating-systems,proposal-not-created,pending-owner-activation,신규 slug Owner 승인 필요,automatic,high,proposal-only-not-applied
20110731_054,2011-07-31,54,energy-management,written,1,,safety-devices,안전장치·연소안전,existing-slug,boiler-protection-devices,boiler-protection-devices,existing,pending-owner-activation,frontmatter 관계 활성화 승인 필요,pdf-reviewed,low,proposal-only-not-applied
20110731_055,2011-07-31,55,energy-management,written,1,,energy-laws-inspection,에너지 관계법규·검사,existing-slug,energy-laws-and-inspection,energy-laws-and-inspection,existing,pending-owner-activation,frontmatter 관계 활성화 승인 필요,automatic,high,proposal-only-not-applied
20110731_056,2011-07-31,56,energy-management,written,1,jpg 확필,energy-laws-inspection,에너지 관계법규·검사,existing-slug,energy-laws-and-inspection,energy-laws-and-inspection,existing,exclude,그림 문항 공개 검토 유지,pdf-reviewed,high,proposal-only-not-applied
20110731_057,2011-07-31,57,energy-management,written,1,,energy-laws-inspection,에너지 관계법규·검사,existing-slug,energy-laws-and-inspection,energy-laws-and-inspection,existing,pending-owner-activation,frontmatter 관계 활성화 승인 필요,automatic,high,proposal-only-not-applied
20110731_058,2011-07-31,58,energy-management,written,1,,energy-laws-inspection,에너지 관계법규·검사,existing-slug,energy-laws-and-inspection,energy-laws-and-inspection,existing,pending-owner-activation,frontmatter 관계 활성화 승인 필요,automatic,high,proposal-only-not-applied
20110731_059,2011-07-31,59,energy-management,written,1,,energy-laws-inspection,에너지 관계법규·검사,existing-slug,energy-laws-and-inspection,energy-laws-and-inspection,existing,pending-owner-activation,frontmatter 관계 활성화 승인 필요,automatic,medium,proposal-only-not-applied
20110731_060,2011-07-31,60,energy-management,written,1,,energy-laws-inspection,에너지 관계법규·검사,existing-slug,energy-laws-and-inspection,energy-laws-and-inspection,existing,pending-owner-activation,frontmatter 관계 활성화 승인 필요,automatic,high,proposal-only-not-applied
20111009_001,2011-10-09,1,energy-management,written,1,,safety-devices,안전장치·연소안전,existing-slug,boiler-protection-devices,boiler-protection-devices,existing,pending-owner-activation,frontmatter 관계 활성화 승인 필요,automatic,high,proposal-only-not-applied
20111009_002,2011-10-09,2,energy-management,written,1,,boiler-types-construction,보일러 형식·구조·재료,split-candidate,boiler-operation-basics,boiler-types-construction,proposal-not-created,pending-owner-activation,신규 slug Owner 승인 필요,automatic,high,proposal-only-not-applied
20111009_003,2011-10-09,3,energy-management,written,1,,burners-furnaces-atomization,버너·화격자·연소장치,split-candidate,boiler-installation-combustion,burners-furnaces-atomization,proposal-not-created,pending-owner-activation,신규 slug Owner 승인 필요,automatic,high,proposal-only-not-applied
20111009_004,2011-10-09,4,energy-management,written,1,,automatic-control-interlocks,자동제어·인터록,existing-slug,boiler-control-systems,boiler-control-systems,existing,pending-owner-activation,frontmatter 관계 활성화 승인 필요,automatic,medium,proposal-only-not-applied
20111009_005,2011-10-09,5,energy-management,written,1,,automatic-control-interlocks,자동제어·인터록,existing-slug,boiler-control-systems,boiler-control-systems,existing,pending-owner-activation,frontmatter 관계 활성화 승인 필요,automatic,high,proposal-only-not-applied
20111009_006,2011-10-09,6,energy-management,written,1,,fuel-properties,연료 특성·발열량,split-candidate,boiler-installation-combustion,fuel-properties,proposal-not-created,pending-owner-activation,신규 slug Owner 승인 필요,automatic,high,proposal-only-not-applied
20111009_007,2011-10-09,7,energy-management,written,1,,boiler-types-construction,보일러 형식·구조·재료,split-candidate,boiler-operation-basics,boiler-types-construction,proposal-not-created,pending-owner-activation,신규 slug Owner 승인 필요,automatic,medium,proposal-only-not-applied
20111009_008,2011-10-09,8,energy-management,written,1,,automatic-control-interlocks,자동제어·인터록,existing-slug,boiler-control-systems,boiler-control-systems,existing,pending-owner-activation,frontmatter 관계 활성화 승인 필요,automatic,high,proposal-only-not-applied
20111009_009,2011-10-09,9,energy-management,written,1,,combustion-air-calculation,연소·공기비·배기가스 계산,existing-slug,boiler-installation-combustion,boiler-installation-combustion,existing,pending-owner-activation,frontmatter 관계 활성화 승인 필요,automatic,medium,proposal-only-not-applied
20111009_010,2011-10-09,10,energy-management,written,1,,heat-steam-thermodynamics,열·증기·열역학 기초,existing-slug,boiler-operation-basics,boiler-operation-basics,existing,pending-owner-activation,frontmatter 관계 활성화 승인 필요,automatic,high,proposal-only-not-applied
20111009_011,2011-10-09,11,energy-management,written,1,,environmental-pollution-control,집진·환경설비,split-candidate,boiler-accessory-equipment,environmental-pollution-control,proposal-not-created,pending-owner-activation,신규 slug Owner 승인 필요,automatic,high,proposal-only-not-applied
20111009_012,2011-10-09,12,energy-management,written,1,,fuel-properties,연료 특성·발열량,split-candidate,boiler-installation-combustion,fuel-properties,proposal-not-created,pending-owner-activation,신규 slug Owner 승인 필요,automatic,high,proposal-only-not-applied
20111009_013,2011-10-09,13,energy-management,written,1,,steam-traps-condensate,증기트랩·응축수 환수,split-candidate,boiler-piping-insulation,steam-traps-condensate,proposal-not-created,pending-owner-activation,신규 slug Owner 승인 필요,automatic,medium,proposal-only-not-applied
20111009_014,2011-10-09,14,energy-management,written,1,,fuel-properties,연료 특성·발열량,split-candidate,boiler-installation-combustion,fuel-properties,proposal-not-created,pending-owner-activation,신규 slug Owner 승인 필요,automatic,high,proposal-only-not-applied
20111009_015,2011-10-09,15,energy-management,written,1,,combustion-air-calculation,연소·공기비·배기가스 계산,existing-slug,boiler-installation-combustion,boiler-installation-combustion,existing,pending-owner-activation,frontmatter 관계 활성화 승인 필요,automatic,medium,proposal-only-not-applied
20111009_016,2011-10-09,16,energy-management,written,1,,burners-furnaces-atomization,버너·화격자·연소장치,split-candidate,boiler-installation-combustion,burners-furnaces-atomization,proposal-not-created,pending-owner-activation,신규 slug Owner 승인 필요,automatic,high,proposal-only-not-applied
20111009_017,2011-10-09,17,energy-management,written,1,,auxiliary-feedwater-equipment,급수·부대설비,existing-slug,boiler-auxiliary-equipment,boiler-auxiliary-equipment,existing,pending-owner-activation,frontmatter 관계 활성화 승인 필요,automatic,high,proposal-only-not-applied
20111009_018,2011-10-09,18,energy-management,written,1,,auxiliary-feedwater-equipment,급수·부대설비,existing-slug,boiler-auxiliary-equipment,boiler-auxiliary-equipment,existing,pending-owner-activation,frontmatter 관계 활성화 승인 필요,automatic,high,proposal-only-not-applied
20111009_019,2011-10-09,19,energy-management,written,1,,safety-devices,안전장치·연소안전,existing-slug,boiler-protection-devices,boiler-protection-devices,existing,pending-owner-activation,frontmatter 관계 활성화 승인 필요,automatic,high,proposal-only-not-applied
20111009_020,2011-10-09,20,energy-management,written,1,,heat-steam-thermodynamics,열·증기·열역학 기초,existing-slug,boiler-operation-basics,boiler-operation-basics,existing,pending-owner-activation,frontmatter 관계 활성화 승인 필요,automatic,high,proposal-only-not-applied
20111009_021,2011-10-09,21,energy-management,written,1,,boiler-types-construction,보일러 형식·구조·재료,split-candidate,boiler-operation-basics,boiler-types-construction,proposal-not-created,pending-owner-activation,신규 slug Owner 승인 필요,automatic,high,proposal-only-not-applied
20111009_022,2011-10-09,22,energy-management,written,1,,automatic-control-interlocks,자동제어·인터록,existing-slug,boiler-control-systems,boiler-control-systems,existing,pending-owner-activation,frontmatter 관계 활성화 승인 필요,automatic,high,proposal-only-not-applied
20111009_023,2011-10-09,23,energy-management,written,1,,automatic-control-interlocks,자동제어·인터록,existing-slug,boiler-control-systems,boiler-control-systems,existing,pending-owner-activation,frontmatter 관계 활성화 승인 필요,automatic,medium,proposal-only-not-applied
20111009_024,2011-10-09,24,energy-management,written,1,,piping-fittings-valves,배관·이음쇠·밸브,existing-slug,boiler-piping-insulation,boiler-piping-insulation,existing,pending-owner-activation,frontmatter 관계 활성화 승인 필요,automatic,high,proposal-only-not-applied
20111009_025,2011-10-09,25,energy-management,written,1,,instruments-accessories,계측·부속장치,existing-slug,boiler-accessory-equipment,boiler-accessory-equipment,existing,pending-owner-activation,frontmatter 관계 활성화 승인 필요,automatic,high,proposal-only-not-applied
20111009_026,2011-10-09,26,energy-management,written,1,,fuel-properties,연료 특성·발열량,split-candidate,boiler-installation-combustion,fuel-properties,proposal-not-created,pending-owner-activation,신규 slug Owner 승인 필요,automatic,high,proposal-only-not-applied
20111009_027,2011-10-09,27,energy-management,written,1,,efficiency-output-heat-balance,효율·증발량·열정산,existing-slug,boiler-efficiency-heat-balance,boiler-efficiency-heat-balance,existing,pending-owner-activation,frontmatter 관계 활성화 승인 필요,automatic,high,proposal-only-not-applied
20111009_028,2011-10-09,28,energy-management,written,1,,boiler-types-construction,보일러 형식·구조·재료,split-candidate,boiler-operation-basics,boiler-types-construction,proposal-not-created,pending-owner-activation,신규 slug Owner 승인 필요,automatic,high,proposal-only-not-applied
20111009_029,2011-10-09,29,energy-management,written,1,,instruments-accessories,계측·부속장치,existing-slug,boiler-accessory-equipment,boiler-accessory-equipment,existing,pending-owner-activation,frontmatter 관계 활성화 승인 필요,automatic,high,proposal-only-not-applied
20111009_030,2011-10-09,30,energy-management,written,1,,draft-flue-gas,통풍·연도·굴뚝,split-candidate,boiler-installation-combustion,draft-flue-gas,proposal-not-created,pending-owner-activation,신규 slug Owner 승인 필요,automatic,medium,proposal-only-not-applied
20111009_031,2011-10-09,31,energy-management,written,1,,energy-laws-inspection,에너지 관계법규·검사,existing-slug,energy-laws-and-inspection,energy-laws-and-inspection,existing,pending-owner-activation,frontmatter 관계 활성화 승인 필요,automatic,high,proposal-only-not-applied
20111009_032,2011-10-09,32,energy-management,written,1,,operation-maintenance-preservation,기동·운전·정지·보존,existing-slug,boiler-operation-maintenance,boiler-operation-maintenance,existing,pending-owner-activation,frontmatter 관계 활성화 승인 필요,pdf-reviewed,low,proposal-only-not-applied
20111009_033,2011-10-09,33,energy-management,written,1,,heating-systems,증기·온수·복사난방,split-candidate,boiler-piping-insulation,heating-systems,proposal-not-created,pending-owner-activation,신규 slug Owner 승인 필요,automatic,medium,proposal-only-not-applied
20111009_034,2011-10-09,34,energy-management,written,1,,water-treatment-corrosion,수질관리·스케일·부식,existing-slug,boiler-water-treatment,boiler-water-treatment,existing,pending-owner-activation,frontmatter 관계 활성화 승인 필요,automatic,high,proposal-only-not-applied
20111009_035,2011-10-09,35,energy-management,written,1,,failures-accidents-safety,고장·사고·작업안전,existing-slug,boiler-work-safety,boiler-work-safety,existing,pending-owner-activation,frontmatter 관계 활성화 승인 필요,automatic,high,proposal-only-not-applied
20111009_036,2011-10-09,36,energy-management,written,1,,heating-systems,증기·온수·복사난방,split-candidate,boiler-piping-insulation,heating-systems,proposal-not-created,pending-owner-activation,신규 slug Owner 승인 필요,automatic,medium,proposal-only-not-applied
20111009_037,2011-10-09,37,energy-management,written,1,,automatic-control-interlocks,자동제어·인터록,existing-slug,boiler-control-systems,boiler-control-systems,existing,pending-owner-activation,frontmatter 관계 활성화 승인 필요,automatic,high,proposal-only-not-applied
20111009_038,2011-10-09,38,energy-management,written,1,,safety-devices,안전장치·연소안전,existing-slug,boiler-protection-devices,boiler-protection-devices,existing,pending-owner-activation,frontmatter 관계 활성화 승인 필요,automatic,high,proposal-only-not-applied
20111009_039,2011-10-09,39,energy-management,written,1,,heating-systems,증기·온수·복사난방,split-candidate,boiler-piping-insulation,heating-systems,proposal-not-created,pending-owner-activation,신규 slug Owner 승인 필요,automatic,high,proposal-only-not-applied
20111009_040,2011-10-09,40,energy-management,written,1,,fuel-properties,연료 특성·발열량,split-candidate,boiler-installation-combustion,fuel-properties,proposal-not-created,pending-owner-activation,신규 slug Owner 승인 필요,automatic,high,proposal-only-not-applied
20111009_041,2011-10-09,41,energy-management,written,1,,heating-systems,증기·온수·복사난방,split-candidate,boiler-piping-insulation,heating-systems,proposal-not-created,pending-owner-activation,신규 slug Owner 승인 필요,automatic,high,proposal-only-not-applied
20111009_042,2011-10-09,42,energy-management,written,1,,operation-maintenance-preservation,기동·운전·정지·보존,existing-slug,boiler-operation-maintenance,boiler-operation-maintenance,existing,pending-owner-activation,frontmatter 관계 활성화 승인 필요,automatic,high,proposal-only-not-applied
20111009_043,2011-10-09,43,energy-management,written,1,,heating-systems,증기·온수·복사난방,split-candidate,boiler-piping-insulation,heating-systems,proposal-not-created,pending-owner-activation,신규 slug Owner 승인 필요,automatic,medium,proposal-only-not-applied
20111009_044,2011-10-09,44,energy-management,written,1,,heating-load-radiators,난방부하·방열기 계산,split-candidate,boiler-installation-combustion,heating-load-radiators,proposal-not-created,pending-owner-activation,신규 slug Owner 승인 필요,automatic,high,proposal-only-not-applied
20111009_045,2011-10-09,45,energy-management,written,1,,boiler-types-construction,보일러 형식·구조·재료,split-candidate,boiler-operation-basics,boiler-types-construction,proposal-not-created,pending-owner-activation,신규 slug Owner 승인 필요,automatic,medium,proposal-only-not-applied
20111009_046,2011-10-09,46,energy-management,written,1,,piping-fittings-valves,배관·이음쇠·밸브,existing-slug,boiler-piping-insulation,boiler-piping-insulation,existing,pending-owner-activation,frontmatter 관계 활성화 승인 필요,automatic,high,proposal-only-not-applied
20111009_047,2011-10-09,47,energy-management,written,1,,failures-accidents-safety,고장·사고·작업안전,existing-slug,boiler-work-safety,boiler-work-safety,existing,pending-owner-activation,frontmatter 관계 활성화 승인 필요,automatic,high,proposal-only-not-applied
20111009_048,2011-10-09,48,energy-management,written,1,,operation-maintenance-preservation,기동·운전·정지·보존,existing-slug,boiler-operation-maintenance,boiler-operation-maintenance,existing,pending-owner-activation,frontmatter 관계 활성화 승인 필요,automatic,high,proposal-only-not-applied
20111009_049,2011-10-09,49,energy-management,written,1,,boiler-types-construction,보일러 형식·구조·재료,split-candidate,boiler-operation-basics,boiler-types-construction,proposal-not-created,pending-owner-activation,신규 slug Owner 승인 필요,automatic,high,proposal-only-not-applied
20111009_050,2011-10-09,50,energy-management,written,1,,piping-fittings-valves,배관·이음쇠·밸브,existing-slug,boiler-piping-insulation,boiler-piping-insulation,existing,pending-owner-activation,frontmatter 관계 활성화 승인 필요,automatic,high,proposal-only-not-applied
20111009_051,2011-10-09,51,energy-management,written,1,,efficiency-output-heat-balance,효율·증발량·열정산,existing-slug,boiler-efficiency-heat-balance,boiler-efficiency-heat-balance,existing,pending-owner-activation,frontmatter 관계 활성화 승인 필요,automatic,medium,proposal-only-not-applied
20111009_052,2011-10-09,52,energy-management,written,1,,failures-accidents-safety,고장·사고·작업안전,existing-slug,boiler-work-safety,boiler-work-safety,existing,pending-owner-activation,frontmatter 관계 활성화 승인 필요,automatic,medium,proposal-only-not-applied
20111009_053,2011-10-09,53,energy-management,written,1,,heating-systems,증기·온수·복사난방,split-candidate,boiler-piping-insulation,heating-systems,proposal-not-created,pending-owner-activation,신규 slug Owner 승인 필요,automatic,high,proposal-only-not-applied
20111009_054,2011-10-09,54,energy-management,written,1,,heating-load-radiators,난방부하·방열기 계산,split-candidate,boiler-installation-combustion,heating-load-radiators,proposal-not-created,pending-owner-activation,신규 slug Owner 승인 필요,automatic,high,proposal-only-not-applied
20111009_055,2011-10-09,55,energy-management,written,1,,energy-laws-inspection,에너지 관계법규·검사,existing-slug,energy-laws-and-inspection,energy-laws-and-inspection,existing,pending-owner-activation,frontmatter 관계 활성화 승인 필요,pdf-reviewed,low,proposal-only-not-applied
20111009_056,2011-10-09,56,energy-management,written,1,,boiler-types-construction,보일러 형식·구조·재료,split-candidate,boiler-operation-basics,boiler-types-construction,proposal-not-created,pending-owner-activation,신규 slug Owner 승인 필요,automatic,high,proposal-only-not-applied
20111009_057,2011-10-09,57,energy-management,written,1,,energy-laws-inspection,에너지 관계법규·검사,existing-slug,energy-laws-and-inspection,energy-laws-and-inspection,existing,pending-owner-activation,frontmatter 관계 활성화 승인 필요,automatic,high,proposal-only-not-applied
20111009_058,2011-10-09,58,energy-management,written,1,,energy-laws-inspection,에너지 관계법규·검사,existing-slug,energy-laws-and-inspection,energy-laws-and-inspection,existing,pending-owner-activation,frontmatter 관계 활성화 승인 필요,automatic,high,proposal-only-not-applied
20111009_059,2011-10-09,59,energy-management,written,1,,energy-laws-inspection,에너지 관계법규·검사,existing-slug,energy-laws-and-inspection,energy-laws-and-inspection,existing,pending-owner-activation,frontmatter 관계 활성화 승인 필요,automatic,high,proposal-only-not-applied
20111009_060,2011-10-09,60,energy-management,written,1,,energy-laws-inspection,에너지 관계법규·검사,existing-slug,energy-laws-and-inspection,energy-laws-and-inspection,existing,pending-owner-activation,frontmatter 관계 활성화 승인 필요,automatic,high,proposal-only-not-applied
20120212_001,2012-02-12,1,energy-management,written,1,,boiler-types-construction,보일러 형식·구조·재료,split-candidate,boiler-operation-basics,boiler-types-construction,proposal-not-created,pending-owner-activation,신규 slug Owner 승인 필요,automatic,high,proposal-only-not-applied
20120212_002,2012-02-12,2,energy-management,written,1,,heat-steam-thermodynamics,열·증기·열역학 기초,existing-slug,boiler-operation-basics,boiler-operation-basics,existing,pending-owner-activation,frontmatter 관계 활성화 승인 필요,automatic,high,proposal-only-not-applied
20120212_003,2012-02-12,3,energy-management,written,1,,instruments-accessories,계측·부속장치,existing-slug,boiler-accessory-equipment,boiler-accessory-equipment,existing,pending-owner-activation,frontmatter 관계 활성화 승인 필요,automatic,high,proposal-only-not-applied
20120212_004,2012-02-12,4,energy-management,written,1,,combustion-air-calculation,연소·공기비·배기가스 계산,existing-slug,boiler-installation-combustion,boiler-installation-combustion,existing,pending-owner-activation,frontmatter 관계 활성화 승인 필요,automatic,high,proposal-only-not-applied
20120212_005,2012-02-12,5,energy-management,written,1,,safety-devices,안전장치·연소안전,existing-slug,boiler-protection-devices,boiler-protection-devices,existing,pending-owner-activation,frontmatter 관계 활성화 승인 필요,automatic,high,proposal-only-not-applied
20120212_006,2012-02-12,6,energy-management,written,1,,fuel-properties,연료 특성·발열량,split-candidate,boiler-installation-combustion,fuel-properties,proposal-not-created,pending-owner-activation,신규 slug Owner 승인 필요,automatic,high,proposal-only-not-applied
20120212_007,2012-02-12,7,energy-management,written,1,,boiler-types-construction,보일러 형식·구조·재료,split-candidate,boiler-operation-basics,boiler-types-construction,proposal-not-created,pending-owner-activation,신규 slug Owner 승인 필요,automatic,high,proposal-only-not-applied
20120212_008,2012-02-12,8,energy-management,written,1,,boiler-types-construction,보일러 형식·구조·재료,split-candidate,boiler-operation-basics,boiler-types-construction,proposal-not-created,pending-owner-activation,신규 slug Owner 승인 필요,automatic,high,proposal-only-not-applied
20120212_009,2012-02-12,9,energy-management,written,1,,auxiliary-feedwater-equipment,급수·부대설비,existing-slug,boiler-auxiliary-equipment,boiler-auxiliary-equipment,existing,pending-owner-activation,frontmatter 관계 활성화 승인 필요,automatic,high,proposal-only-not-applied
20120212_010,2012-02-12,10,energy-management,written,1,,efficiency-output-heat-balance,효율·증발량·열정산,existing-slug,boiler-efficiency-heat-balance,boiler-efficiency-heat-balance,existing,pending-owner-activation,frontmatter 관계 활성화 승인 필요,automatic,high,proposal-only-not-applied
20120212_011,2012-02-12,11,energy-management,written,1,,environmental-pollution-control,집진·환경설비,split-candidate,boiler-accessory-equipment,environmental-pollution-control,proposal-not-created,pending-owner-activation,신규 slug Owner 승인 필요,automatic,medium,proposal-only-not-applied
20120212_012,2012-02-12,12,energy-management,written,1,,auxiliary-feedwater-equipment,급수·부대설비,existing-slug,boiler-auxiliary-equipment,boiler-auxiliary-equipment,existing,pending-owner-activation,frontmatter 관계 활성화 승인 필요,pdf-reviewed,low,proposal-only-not-applied
20120212_013,2012-02-12,13,energy-management,written,1,,fuel-properties,연료 특성·발열량,split-candidate,boiler-installation-combustion,fuel-properties,proposal-not-created,pending-owner-activation,신규 slug Owner 승인 필요,automatic,high,proposal-only-not-applied
20120212_014,2012-02-12,14,energy-management,written,1,,efficiency-output-heat-balance,효율·증발량·열정산,existing-slug,boiler-efficiency-heat-balance,boiler-efficiency-heat-balance,existing,pending-owner-activation,frontmatter 관계 활성화 승인 필요,automatic,high,proposal-only-not-applied
20120212_015,2012-02-12,15,energy-management,written,1,,instruments-accessories,계측·부속장치,existing-slug,boiler-accessory-equipment,boiler-accessory-equipment,existing,pending-owner-activation,frontmatter 관계 활성화 승인 필요,automatic,high,proposal-only-not-applied
20120212_016,2012-02-12,16,energy-management,written,1,,draft-flue-gas,통풍·연도·굴뚝,split-candidate,boiler-installation-combustion,draft-flue-gas,proposal-not-created,pending-owner-activation,신규 slug Owner 승인 필요,pdf-reviewed,low,proposal-only-not-applied
20120212_017,2012-02-12,17,energy-management,written,1,,automatic-control-interlocks,자동제어·인터록,existing-slug,boiler-control-systems,boiler-control-systems,existing,pending-owner-activation,frontmatter 관계 활성화 승인 필요,automatic,high,proposal-only-not-applied
20120212_018,2012-02-12,18,energy-management,written,1,,boiler-types-construction,보일러 형식·구조·재료,split-candidate,boiler-operation-basics,boiler-types-construction,proposal-not-created,pending-owner-activation,신규 slug Owner 승인 필요,automatic,high,proposal-only-not-applied
20120212_019,2012-02-12,19,energy-management,written,1,,instruments-accessories,계측·부속장치,existing-slug,boiler-accessory-equipment,boiler-accessory-equipment,existing,pending-owner-activation,frontmatter 관계 활성화 승인 필요,automatic,high,proposal-only-not-applied
20120212_020,2012-02-12,20,energy-management,written,1,,fuel-properties,연료 특성·발열량,split-candidate,boiler-installation-combustion,fuel-properties,proposal-not-created,pending-owner-activation,신규 slug Owner 승인 필요,automatic,medium,proposal-only-not-applied
20120212_021,2012-02-12,21,energy-management,written,1,jpg 확필,piping-fittings-valves,배관·이음쇠·밸브,existing-slug,boiler-piping-insulation,boiler-piping-insulation,existing,exclude,그림 문항 공개 검토 유지,pdf-reviewed,medium,proposal-only-not-applied
20120212_022,2012-02-12,22,energy-management,written,1,,energy-laws-inspection,에너지 관계법규·검사,existing-slug,energy-laws-and-inspection,energy-laws-and-inspection,existing,pending-owner-activation,frontmatter 관계 활성화 승인 필요,automatic,high,proposal-only-not-applied
20120212_023,2012-02-12,23,energy-management,written,1,,operation-maintenance-preservation,기동·운전·정지·보존,existing-slug,boiler-operation-maintenance,boiler-operation-maintenance,existing,pending-owner-activation,frontmatter 관계 활성화 승인 필요,automatic,high,proposal-only-not-applied
20120212_024,2012-02-12,24,energy-management,written,1,,piping-fittings-valves,배관·이음쇠·밸브,existing-slug,boiler-piping-insulation,boiler-piping-insulation,existing,pending-owner-activation,frontmatter 관계 활성화 승인 필요,automatic,high,proposal-only-not-applied
20120212_025,2012-02-12,25,energy-management,written,1,,steam-traps-condensate,증기트랩·응축수 환수,split-candidate,boiler-piping-insulation,steam-traps-condensate,proposal-not-created,pending-owner-activation,신규 slug Owner 승인 필요,automatic,high,proposal-only-not-applied
20120212_026,2012-02-12,26,energy-management,written,1,,heating-load-radiators,난방부하·방열기 계산,split-candidate,boiler-installation-combustion,heating-load-radiators,proposal-not-created,pending-owner-activation,신규 slug Owner 승인 필요,automatic,high,proposal-only-not-applied
20120212_027,2012-02-12,27,energy-management,written,1,,insulation-materials,보온·단열재,split-candidate,boiler-piping-insulation,insulation-materials,proposal-not-created,pending-owner-activation,신규 slug Owner 승인 필요,automatic,high,proposal-only-not-applied
20120212_028,2012-02-12,28,energy-management,written,1,,failures-accidents-safety,고장·사고·작업안전,existing-slug,boiler-work-safety,boiler-work-safety,existing,pending-owner-activation,frontmatter 관계 활성화 승인 필요,pdf-reviewed,low,proposal-only-not-applied
20120212_029,2012-02-12,29,energy-management,written,1,,safety-devices,안전장치·연소안전,existing-slug,boiler-protection-devices,boiler-protection-devices,existing,pending-owner-activation,frontmatter 관계 활성화 승인 필요,automatic,high,proposal-only-not-applied
20120212_030,2012-02-12,30,energy-management,written,1,,insulation-materials,보온·단열재,split-candidate,boiler-piping-insulation,insulation-materials,proposal-not-created,pending-owner-activation,신규 slug Owner 승인 필요,automatic,high,proposal-only-not-applied
20120212_031,2012-02-12,31,energy-management,written,1,,fuel-properties,연료 특성·발열량,split-candidate,boiler-installation-combustion,fuel-properties,proposal-not-created,pending-owner-activation,신규 slug Owner 승인 필요,automatic,high,proposal-only-not-applied
20120212_032,2012-02-12,32,energy-management,written,1,,heat-steam-thermodynamics,열·증기·열역학 기초,existing-slug,boiler-operation-basics,boiler-operation-basics,existing,pending-owner-activation,frontmatter 관계 활성화 승인 필요,automatic,high,proposal-only-not-applied
20120212_033,2012-02-12,33,energy-management,written,1,,auxiliary-feedwater-equipment,급수·부대설비,existing-slug,boiler-auxiliary-equipment,boiler-auxiliary-equipment,existing,pending-owner-activation,frontmatter 관계 활성화 승인 필요,automatic,high,proposal-only-not-applied
20120212_034,2012-02-12,34,energy-management,written,1,,instruments-accessories,계측·부속장치,existing-slug,boiler-accessory-equipment,boiler-accessory-equipment,existing,pending-owner-activation,frontmatter 관계 활성화 승인 필요,automatic,high,proposal-only-not-applied
20120212_035,2012-02-12,35,energy-management,written,1,,fuel-properties,연료 특성·발열량,split-candidate,boiler-installation-combustion,fuel-properties,proposal-not-created,pending-owner-activation,신규 slug Owner 승인 필요,automatic,high,proposal-only-not-applied
20120212_036,2012-02-12,36,energy-management,written,1,,environmental-pollution-control,집진·환경설비,split-candidate,boiler-accessory-equipment,environmental-pollution-control,proposal-not-created,pending-owner-activation,신규 slug Owner 승인 필요,automatic,high,proposal-only-not-applied
20120212_037,2012-02-12,37,energy-management,written,1,,efficiency-output-heat-balance,효율·증발량·열정산,existing-slug,boiler-efficiency-heat-balance,boiler-efficiency-heat-balance,existing,pending-owner-activation,frontmatter 관계 활성화 승인 필요,automatic,high,proposal-only-not-applied
20120212_038,2012-02-12,38,energy-management,written,1,,safety-devices,안전장치·연소안전,existing-slug,boiler-protection-devices,boiler-protection-devices,existing,pending-owner-activation,frontmatter 관계 활성화 승인 필요,automatic,medium,proposal-only-not-applied
20120212_039,2012-02-12,39,energy-management,written,1,,heat-steam-thermodynamics,열·증기·열역학 기초,existing-slug,boiler-operation-basics,boiler-operation-basics,existing,pending-owner-activation,frontmatter 관계 활성화 승인 필요,automatic,high,proposal-only-not-applied
20120212_040,2012-02-12,40,energy-management,written,1,,failures-accidents-safety,고장·사고·작업안전,existing-slug,boiler-work-safety,boiler-work-safety,existing,pending-owner-activation,frontmatter 관계 활성화 승인 필요,pdf-reviewed,low,proposal-only-not-applied
20120212_041,2012-02-12,41,energy-management,written,1,,piping-fittings-valves,배관·이음쇠·밸브,existing-slug,boiler-piping-insulation,boiler-piping-insulation,existing,pending-owner-activation,frontmatter 관계 활성화 승인 필요,automatic,high,proposal-only-not-applied
20120212_042,2012-02-12,42,energy-management,written,1,,operation-maintenance-preservation,기동·운전·정지·보존,existing-slug,boiler-operation-maintenance,boiler-operation-maintenance,existing,pending-owner-activation,frontmatter 관계 활성화 승인 필요,automatic,high,proposal-only-not-applied
20120212_043,2012-02-12,43,energy-management,written,1,,piping-fittings-valves,배관·이음쇠·밸브,existing-slug,boiler-piping-insulation,boiler-piping-insulation,existing,pending-owner-activation,frontmatter 관계 활성화 승인 필요,automatic,high,proposal-only-not-applied
20120212_044,2012-02-12,44,energy-management,written,1,,heating-load-radiators,난방부하·방열기 계산,split-candidate,boiler-installation-combustion,heating-load-radiators,proposal-not-created,pending-owner-activation,신규 slug Owner 승인 필요,automatic,high,proposal-only-not-applied
20120212_045,2012-02-12,45,energy-management,written,1,,steam-traps-condensate,증기트랩·응축수 환수,split-candidate,boiler-piping-insulation,steam-traps-condensate,proposal-not-created,pending-owner-activation,신규 slug Owner 승인 필요,automatic,high,proposal-only-not-applied
20120212_046,2012-02-12,46,energy-management,written,1,,energy-laws-inspection,에너지 관계법규·검사,existing-slug,energy-laws-and-inspection,energy-laws-and-inspection,existing,pending-owner-activation,frontmatter 관계 활성화 승인 필요,automatic,high,proposal-only-not-applied
20120212_047,2012-02-12,47,energy-management,written,1,,water-treatment-corrosion,수질관리·스케일·부식,existing-slug,boiler-water-treatment,boiler-water-treatment,existing,pending-owner-activation,frontmatter 관계 활성화 승인 필요,automatic,high,proposal-only-not-applied
20120212_048,2012-02-12,48,energy-management,written,1,,water-treatment-corrosion,수질관리·스케일·부식,existing-slug,boiler-water-treatment,boiler-water-treatment,existing,pending-owner-activation,frontmatter 관계 활성화 승인 필요,automatic,medium,proposal-only-not-applied
20120212_049,2012-02-12,49,energy-management,written,1,,heating-systems,증기·온수·복사난방,split-candidate,boiler-piping-insulation,heating-systems,proposal-not-created,pending-owner-activation,신규 slug Owner 승인 필요,automatic,high,proposal-only-not-applied
20120212_050,2012-02-12,50,energy-management,written,1,,piping-fittings-valves,배관·이음쇠·밸브,existing-slug,boiler-piping-insulation,boiler-piping-insulation,existing,pending-owner-activation,frontmatter 관계 활성화 승인 필요,automatic,high,proposal-only-not-applied
20120212_051,2012-02-12,51,energy-management,written,1,,draft-flue-gas,통풍·연도·굴뚝,split-candidate,boiler-installation-combustion,draft-flue-gas,proposal-not-created,pending-owner-activation,신규 slug Owner 승인 필요,automatic,high,proposal-only-not-applied
20120212_052,2012-02-12,52,energy-management,written,1,,energy-laws-inspection,에너지 관계법규·검사,existing-slug,energy-laws-and-inspection,energy-laws-and-inspection,existing,pending-owner-activation,frontmatter 관계 활성화 승인 필요,automatic,high,proposal-only-not-applied
20120212_053,2012-02-12,53,energy-management,written,1,,energy-laws-inspection,에너지 관계법규·검사,existing-slug,energy-laws-and-inspection,energy-laws-and-inspection,existing,pending-owner-activation,frontmatter 관계 활성화 승인 필요,automatic,high,proposal-only-not-applied
20120212_054,2012-02-12,54,energy-management,written,1,,energy-laws-inspection,에너지 관계법규·검사,existing-slug,energy-laws-and-inspection,energy-laws-and-inspection,existing,pending-owner-activation,frontmatter 관계 활성화 승인 필요,automatic,high,proposal-only-not-applied
20120212_055,2012-02-12,55,energy-management,written,1,,energy-laws-inspection,에너지 관계법규·검사,existing-slug,energy-laws-and-inspection,energy-laws-and-inspection,existing,pending-owner-activation,frontmatter 관계 활성화 승인 필요,automatic,high,proposal-only-not-applied
20120212_056,2012-02-12,56,energy-management,written,1,,insulation-materials,보온·단열재,split-candidate,boiler-piping-insulation,insulation-materials,proposal-not-created,pending-owner-activation,신규 slug Owner 승인 필요,automatic,high,proposal-only-not-applied
20120212_057,2012-02-12,57,energy-management,written,1,,piping-fittings-valves,배관·이음쇠·밸브,existing-slug,boiler-piping-insulation,boiler-piping-insulation,existing,pending-owner-activation,frontmatter 관계 활성화 승인 필요,automatic,high,proposal-only-not-applied
20120212_058,2012-02-12,58,energy-management,written,1,,heating-systems,증기·온수·복사난방,split-candidate,boiler-piping-insulation,heating-systems,proposal-not-created,pending-owner-activation,신규 slug Owner 승인 필요,automatic,high,proposal-only-not-applied
20120212_059,2012-02-12,59,energy-management,written,1,,boiler-types-construction,보일러 형식·구조·재료,split-candidate,boiler-operation-basics,boiler-types-construction,proposal-not-created,pending-owner-activation,신규 slug Owner 승인 필요,automatic,medium,proposal-only-not-applied
20120212_060,2012-02-12,60,energy-management,written,1,,energy-laws-inspection,에너지 관계법규·검사,existing-slug,energy-laws-and-inspection,energy-laws-and-inspection,existing,pending-owner-activation,frontmatter 관계 활성화 승인 필요,automatic,high,proposal-only-not-applied
20120408_001,2012-04-08,1,energy-management,written,1,,burners-furnaces-atomization,버너·화격자·연소장치,split-candidate,boiler-installation-combustion,burners-furnaces-atomization,proposal-not-created,pending-owner-activation,신규 slug Owner 승인 필요,automatic,high,proposal-only-not-applied
20120408_002,2012-04-08,2,energy-management,written,1,,safety-devices,안전장치·연소안전,existing-slug,boiler-protection-devices,boiler-protection-devices,existing,pending-owner-activation,frontmatter 관계 활성화 승인 필요,automatic,high,proposal-only-not-applied
20120408_003,2012-04-08,3,energy-management,written,1,,efficiency-output-heat-balance,효율·증발량·열정산,existing-slug,boiler-efficiency-heat-balance,boiler-efficiency-heat-balance,existing,pending-owner-activation,frontmatter 관계 활성화 승인 필요,automatic,high,proposal-only-not-applied
20120408_004,2012-04-08,4,energy-management,written,1,,combustion-air-calculation,연소·공기비·배기가스 계산,existing-slug,boiler-installation-combustion,boiler-installation-combustion,existing,pending-owner-activation,frontmatter 관계 활성화 승인 필요,automatic,high,proposal-only-not-applied
20120408_005,2012-04-08,5,energy-management,written,1,,heat-steam-thermodynamics,열·증기·열역학 기초,existing-slug,boiler-operation-basics,boiler-operation-basics,existing,pending-owner-activation,frontmatter 관계 활성화 승인 필요,automatic,high,proposal-only-not-applied
20120408_006,2012-04-08,6,energy-management,written,1,,boiler-types-construction,보일러 형식·구조·재료,split-candidate,boiler-operation-basics,boiler-types-construction,proposal-not-created,pending-owner-activation,신규 slug Owner 승인 필요,automatic,high,proposal-only-not-applied
20120408_007,2012-04-08,7,energy-management,written,1,jpg 확필,draft-flue-gas,통풍·연도·굴뚝,split-candidate,boiler-installation-combustion,draft-flue-gas,proposal-not-created,exclude,그림 문항 공개 검토 유지 | 신규 slug Owner 승인 필요,pdf-reviewed,high,proposal-only-not-applied
20120408_008,2012-04-08,8,energy-management,written,1,,instruments-accessories,계측·부속장치,existing-slug,boiler-accessory-equipment,boiler-accessory-equipment,existing,pending-owner-activation,frontmatter 관계 활성화 승인 필요,automatic,medium,proposal-only-not-applied
20120408_009,2012-04-08,9,energy-management,written,1,,draft-flue-gas,통풍·연도·굴뚝,split-candidate,boiler-installation-combustion,draft-flue-gas,proposal-not-created,pending-owner-activation,신규 slug Owner 승인 필요,automatic,medium,proposal-only-not-applied
20120408_010,2012-04-08,10,energy-management,written,1,,instruments-accessories,계측·부속장치,existing-slug,boiler-accessory-equipment,boiler-accessory-equipment,existing,pending-owner-activation,frontmatter 관계 활성화 승인 필요,automatic,high,proposal-only-not-applied
20120408_011,2012-04-08,11,energy-management,written,1,,efficiency-output-heat-balance,효율·증발량·열정산,existing-slug,boiler-efficiency-heat-balance,boiler-efficiency-heat-balance,existing,pending-owner-activation,frontmatter 관계 활성화 승인 필요,automatic,high,proposal-only-not-applied
20120408_012,2012-04-08,12,energy-management,written,1,,automatic-control-interlocks,자동제어·인터록,existing-slug,boiler-control-systems,boiler-control-systems,existing,pending-owner-activation,frontmatter 관계 활성화 승인 필요,automatic,high,proposal-only-not-applied
20120408_013,2012-04-08,13,energy-management,written,1,,auxiliary-feedwater-equipment,급수·부대설비,existing-slug,boiler-auxiliary-equipment,boiler-auxiliary-equipment,existing,pending-owner-activation,frontmatter 관계 활성화 승인 필요,automatic,high,proposal-only-not-applied
20120408_014,2012-04-08,14,energy-management,written,1,,boiler-types-construction,보일러 형식·구조·재료,split-candidate,boiler-operation-basics,boiler-types-construction,proposal-not-created,pending-owner-activation,신규 slug Owner 승인 필요,automatic,high,proposal-only-not-applied
20120408_015,2012-04-08,15,energy-management,written,1,,steam-traps-condensate,증기트랩·응축수 환수,split-candidate,boiler-piping-insulation,steam-traps-condensate,proposal-not-created,pending-owner-activation,신규 slug Owner 승인 필요,automatic,medium,proposal-only-not-applied
20120408_016,2012-04-08,16,energy-management,written,1,,efficiency-output-heat-balance,효율·증발량·열정산,existing-slug,boiler-efficiency-heat-balance,boiler-efficiency-heat-balance,existing,pending-owner-activation,frontmatter 관계 활성화 승인 필요,automatic,high,proposal-only-not-applied
20120408_017,2012-04-08,17,energy-management,written,1,,fuel-properties,연료 특성·발열량,split-candidate,boiler-installation-combustion,fuel-properties,proposal-not-created,pending-owner-activation,신규 slug Owner 승인 필요,automatic,high,proposal-only-not-applied
20120408_018,2012-04-08,18,energy-management,written,1,,fuel-properties,연료 특성·발열량,split-candidate,boiler-installation-combustion,fuel-properties,proposal-not-created,pending-owner-activation,신규 slug Owner 승인 필요,automatic,high,proposal-only-not-applied
20120408_019,2012-04-08,19,energy-management,written,1,,boiler-types-construction,보일러 형식·구조·재료,split-candidate,boiler-operation-basics,boiler-types-construction,proposal-not-created,pending-owner-activation,신규 slug Owner 승인 필요,automatic,medium,proposal-only-not-applied
20120408_020,2012-04-08,20,energy-management,written,1,jpg 확필,efficiency-output-heat-balance,효율·증발량·열정산,existing-slug,boiler-efficiency-heat-balance,boiler-efficiency-heat-balance,existing,exclude,그림 문항 공개 검토 유지,pdf-reviewed,high,proposal-only-not-applied
20120408_021,2012-04-08,21,energy-management,written,1,,operation-maintenance-preservation,기동·운전·정지·보존,existing-slug,boiler-operation-maintenance,boiler-operation-maintenance,existing,pending-owner-activation,frontmatter 관계 활성화 승인 필요,automatic,high,proposal-only-not-applied
20120408_022,2012-04-08,22,energy-management,written,1,,heating-load-radiators,난방부하·방열기 계산,split-candidate,boiler-installation-combustion,heating-load-radiators,proposal-not-created,pending-owner-activation,신규 slug Owner 승인 필요,automatic,high,proposal-only-not-applied
20120408_023,2012-04-08,23,energy-management,written,1,,piping-fittings-valves,배관·이음쇠·밸브,existing-slug,boiler-piping-insulation,boiler-piping-insulation,existing,pending-owner-activation,frontmatter 관계 활성화 승인 필요,automatic,high,proposal-only-not-applied
20120408_024,2012-04-08,24,energy-management,written,1,,heating-systems,증기·온수·복사난방,split-candidate,boiler-piping-insulation,heating-systems,proposal-not-created,pending-owner-activation,신규 slug Owner 승인 필요,automatic,high,proposal-only-not-applied
20120408_025,2012-04-08,25,energy-management,written,1,,operation-maintenance-preservation,기동·운전·정지·보존,existing-slug,boiler-operation-maintenance,boiler-operation-maintenance,existing,pending-owner-activation,frontmatter 관계 활성화 승인 필요,automatic,high,proposal-only-not-applied
20120408_026,2012-04-08,26,energy-management,written,1,,steam-traps-condensate,증기트랩·응축수 환수,split-candidate,boiler-piping-insulation,steam-traps-condensate,proposal-not-created,pending-owner-activation,신규 slug Owner 승인 필요,automatic,high,proposal-only-not-applied
20120408_027,2012-04-08,27,energy-management,written,1,,water-treatment-corrosion,수질관리·스케일·부식,existing-slug,boiler-water-treatment,boiler-water-treatment,existing,pending-owner-activation,frontmatter 관계 활성화 승인 필요,automatic,high,proposal-only-not-applied
20120408_028,2012-04-08,28,energy-management,written,1,jpg 확필,piping-fittings-valves,배관·이음쇠·밸브,existing-slug,boiler-piping-insulation,boiler-piping-insulation,existing,exclude,그림 문항 공개 검토 유지,pdf-reviewed,high,proposal-only-not-applied
20120408_029,2012-04-08,29,energy-management,written,1,,heating-load-radiators,난방부하·방열기 계산,split-candidate,boiler-installation-combustion,heating-load-radiators,proposal-not-created,pending-owner-activation,신규 slug Owner 승인 필요,automatic,high,proposal-only-not-applied
20120408_030,2012-04-08,30,energy-management,written,1,,water-treatment-corrosion,수질관리·스케일·부식,existing-slug,boiler-water-treatment,boiler-water-treatment,existing,pending-owner-activation,frontmatter 관계 활성화 승인 필요,automatic,high,proposal-only-not-applied
20120408_031,2012-04-08,31,energy-management,written,1,,fuel-properties,연료 특성·발열량,split-candidate,boiler-installation-combustion,fuel-properties,proposal-not-created,pending-owner-activation,신규 slug Owner 승인 필요,automatic,high,proposal-only-not-applied
20120408_032,2012-04-08,32,energy-management,written,1,,boiler-types-construction,보일러 형식·구조·재료,split-candidate,boiler-operation-basics,boiler-types-construction,proposal-not-created,pending-owner-activation,신규 slug Owner 승인 필요,automatic,medium,proposal-only-not-applied
20120408_033,2012-04-08,33,energy-management,written,1,,heat-steam-thermodynamics,열·증기·열역학 기초,existing-slug,boiler-operation-basics,boiler-operation-basics,existing,pending-owner-activation,frontmatter 관계 활성화 승인 필요,automatic,high,proposal-only-not-applied
20120408_034,2012-04-08,34,energy-management,written,1,,burners-furnaces-atomization,버너·화격자·연소장치,split-candidate,boiler-installation-combustion,burners-furnaces-atomization,proposal-not-created,pending-owner-activation,신규 slug Owner 승인 필요,automatic,high,proposal-only-not-applied
20120408_035,2012-04-08,35,energy-management,written,1,,safety-devices,안전장치·연소안전,existing-slug,boiler-protection-devices,boiler-protection-devices,existing,pending-owner-activation,frontmatter 관계 활성화 승인 필요,automatic,high,proposal-only-not-applied
20120408_036,2012-04-08,36,energy-management,written,1,,automatic-control-interlocks,자동제어·인터록,existing-slug,boiler-control-systems,boiler-control-systems,existing,pending-owner-activation,frontmatter 관계 활성화 승인 필요,automatic,high,proposal-only-not-applied
20120408_037,2012-04-08,37,energy-management,written,1,,auxiliary-feedwater-equipment,급수·부대설비,existing-slug,boiler-auxiliary-equipment,boiler-auxiliary-equipment,existing,pending-owner-activation,frontmatter 관계 활성화 승인 필요,automatic,high,proposal-only-not-applied
20120408_038,2012-04-08,38,energy-management,written,1,,environmental-pollution-control,집진·환경설비,split-candidate,boiler-accessory-equipment,environmental-pollution-control,proposal-not-created,pending-owner-activation,신규 slug Owner 승인 필요,automatic,high,proposal-only-not-applied
20120408_039,2012-04-08,39,energy-management,written,1,,burners-furnaces-atomization,버너·화격자·연소장치,split-candidate,boiler-installation-combustion,burners-furnaces-atomization,proposal-not-created,pending-owner-activation,신규 slug Owner 승인 필요,automatic,high,proposal-only-not-applied
20120408_040,2012-04-08,40,energy-management,written,1,,piping-fittings-valves,배관·이음쇠·밸브,existing-slug,boiler-piping-insulation,boiler-piping-insulation,existing,pending-owner-activation,frontmatter 관계 활성화 승인 필요,automatic,high,proposal-only-not-applied
20120408_041,2012-04-08,41,energy-management,written,1,,piping-fittings-valves,배관·이음쇠·밸브,existing-slug,boiler-piping-insulation,boiler-piping-insulation,existing,pending-owner-activation,frontmatter 관계 활성화 승인 필요,automatic,high,proposal-only-not-applied
20120408_042,2012-04-08,42,energy-management,written,1,,burners-furnaces-atomization,버너·화격자·연소장치,split-candidate,boiler-installation-combustion,burners-furnaces-atomization,proposal-not-created,pending-owner-activation,신규 slug Owner 승인 필요,automatic,high,proposal-only-not-applied
20120408_043,2012-04-08,43,energy-management,written,1,,operation-maintenance-preservation,기동·운전·정지·보존,existing-slug,boiler-operation-maintenance,boiler-operation-maintenance,existing,pending-owner-activation,frontmatter 관계 활성화 승인 필요,pdf-reviewed,low,proposal-only-not-applied
20120408_044,2012-04-08,44,energy-management,written,1,,operation-maintenance-preservation,기동·운전·정지·보존,existing-slug,boiler-operation-maintenance,boiler-operation-maintenance,existing,pending-owner-activation,frontmatter 관계 활성화 승인 필요,automatic,high,proposal-only-not-applied
20120408_045,2012-04-08,45,energy-management,written,1,,piping-fittings-valves,배관·이음쇠·밸브,existing-slug,boiler-piping-insulation,boiler-piping-insulation,existing,pending-owner-activation,frontmatter 관계 활성화 승인 필요,automatic,high,proposal-only-not-applied
20120408_046,2012-04-08,46,energy-management,written,1,,environmental-pollution-control,집진·환경설비,split-candidate,boiler-accessory-equipment,environmental-pollution-control,proposal-not-created,pending-owner-activation,신규 slug Owner 승인 필요,automatic,high,proposal-only-not-applied
20120408_047,2012-04-08,47,energy-management,written,1,,heating-systems,증기·온수·복사난방,split-candidate,boiler-piping-insulation,heating-systems,proposal-not-created,pending-owner-activation,신규 slug Owner 승인 필요,automatic,high,proposal-only-not-applied
20120408_048,2012-04-08,48,energy-management,written,1,,piping-fittings-valves,배관·이음쇠·밸브,existing-slug,boiler-piping-insulation,boiler-piping-insulation,existing,pending-owner-activation,frontmatter 관계 활성화 승인 필요,automatic,high,proposal-only-not-applied
20120408_049,2012-04-08,49,energy-management,written,1,,failures-accidents-safety,고장·사고·작업안전,existing-slug,boiler-work-safety,boiler-work-safety,existing,pending-owner-activation,frontmatter 관계 활성화 승인 필요,automatic,high,proposal-only-not-applied
20120408_050,2012-04-08,50,energy-management,written,1,,boiler-types-construction,보일러 형식·구조·재료,split-candidate,boiler-operation-basics,boiler-types-construction,proposal-not-created,pending-owner-activation,신규 slug Owner 승인 필요,automatic,medium,proposal-only-not-applied
20120408_051,2012-04-08,51,energy-management,written,1,,energy-laws-inspection,에너지 관계법규·검사,existing-slug,energy-laws-and-inspection,energy-laws-and-inspection,existing,pending-owner-activation,frontmatter 관계 활성화 승인 필요,automatic,high,proposal-only-not-applied
20120408_052,2012-04-08,52,energy-management,written,1,,energy-laws-inspection,에너지 관계법규·검사,existing-slug,energy-laws-and-inspection,energy-laws-and-inspection,existing,pending-owner-activation,frontmatter 관계 활성화 승인 필요,automatic,high,proposal-only-not-applied
20120408_053,2012-04-08,53,energy-management,written,1,,energy-laws-inspection,에너지 관계법규·검사,existing-slug,energy-laws-and-inspection,energy-laws-and-inspection,existing,pending-owner-activation,frontmatter 관계 활성화 승인 필요,automatic,high,proposal-only-not-applied
20120408_054,2012-04-08,54,energy-management,written,1,,boiler-types-construction,보일러 형식·구조·재료,split-candidate,boiler-operation-basics,boiler-types-construction,proposal-not-created,pending-owner-activation,신규 slug Owner 승인 필요,automatic,high,proposal-only-not-applied
20120408_055,2012-04-08,55,energy-management,written,1,,energy-laws-inspection,에너지 관계법규·검사,existing-slug,energy-laws-and-inspection,energy-laws-and-inspection,existing,pending-owner-activation,frontmatter 관계 활성화 승인 필요,automatic,high,proposal-only-not-applied
20120408_056,2012-04-08,56,energy-management,written,1,,insulation-materials,보온·단열재,split-candidate,boiler-piping-insulation,insulation-materials,proposal-not-created,pending-owner-activation,신규 slug Owner 승인 필요,automatic,high,proposal-only-not-applied
20120408_057,2012-04-08,57,energy-management,written,1,,heating-systems,증기·온수·복사난방,split-candidate,boiler-piping-insulation,heating-systems,proposal-not-created,pending-owner-activation,신규 slug Owner 승인 필요,automatic,high,proposal-only-not-applied
20120408_058,2012-04-08,58,energy-management,written,1,,fuel-properties,연료 특성·발열량,split-candidate,boiler-installation-combustion,fuel-properties,proposal-not-created,pending-owner-activation,신규 slug Owner 승인 필요,automatic,high,proposal-only-not-applied
20120408_059,2012-04-08,59,energy-management,written,1,,insulation-materials,보온·단열재,split-candidate,boiler-piping-insulation,insulation-materials,proposal-not-created,pending-owner-activation,신규 slug Owner 승인 필요,automatic,high,proposal-only-not-applied
20120408_060,2012-04-08,60,energy-management,written,1,,energy-laws-inspection,에너지 관계법규·검사,existing-slug,energy-laws-and-inspection,energy-laws-and-inspection,existing,pending-owner-activation,frontmatter 관계 활성화 승인 필요,automatic,high,proposal-only-not-applied
20120722_001,2012-07-22,1,energy-management,written,1,,boiler-types-construction,보일러 형식·구조·재료,split-candidate,boiler-operation-basics,boiler-types-construction,proposal-not-created,pending-owner-activation,신규 slug Owner 승인 필요,automatic,high,proposal-only-not-applied
20120722_002,2012-07-22,2,energy-management,written,1,,burners-furnaces-atomization,버너·화격자·연소장치,split-candidate,boiler-installation-combustion,burners-furnaces-atomization,proposal-not-created,pending-owner-activation,신규 slug Owner 승인 필요,automatic,high,proposal-only-not-applied
20120722_003,2012-07-22,3,energy-management,written,1,,draft-flue-gas,통풍·연도·굴뚝,split-candidate,boiler-installation-combustion,draft-flue-gas,proposal-not-created,pending-owner-activation,신규 slug Owner 승인 필요,automatic,high,proposal-only-not-applied
20120722_004,2012-07-22,4,energy-management,written,1,,boiler-types-construction,보일러 형식·구조·재료,split-candidate,boiler-operation-basics,boiler-types-construction,proposal-not-created,pending-owner-activation,신규 slug Owner 승인 필요,automatic,high,proposal-only-not-applied
20120722_005,2012-07-22,5,energy-management,written,1,,auxiliary-feedwater-equipment,급수·부대설비,existing-slug,boiler-auxiliary-equipment,boiler-auxiliary-equipment,existing,pending-owner-activation,frontmatter 관계 활성화 승인 필요,pdf-reviewed,low,proposal-only-not-applied
20120722_006,2012-07-22,6,energy-management,written,1,,boiler-types-construction,보일러 형식·구조·재료,split-candidate,boiler-operation-basics,boiler-types-construction,proposal-not-created,pending-owner-activation,신규 slug Owner 승인 필요,automatic,high,proposal-only-not-applied
20120722_007,2012-07-22,7,energy-management,written,1,,heat-steam-thermodynamics,열·증기·열역학 기초,existing-slug,boiler-operation-basics,boiler-operation-basics,existing,pending-owner-activation,frontmatter 관계 활성화 승인 필요,automatic,high,proposal-only-not-applied
20120722_008,2012-07-22,8,energy-management,written,1,,efficiency-output-heat-balance,효율·증발량·열정산,existing-slug,boiler-efficiency-heat-balance,boiler-efficiency-heat-balance,existing,pending-owner-activation,frontmatter 관계 활성화 승인 필요,automatic,high,proposal-only-not-applied
20120722_009,2012-07-22,9,energy-management,written,1,,safety-devices,안전장치·연소안전,existing-slug,boiler-protection-devices,boiler-protection-devices,existing,pending-owner-activation,frontmatter 관계 활성화 승인 필요,automatic,high,proposal-only-not-applied
20120722_010,2012-07-22,10,energy-management,written,1,,auxiliary-feedwater-equipment,급수·부대설비,existing-slug,boiler-auxiliary-equipment,boiler-auxiliary-equipment,existing,pending-owner-activation,frontmatter 관계 활성화 승인 필요,automatic,high,proposal-only-not-applied
20120722_011,2012-07-22,11,energy-management,written,1,,instruments-accessories,계측·부속장치,existing-slug,boiler-accessory-equipment,boiler-accessory-equipment,existing,pending-owner-activation,frontmatter 관계 활성화 승인 필요,automatic,high,proposal-only-not-applied
20120722_012,2012-07-22,12,energy-management,written,1,,burners-furnaces-atomization,버너·화격자·연소장치,split-candidate,boiler-installation-combustion,burners-furnaces-atomization,proposal-not-created,pending-owner-activation,신규 slug Owner 승인 필요,automatic,high,proposal-only-not-applied
20120722_013,2012-07-22,13,energy-management,written,1,,instruments-accessories,계측·부속장치,existing-slug,boiler-accessory-equipment,boiler-accessory-equipment,existing,pending-owner-activation,frontmatter 관계 활성화 승인 필요,automatic,high,proposal-only-not-applied
20120722_014,2012-07-22,14,energy-management,written,1,,automatic-control-interlocks,자동제어·인터록,existing-slug,boiler-control-systems,boiler-control-systems,existing,pending-owner-activation,frontmatter 관계 활성화 승인 필요,automatic,high,proposal-only-not-applied
20120722_015,2012-07-22,15,energy-management,written,1,,efficiency-output-heat-balance,효율·증발량·열정산,existing-slug,boiler-efficiency-heat-balance,boiler-efficiency-heat-balance,existing,pending-owner-activation,frontmatter 관계 활성화 승인 필요,automatic,medium,proposal-only-not-applied
20120722_016,2012-07-22,16,energy-management,written,1,,burners-furnaces-atomization,버너·화격자·연소장치,split-candidate,boiler-installation-combustion,burners-furnaces-atomization,proposal-not-created,pending-owner-activation,신규 slug Owner 승인 필요,automatic,high,proposal-only-not-applied
20120722_017,2012-07-22,17,energy-management,written,1,,automatic-control-interlocks,자동제어·인터록,existing-slug,boiler-control-systems,boiler-control-systems,existing,pending-owner-activation,frontmatter 관계 활성화 승인 필요,automatic,high,proposal-only-not-applied
20120722_018,2012-07-22,18,energy-management,written,1,,combustion-air-calculation,연소·공기비·배기가스 계산,existing-slug,boiler-installation-combustion,boiler-installation-combustion,existing,pending-owner-activation,frontmatter 관계 활성화 승인 필요,automatic,high,proposal-only-not-applied
20120722_019,2012-07-22,19,energy-management,written,1,,fuel-properties,연료 특성·발열량,split-candidate,boiler-installation-combustion,fuel-properties,proposal-not-created,pending-owner-activation,신규 slug Owner 승인 필요,automatic,high,proposal-only-not-applied
20120722_020,2012-07-22,20,energy-management,written,1,,efficiency-output-heat-balance,효율·증발량·열정산,existing-slug,boiler-efficiency-heat-balance,boiler-efficiency-heat-balance,existing,pending-owner-activation,frontmatter 관계 활성화 승인 필요,automatic,high,proposal-only-not-applied
20120722_021,2012-07-22,21,energy-management,written,1,,combustion-air-calculation,연소·공기비·배기가스 계산,existing-slug,boiler-installation-combustion,boiler-installation-combustion,existing,pending-owner-activation,frontmatter 관계 활성화 승인 필요,automatic,high,proposal-only-not-applied
20120722_022,2012-07-22,22,energy-management,written,1,,automatic-control-interlocks,자동제어·인터록,existing-slug,boiler-control-systems,boiler-control-systems,existing,pending-owner-activation,frontmatter 관계 활성화 승인 필요,automatic,high,proposal-only-not-applied
20120722_023,2012-07-22,23,energy-management,written,1,,heat-steam-thermodynamics,열·증기·열역학 기초,existing-slug,boiler-operation-basics,boiler-operation-basics,existing,pending-owner-activation,frontmatter 관계 활성화 승인 필요,automatic,high,proposal-only-not-applied
20120722_024,2012-07-22,24,energy-management,written,1,,environmental-pollution-control,집진·환경설비,split-candidate,boiler-accessory-equipment,environmental-pollution-control,proposal-not-created,pending-owner-activation,신규 slug Owner 승인 필요,automatic,high,proposal-only-not-applied
20120722_025,2012-07-22,25,energy-management,written,1,,burners-furnaces-atomization,버너·화격자·연소장치,split-candidate,boiler-installation-combustion,burners-furnaces-atomization,proposal-not-created,pending-owner-activation,신규 slug Owner 승인 필요,automatic,high,proposal-only-not-applied
20120722_026,2012-07-22,26,energy-management,written,1,,burners-furnaces-atomization,버너·화격자·연소장치,split-candidate,boiler-installation-combustion,burners-furnaces-atomization,proposal-not-created,pending-owner-activation,신규 slug Owner 승인 필요,automatic,medium,proposal-only-not-applied
20120722_027,2012-07-22,27,energy-management,written,1,,heat-steam-thermodynamics,열·증기·열역학 기초,existing-slug,boiler-operation-basics,boiler-operation-basics,existing,pending-owner-activation,frontmatter 관계 활성화 승인 필요,automatic,high,proposal-only-not-applied
20120722_028,2012-07-22,28,energy-management,written,1,,boiler-types-construction,보일러 형식·구조·재료,split-candidate,boiler-operation-basics,boiler-types-construction,proposal-not-created,pending-owner-activation,신규 slug Owner 승인 필요,automatic,high,proposal-only-not-applied
20120722_029,2012-07-22,29,energy-management,written,1,,auxiliary-feedwater-equipment,급수·부대설비,existing-slug,boiler-auxiliary-equipment,boiler-auxiliary-equipment,existing,pending-owner-activation,frontmatter 관계 활성화 승인 필요,automatic,high,proposal-only-not-applied
20120722_030,2012-07-22,30,energy-management,written,1,,heating-systems,증기·온수·복사난방,split-candidate,boiler-piping-insulation,heating-systems,proposal-not-created,pending-owner-activation,신규 slug Owner 승인 필요,automatic,high,proposal-only-not-applied
20120722_031,2012-07-22,31,energy-management,written,1,,piping-fittings-valves,배관·이음쇠·밸브,existing-slug,boiler-piping-insulation,boiler-piping-insulation,existing,pending-owner-activation,frontmatter 관계 활성화 승인 필요,automatic,high,proposal-only-not-applied
20120722_032,2012-07-22,32,energy-management,written,1,,insulation-materials,보온·단열재,split-candidate,boiler-piping-insulation,insulation-materials,proposal-not-created,pending-owner-activation,신규 slug Owner 승인 필요,automatic,high,proposal-only-not-applied
20120722_033,2012-07-22,33,energy-management,written,1,,water-treatment-corrosion,수질관리·스케일·부식,existing-slug,boiler-water-treatment,boiler-water-treatment,existing,pending-owner-activation,frontmatter 관계 활성화 승인 필요,automatic,high,proposal-only-not-applied
20120722_034,2012-07-22,34,energy-management,written,1,,piping-fittings-valves,배관·이음쇠·밸브,existing-slug,boiler-piping-insulation,boiler-piping-insulation,existing,pending-owner-activation,frontmatter 관계 활성화 승인 필요,automatic,high,proposal-only-not-applied
20120722_035,2012-07-22,35,energy-management,written,1,,heating-systems,증기·온수·복사난방,split-candidate,boiler-piping-insulation,heating-systems,proposal-not-created,pending-owner-activation,신규 slug Owner 승인 필요,automatic,high,proposal-only-not-applied
20120722_036,2012-07-22,36,energy-management,written,1,,insulation-materials,보온·단열재,split-candidate,boiler-piping-insulation,insulation-materials,proposal-not-created,pending-owner-activation,신규 slug Owner 승인 필요,automatic,high,proposal-only-not-applied
20120722_037,2012-07-22,37,energy-management,written,1,,insulation-materials,보온·단열재,split-candidate,boiler-piping-insulation,insulation-materials,proposal-not-created,pending-owner-activation,신규 slug Owner 승인 필요,automatic,high,proposal-only-not-applied
20120722_038,2012-07-22,38,energy-management,written,1,,boiler-types-construction,보일러 형식·구조·재료,split-candidate,boiler-operation-basics,boiler-types-construction,proposal-not-created,pending-owner-activation,신규 slug Owner 승인 필요,automatic,medium,proposal-only-not-applied
20120722_039,2012-07-22,39,energy-management,written,1,,heating-systems,증기·온수·복사난방,split-candidate,boiler-piping-insulation,heating-systems,proposal-not-created,pending-owner-activation,신규 slug Owner 승인 필요,automatic,high,proposal-only-not-applied
20120722_040,2012-07-22,40,energy-management,written,1,,piping-fittings-valves,배관·이음쇠·밸브,existing-slug,boiler-piping-insulation,boiler-piping-insulation,existing,pending-owner-activation,frontmatter 관계 활성화 승인 필요,automatic,high,proposal-only-not-applied
20120722_041,2012-07-22,41,energy-management,written,1,,boiler-types-construction,보일러 형식·구조·재료,split-candidate,boiler-operation-basics,boiler-types-construction,proposal-not-created,pending-owner-activation,신규 slug Owner 승인 필요,automatic,high,proposal-only-not-applied
20120722_042,2012-07-22,42,energy-management,written,1,,instruments-accessories,계측·부속장치,existing-slug,boiler-accessory-equipment,boiler-accessory-equipment,existing,pending-owner-activation,frontmatter 관계 활성화 승인 필요,automatic,medium,proposal-only-not-applied
20120722_043,2012-07-22,43,energy-management,written,1,,efficiency-output-heat-balance,효율·증발량·열정산,existing-slug,boiler-efficiency-heat-balance,boiler-efficiency-heat-balance,existing,pending-owner-activation,frontmatter 관계 활성화 승인 필요,automatic,high,proposal-only-not-applied
20120722_044,2012-07-22,44,energy-management,written,1,,heating-systems,증기·온수·복사난방,split-candidate,boiler-piping-insulation,heating-systems,proposal-not-created,pending-owner-activation,신규 slug Owner 승인 필요,automatic,high,proposal-only-not-applied
20120722_045,2012-07-22,45,energy-management,written,1,,safety-devices,안전장치·연소안전,existing-slug,boiler-protection-devices,boiler-protection-devices,existing,pending-owner-activation,frontmatter 관계 활성화 승인 필요,automatic,medium,proposal-only-not-applied
20120722_046,2012-07-22,46,energy-management,written,1,,heating-systems,증기·온수·복사난방,split-candidate,boiler-piping-insulation,heating-systems,proposal-not-created,pending-owner-activation,신규 slug Owner 승인 필요,automatic,high,proposal-only-not-applied
20120722_047,2012-07-22,47,energy-management,written,1,,piping-fittings-valves,배관·이음쇠·밸브,existing-slug,boiler-piping-insulation,boiler-piping-insulation,existing,pending-owner-activation,frontmatter 관계 활성화 승인 필요,automatic,medium,proposal-only-not-applied
20120722_048,2012-07-22,48,energy-management,written,1,,piping-fittings-valves,배관·이음쇠·밸브,existing-slug,boiler-piping-insulation,boiler-piping-insulation,existing,pending-owner-activation,frontmatter 관계 활성화 승인 필요,automatic,high,proposal-only-not-applied
20120722_049,2012-07-22,49,energy-management,written,1,,operation-maintenance-preservation,기동·운전·정지·보존,existing-slug,boiler-operation-maintenance,boiler-operation-maintenance,existing,pending-owner-activation,frontmatter 관계 활성화 승인 필요,automatic,high,proposal-only-not-applied
20120722_050,2012-07-22,50,energy-management,written,1,,water-treatment-corrosion,수질관리·스케일·부식,existing-slug,boiler-water-treatment,boiler-water-treatment,existing,pending-owner-activation,frontmatter 관계 활성화 승인 필요,automatic,high,proposal-only-not-applied
20120722_051,2012-07-22,51,energy-management,written,1,,efficiency-output-heat-balance,효율·증발량·열정산,existing-slug,boiler-efficiency-heat-balance,boiler-efficiency-heat-balance,existing,pending-owner-activation,frontmatter 관계 활성화 승인 필요,automatic,high,proposal-only-not-applied
20120722_052,2012-07-22,52,energy-management,written,1,jpg 확필,energy-laws-inspection,에너지 관계법규·검사,existing-slug,energy-laws-and-inspection,energy-laws-and-inspection,existing,exclude,그림 문항 공개 검토 유지,pdf-reviewed,high,proposal-only-not-applied
20120722_053,2012-07-22,53,energy-management,written,1,,instruments-accessories,계측·부속장치,existing-slug,boiler-accessory-equipment,boiler-accessory-equipment,existing,pending-owner-activation,frontmatter 관계 활성화 승인 필요,automatic,high,proposal-only-not-applied
20120722_054,2012-07-22,54,energy-management,written,1,,fuel-properties,연료 특성·발열량,split-candidate,boiler-installation-combustion,fuel-properties,proposal-not-created,pending-owner-activation,신규 slug Owner 승인 필요,automatic,high,proposal-only-not-applied
20120722_055,2012-07-22,55,energy-management,written,1,,energy-laws-inspection,에너지 관계법규·검사,existing-slug,energy-laws-and-inspection,energy-laws-and-inspection,existing,pending-owner-activation,frontmatter 관계 활성화 승인 필요,automatic,high,proposal-only-not-applied
20120722_056,2012-07-22,56,energy-management,written,1,,energy-laws-inspection,에너지 관계법규·검사,existing-slug,energy-laws-and-inspection,energy-laws-and-inspection,existing,pending-owner-activation,frontmatter 관계 활성화 승인 필요,automatic,high,proposal-only-not-applied
20120722_057,2012-07-22,57,energy-management,written,1,,energy-laws-inspection,에너지 관계법규·검사,existing-slug,energy-laws-and-inspection,energy-laws-and-inspection,existing,pending-owner-activation,frontmatter 관계 활성화 승인 필요,automatic,high,proposal-only-not-applied
20120722_058,2012-07-22,58,energy-management,written,1,,energy-laws-inspection,에너지 관계법규·검사,existing-slug,energy-laws-and-inspection,energy-laws-and-inspection,existing,pending-owner-activation,frontmatter 관계 활성화 승인 필요,automatic,high,proposal-only-not-applied
20120722_059,2012-07-22,59,energy-management,written,1,,energy-laws-inspection,에너지 관계법규·검사,existing-slug,energy-laws-and-inspection,energy-laws-and-inspection,existing,pending-owner-activation,frontmatter 관계 활성화 승인 필요,automatic,high,proposal-only-not-applied
20120722_060,2012-07-22,60,energy-management,written,1,,energy-laws-inspection,에너지 관계법규·검사,existing-slug,energy-laws-and-inspection,energy-laws-and-inspection,existing,pending-owner-activation,frontmatter 관계 활성화 승인 필요,automatic,high,proposal-only-not-applied
20121020_001,2012-10-20,1,energy-management,written,1,,automatic-control-interlocks,자동제어·인터록,existing-slug,boiler-control-systems,boiler-control-systems,existing,pending-owner-activation,frontmatter 관계 활성화 승인 필요,automatic,high,proposal-only-not-applied
20121020_002,2012-10-20,2,energy-management,written,1,,piping-fittings-valves,배관·이음쇠·밸브,existing-slug,boiler-piping-insulation,boiler-piping-insulation,existing,pending-owner-activation,frontmatter 관계 활성화 승인 필요,automatic,high,proposal-only-not-applied
20121020_003,2012-10-20,3,energy-management,written,1,,automatic-control-interlocks,자동제어·인터록,existing-slug,boiler-control-systems,boiler-control-systems,existing,pending-owner-activation,frontmatter 관계 활성화 승인 필요,automatic,high,proposal-only-not-applied
20121020_004,2012-10-20,4,energy-management,written,1,,combustion-air-calculation,연소·공기비·배기가스 계산,existing-slug,boiler-installation-combustion,boiler-installation-combustion,existing,pending-owner-activation,frontmatter 관계 활성화 승인 필요,automatic,high,proposal-only-not-applied
20121020_005,2012-10-20,5,energy-management,written,1,,environmental-pollution-control,집진·환경설비,split-candidate,boiler-accessory-equipment,environmental-pollution-control,proposal-not-created,pending-owner-activation,신규 slug Owner 승인 필요,automatic,high,proposal-only-not-applied
20121020_006,2012-10-20,6,energy-management,written,1,,instruments-accessories,계측·부속장치,existing-slug,boiler-accessory-equipment,boiler-accessory-equipment,existing,pending-owner-activation,frontmatter 관계 활성화 승인 필요,pdf-reviewed,low,proposal-only-not-applied
20121020_007,2012-10-20,7,energy-management,written,1,,safety-devices,안전장치·연소안전,existing-slug,boiler-protection-devices,boiler-protection-devices,existing,pending-owner-activation,frontmatter 관계 활성화 승인 필요,automatic,high,proposal-only-not-applied
20121020_008,2012-10-20,8,energy-management,written,1,,fuel-properties,연료 특성·발열량,split-candidate,boiler-installation-combustion,fuel-properties,proposal-not-created,pending-owner-activation,신규 slug Owner 승인 필요,automatic,high,proposal-only-not-applied
20121020_009,2012-10-20,9,energy-management,written,1,,combustion-air-calculation,연소·공기비·배기가스 계산,existing-slug,boiler-installation-combustion,boiler-installation-combustion,existing,pending-owner-activation,frontmatter 관계 활성화 승인 필요,automatic,medium,proposal-only-not-applied
20121020_010,2012-10-20,10,energy-management,written,1,,boiler-types-construction,보일러 형식·구조·재료,split-candidate,boiler-operation-basics,boiler-types-construction,proposal-not-created,pending-owner-activation,신규 slug Owner 승인 필요,automatic,high,proposal-only-not-applied
20121020_011,2012-10-20,11,energy-management,written,1,,safety-devices,안전장치·연소안전,existing-slug,boiler-protection-devices,boiler-protection-devices,existing,pending-owner-activation,frontmatter 관계 활성화 승인 필요,automatic,high,proposal-only-not-applied
20121020_012,2012-10-20,12,energy-management,written,1,,draft-flue-gas,통풍·연도·굴뚝,split-candidate,boiler-installation-combustion,draft-flue-gas,proposal-not-created,pending-owner-activation,신규 slug Owner 승인 필요,automatic,high,proposal-only-not-applied
20121020_013,2012-10-20,13,energy-management,written,1,,efficiency-output-heat-balance,효율·증발량·열정산,existing-slug,boiler-efficiency-heat-balance,boiler-efficiency-heat-balance,existing,pending-owner-activation,frontmatter 관계 활성화 승인 필요,automatic,high,proposal-only-not-applied
20121020_014,2012-10-20,14,energy-management,written,1,,burners-furnaces-atomization,버너·화격자·연소장치,split-candidate,boiler-installation-combustion,burners-furnaces-atomization,proposal-not-created,pending-owner-activation,신규 slug Owner 승인 필요,automatic,high,proposal-only-not-applied
20121020_015,2012-10-20,15,energy-management,written,1,,piping-fittings-valves,배관·이음쇠·밸브,existing-slug,boiler-piping-insulation,boiler-piping-insulation,existing,pending-owner-activation,frontmatter 관계 활성화 승인 필요,automatic,high,proposal-only-not-applied
20121020_016,2012-10-20,16,energy-management,written,1,,water-treatment-corrosion,수질관리·스케일·부식,existing-slug,boiler-water-treatment,boiler-water-treatment,existing,pending-owner-activation,frontmatter 관계 활성화 승인 필요,automatic,high,proposal-only-not-applied
20121020_017,2012-10-20,17,energy-management,written,1,,boiler-types-construction,보일러 형식·구조·재료,split-candidate,boiler-operation-basics,boiler-types-construction,proposal-not-created,pending-owner-activation,신규 slug Owner 승인 필요,automatic,high,proposal-only-not-applied
20121020_018,2012-10-20,18,energy-management,written,1,,fuel-properties,연료 특성·발열량,split-candidate,boiler-installation-combustion,fuel-properties,proposal-not-created,pending-owner-activation,신규 slug Owner 승인 필요,automatic,high,proposal-only-not-applied
20121020_019,2012-10-20,19,energy-management,written,1,,heat-steam-thermodynamics,열·증기·열역학 기초,existing-slug,boiler-operation-basics,boiler-operation-basics,existing,pending-owner-activation,frontmatter 관계 활성화 승인 필요,automatic,high,proposal-only-not-applied
20121020_020,2012-10-20,20,energy-management,written,1,,fuel-properties,연료 특성·발열량,split-candidate,boiler-installation-combustion,fuel-properties,proposal-not-created,pending-owner-activation,신규 slug Owner 승인 필요,automatic,high,proposal-only-not-applied
20121020_021,2012-10-20,21,energy-management,written,1,,water-treatment-corrosion,수질관리·스케일·부식,existing-slug,boiler-water-treatment,boiler-water-treatment,existing,pending-owner-activation,frontmatter 관계 활성화 승인 필요,automatic,high,proposal-only-not-applied
20121020_022,2012-10-20,22,energy-management,written,1,,operation-maintenance-preservation,기동·운전·정지·보존,existing-slug,boiler-operation-maintenance,boiler-operation-maintenance,existing,pending-owner-activation,frontmatter 관계 활성화 승인 필요,pdf-reviewed,low,proposal-only-not-applied
20121020_023,2012-10-20,23,energy-management,written,1,,operation-maintenance-preservation,기동·운전·정지·보존,existing-slug,boiler-operation-maintenance,boiler-operation-maintenance,existing,pending-owner-activation,frontmatter 관계 활성화 승인 필요,pdf-reviewed,low,proposal-only-not-applied
20121020_024,2012-10-20,24,energy-management,written,1,,water-treatment-corrosion,수질관리·스케일·부식,existing-slug,boiler-water-treatment,boiler-water-treatment,existing,pending-owner-activation,frontmatter 관계 활성화 승인 필요,automatic,high,proposal-only-not-applied
20121020_025,2012-10-20,25,energy-management,written,1,,heating-systems,증기·온수·복사난방,split-candidate,boiler-piping-insulation,heating-systems,proposal-not-created,pending-owner-activation,신규 slug Owner 승인 필요,automatic,high,proposal-only-not-applied
20121020_026,2012-10-20,26,energy-management,written,1,,boiler-types-construction,보일러 형식·구조·재료,split-candidate,boiler-operation-basics,boiler-types-construction,proposal-not-created,pending-owner-activation,신규 slug Owner 승인 필요,automatic,high,proposal-only-not-applied
20121020_027,2012-10-20,27,energy-management,written,1,,safety-devices,안전장치·연소안전,existing-slug,boiler-protection-devices,boiler-protection-devices,existing,pending-owner-activation,frontmatter 관계 활성화 승인 필요,automatic,high,proposal-only-not-applied
20121020_028,2012-10-20,28,energy-management,written,1,,heat-steam-thermodynamics,열·증기·열역학 기초,existing-slug,boiler-operation-basics,boiler-operation-basics,existing,pending-owner-activation,frontmatter 관계 활성화 승인 필요,automatic,high,proposal-only-not-applied
20121020_029,2012-10-20,29,energy-management,written,1,,efficiency-output-heat-balance,효율·증발량·열정산,existing-slug,boiler-efficiency-heat-balance,boiler-efficiency-heat-balance,existing,pending-owner-activation,frontmatter 관계 활성화 승인 필요,automatic,medium,proposal-only-not-applied
20121020_030,2012-10-20,30,energy-management,written,1,,fuel-properties,연료 특성·발열량,split-candidate,boiler-installation-combustion,fuel-properties,proposal-not-created,pending-owner-activation,신규 slug Owner 승인 필요,automatic,high,proposal-only-not-applied
20121020_031,2012-10-20,31,energy-management,written,1,,boiler-types-construction,보일러 형식·구조·재료,split-candidate,boiler-operation-basics,boiler-types-construction,proposal-not-created,pending-owner-activation,신규 slug Owner 승인 필요,automatic,medium,proposal-only-not-applied
20121020_032,2012-10-20,32,energy-management,written,1,,auxiliary-feedwater-equipment,급수·부대설비,existing-slug,boiler-auxiliary-equipment,boiler-auxiliary-equipment,existing,pending-owner-activation,frontmatter 관계 활성화 승인 필요,automatic,high,proposal-only-not-applied
20121020_033,2012-10-20,33,energy-management,written,1,,heat-steam-thermodynamics,열·증기·열역학 기초,existing-slug,boiler-operation-basics,boiler-operation-basics,existing,pending-owner-activation,frontmatter 관계 활성화 승인 필요,automatic,high,proposal-only-not-applied
20121020_034,2012-10-20,34,energy-management,written,1,,efficiency-output-heat-balance,효율·증발량·열정산,existing-slug,boiler-efficiency-heat-balance,boiler-efficiency-heat-balance,existing,pending-owner-activation,frontmatter 관계 활성화 승인 필요,automatic,high,proposal-only-not-applied
20121020_035,2012-10-20,35,energy-management,written,1,,energy-laws-inspection,에너지 관계법규·검사,existing-slug,energy-laws-and-inspection,energy-laws-and-inspection,existing,pending-owner-activation,frontmatter 관계 활성화 승인 필요,automatic,high,proposal-only-not-applied
20121020_036,2012-10-20,36,energy-management,written,1,,heating-systems,증기·온수·복사난방,split-candidate,boiler-piping-insulation,heating-systems,proposal-not-created,pending-owner-activation,신규 slug Owner 승인 필요,automatic,high,proposal-only-not-applied
20121020_037,2012-10-20,37,energy-management,written,1,,insulation-materials,보온·단열재,split-candidate,boiler-piping-insulation,insulation-materials,proposal-not-created,pending-owner-activation,신규 slug Owner 승인 필요,automatic,high,proposal-only-not-applied
20121020_038,2012-10-20,38,energy-management,written,1,,instruments-accessories,계측·부속장치,existing-slug,boiler-accessory-equipment,boiler-accessory-equipment,existing,pending-owner-activation,frontmatter 관계 활성화 승인 필요,automatic,high,proposal-only-not-applied
20121020_039,2012-10-20,39,energy-management,written,1,,water-treatment-corrosion,수질관리·스케일·부식,existing-slug,boiler-water-treatment,boiler-water-treatment,existing,pending-owner-activation,frontmatter 관계 활성화 승인 필요,automatic,medium,proposal-only-not-applied
20121020_040,2012-10-20,40,energy-management,written,1,,piping-fittings-valves,배관·이음쇠·밸브,existing-slug,boiler-piping-insulation,boiler-piping-insulation,existing,pending-owner-activation,frontmatter 관계 활성화 승인 필요,automatic,high,proposal-only-not-applied
20121020_041,2012-10-20,41,energy-management,written,1,,heating-load-radiators,난방부하·방열기 계산,split-candidate,boiler-installation-combustion,heating-load-radiators,proposal-not-created,pending-owner-activation,신규 slug Owner 승인 필요,automatic,high,proposal-only-not-applied
20121020_042,2012-10-20,42,energy-management,written,1,jpg 확필,piping-fittings-valves,배관·이음쇠·밸브,existing-slug,boiler-piping-insulation,boiler-piping-insulation,existing,exclude,그림 문항 공개 검토 유지,pdf-reviewed,high,proposal-only-not-applied
20121020_043,2012-10-20,43,energy-management,written,1,,heating-systems,증기·온수·복사난방,split-candidate,boiler-piping-insulation,heating-systems,proposal-not-created,pending-owner-activation,신규 slug Owner 승인 필요,automatic,high,proposal-only-not-applied
20121020_044,2012-10-20,44,energy-management,written,1,,energy-laws-inspection,에너지 관계법규·검사,existing-slug,energy-laws-and-inspection,energy-laws-and-inspection,existing,pending-owner-activation,frontmatter 관계 활성화 승인 필요,automatic,high,proposal-only-not-applied
20121020_045,2012-10-20,45,energy-management,written,1,,insulation-materials,보온·단열재,split-candidate,boiler-piping-insulation,insulation-materials,proposal-not-created,pending-owner-activation,신규 slug Owner 승인 필요,automatic,high,proposal-only-not-applied
20121020_046,2012-10-20,46,energy-management,written,1,,boiler-types-construction,보일러 형식·구조·재료,split-candidate,boiler-operation-basics,boiler-types-construction,proposal-not-created,pending-owner-activation,신규 slug Owner 승인 필요,automatic,medium,proposal-only-not-applied
20121020_047,2012-10-20,47,energy-management,written,1,,piping-fittings-valves,배관·이음쇠·밸브,existing-slug,boiler-piping-insulation,boiler-piping-insulation,existing,pending-owner-activation,frontmatter 관계 활성화 승인 필요,automatic,high,proposal-only-not-applied
20121020_048,2012-10-20,48,energy-management,written,1,,draft-flue-gas,통풍·연도·굴뚝,split-candidate,boiler-installation-combustion,draft-flue-gas,proposal-not-created,pending-owner-activation,신규 slug Owner 승인 필요,automatic,medium,proposal-only-not-applied
20121020_049,2012-10-20,49,energy-management,written,1,,instruments-accessories,계측·부속장치,existing-slug,boiler-accessory-equipment,boiler-accessory-equipment,existing,pending-owner-activation,frontmatter 관계 활성화 승인 필요,automatic,high,proposal-only-not-applied
20121020_050,2012-10-20,50,energy-management,written,1,,water-treatment-corrosion,수질관리·스케일·부식,existing-slug,boiler-water-treatment,boiler-water-treatment,existing,pending-owner-activation,frontmatter 관계 활성화 승인 필요,automatic,high,proposal-only-not-applied
20121020_051,2012-10-20,51,energy-management,written,1,,piping-fittings-valves,배관·이음쇠·밸브,existing-slug,boiler-piping-insulation,boiler-piping-insulation,existing,pending-owner-activation,frontmatter 관계 활성화 승인 필요,automatic,medium,proposal-only-not-applied
20121020_052,2012-10-20,52,energy-management,written,1,jpg 확필,efficiency-output-heat-balance,효율·증발량·열정산,existing-slug,boiler-efficiency-heat-balance,boiler-efficiency-heat-balance,existing,exclude,그림 문항 공개 검토 유지,pdf-reviewed,medium,proposal-only-not-applied
20121020_053,2012-10-20,53,energy-management,written,1,,insulation-materials,보온·단열재,split-candidate,boiler-piping-insulation,insulation-materials,proposal-not-created,pending-owner-activation,신규 slug Owner 승인 필요,automatic,high,proposal-only-not-applied
20121020_054,2012-10-20,54,energy-management,written,1,,draft-flue-gas,통풍·연도·굴뚝,split-candidate,boiler-installation-combustion,draft-flue-gas,proposal-not-created,pending-owner-activation,신규 slug Owner 승인 필요,automatic,medium,proposal-only-not-applied
20121020_055,2012-10-20,55,energy-management,written,1,,energy-laws-inspection,에너지 관계법규·검사,existing-slug,energy-laws-and-inspection,energy-laws-and-inspection,existing,pending-owner-activation,frontmatter 관계 활성화 승인 필요,automatic,high,proposal-only-not-applied
20121020_056,2012-10-20,56,energy-management,written,1,,energy-laws-inspection,에너지 관계법규·검사,existing-slug,energy-laws-and-inspection,energy-laws-and-inspection,existing,pending-owner-activation,frontmatter 관계 활성화 승인 필요,automatic,high,proposal-only-not-applied
20121020_057,2012-10-20,57,energy-management,written,1,,energy-laws-inspection,에너지 관계법규·검사,existing-slug,energy-laws-and-inspection,energy-laws-and-inspection,existing,pending-owner-activation,frontmatter 관계 활성화 승인 필요,automatic,high,proposal-only-not-applied
20121020_058,2012-10-20,58,energy-management,written,1,,energy-laws-inspection,에너지 관계법규·검사,existing-slug,energy-laws-and-inspection,energy-laws-and-inspection,existing,pending-owner-activation,frontmatter 관계 활성화 승인 필요,automatic,high,proposal-only-not-applied
20121020_059,2012-10-20,59,energy-management,written,1,,energy-laws-inspection,에너지 관계법규·검사,existing-slug,energy-laws-and-inspection,energy-laws-and-inspection,existing,pending-owner-activation,frontmatter 관계 활성화 승인 필요,automatic,high,proposal-only-not-applied
20121020_060,2012-10-20,60,energy-management,written,1,,energy-laws-inspection,에너지 관계법규·검사,existing-slug,energy-laws-and-inspection,energy-laws-and-inspection,existing,pending-owner-activation,frontmatter 관계 활성화 승인 필요,automatic,high,proposal-only-not-applied
20130127_001,2013-01-27,1,energy-management,written,1,,draft-flue-gas,통풍·연도·굴뚝,split-candidate,boiler-installation-combustion,draft-flue-gas,proposal-not-created,pending-owner-activation,신규 slug Owner 승인 필요,automatic,high,proposal-only-not-applied
20130127_002,2013-01-27,2,energy-management,written,1,,automatic-control-interlocks,자동제어·인터록,existing-slug,boiler-control-systems,boiler-control-systems,existing,pending-owner-activation,frontmatter 관계 활성화 승인 필요,automatic,high,proposal-only-not-applied
20130127_003,2013-01-27,3,energy-management,written,1,,fuel-properties,연료 특성·발열량,split-candidate,boiler-installation-combustion,fuel-properties,proposal-not-created,pending-owner-activation,신규 slug Owner 승인 필요,automatic,high,proposal-only-not-applied
20130127_004,2013-01-27,4,energy-management,written,1,,auxiliary-feedwater-equipment,급수·부대설비,existing-slug,boiler-auxiliary-equipment,boiler-auxiliary-equipment,existing,pending-owner-activation,frontmatter 관계 활성화 승인 필요,pdf-reviewed,low,proposal-only-not-applied
20130127_005,2013-01-27,5,energy-management,written,1,,fuel-properties,연료 특성·발열량,split-candidate,boiler-installation-combustion,fuel-properties,proposal-not-created,pending-owner-activation,신규 slug Owner 승인 필요,pdf-reviewed,low,proposal-only-not-applied
20130127_006,2013-01-27,6,energy-management,written,1,,boiler-types-construction,보일러 형식·구조·재료,split-candidate,boiler-operation-basics,boiler-types-construction,proposal-not-created,pending-owner-activation,신규 slug Owner 승인 필요,automatic,high,proposal-only-not-applied
20130127_007,2013-01-27,7,energy-management,written,1,,efficiency-output-heat-balance,효율·증발량·열정산,existing-slug,boiler-efficiency-heat-balance,boiler-efficiency-heat-balance,existing,pending-owner-activation,frontmatter 관계 활성화 승인 필요,automatic,high,proposal-only-not-applied
20130127_008,2013-01-27,8,energy-management,written,1,,efficiency-output-heat-balance,효율·증발량·열정산,existing-slug,boiler-efficiency-heat-balance,boiler-efficiency-heat-balance,existing,pending-owner-activation,frontmatter 관계 활성화 승인 필요,pdf-reviewed,low,proposal-only-not-applied
20130127_009,2013-01-27,9,energy-management,written,1,,fuel-properties,연료 특성·발열량,split-candidate,boiler-installation-combustion,fuel-properties,proposal-not-created,pending-owner-activation,신규 slug Owner 승인 필요,automatic,high,proposal-only-not-applied
20130127_010,2013-01-27,10,energy-management,written,1,,fuel-properties,연료 특성·발열량,split-candidate,boiler-installation-combustion,fuel-properties,proposal-not-created,pending-owner-activation,신규 slug Owner 승인 필요,automatic,high,proposal-only-not-applied
20130127_011,2013-01-27,11,energy-management,written,1,,burners-furnaces-atomization,버너·화격자·연소장치,split-candidate,boiler-installation-combustion,burners-furnaces-atomization,proposal-not-created,pending-owner-activation,신규 slug Owner 승인 필요,automatic,high,proposal-only-not-applied
20130127_012,2013-01-27,12,energy-management,written,1,,water-treatment-corrosion,수질관리·스케일·부식,existing-slug,boiler-water-treatment,boiler-water-treatment,existing,pending-owner-activation,frontmatter 관계 활성화 승인 필요,automatic,high,proposal-only-not-applied
20130127_013,2013-01-27,13,energy-management,written,1,,burners-furnaces-atomization,버너·화격자·연소장치,split-candidate,boiler-installation-combustion,burners-furnaces-atomization,proposal-not-created,pending-owner-activation,신규 slug Owner 승인 필요,automatic,high,proposal-only-not-applied
20130127_014,2013-01-27,14,energy-management,written,1,,automatic-control-interlocks,자동제어·인터록,existing-slug,boiler-control-systems,boiler-control-systems,existing,pending-owner-activation,frontmatter 관계 활성화 승인 필요,automatic,high,proposal-only-not-applied
20130127_015,2013-01-27,15,energy-management,written,1,,boiler-types-construction,보일러 형식·구조·재료,split-candidate,boiler-operation-basics,boiler-types-construction,proposal-not-created,pending-owner-activation,신규 slug Owner 승인 필요,automatic,high,proposal-only-not-applied
20130127_016,2013-01-27,16,energy-management,written,1,,instruments-accessories,계측·부속장치,existing-slug,boiler-accessory-equipment,boiler-accessory-equipment,existing,pending-owner-activation,frontmatter 관계 활성화 승인 필요,automatic,high,proposal-only-not-applied
20130127_017,2013-01-27,17,energy-management,written,1,,combustion-air-calculation,연소·공기비·배기가스 계산,existing-slug,boiler-installation-combustion,boiler-installation-combustion,existing,pending-owner-activation,frontmatter 관계 활성화 승인 필요,automatic,high,proposal-only-not-applied
20130127_018,2013-01-27,18,energy-management,written,1,,auxiliary-feedwater-equipment,급수·부대설비,existing-slug,boiler-auxiliary-equipment,boiler-auxiliary-equipment,existing,pending-owner-activation,frontmatter 관계 활성화 승인 필요,automatic,high,proposal-only-not-applied
20130127_019,2013-01-27,19,energy-management,written,1,,automatic-control-interlocks,자동제어·인터록,existing-slug,boiler-control-systems,boiler-control-systems,existing,pending-owner-activation,frontmatter 관계 활성화 승인 필요,automatic,high,proposal-only-not-applied
20130127_020,2013-01-27,20,energy-management,written,1,,heat-steam-thermodynamics,열·증기·열역학 기초,existing-slug,boiler-operation-basics,boiler-operation-basics,existing,pending-owner-activation,frontmatter 관계 활성화 승인 필요,automatic,high,proposal-only-not-applied
20130127_021,2013-01-27,21,energy-management,written,1,,auxiliary-feedwater-equipment,급수·부대설비,existing-slug,boiler-auxiliary-equipment,boiler-auxiliary-equipment,existing,pending-owner-activation,frontmatter 관계 활성화 승인 필요,automatic,high,proposal-only-not-applied
20130127_022,2013-01-27,22,energy-management,written,1,,efficiency-output-heat-balance,효율·증발량·열정산,existing-slug,boiler-efficiency-heat-balance,boiler-efficiency-heat-balance,existing,pending-owner-activation,frontmatter 관계 활성화 승인 필요,automatic,high,proposal-only-not-applied
20130127_023,2013-01-27,23,energy-management,written,1,,piping-fittings-valves,배관·이음쇠·밸브,existing-slug,boiler-piping-insulation,boiler-piping-insulation,existing,pending-owner-activation,frontmatter 관계 활성화 승인 필요,automatic,high,proposal-only-not-applied
20130127_024,2013-01-27,24,energy-management,written,1,,boiler-types-construction,보일러 형식·구조·재료,split-candidate,boiler-operation-basics,boiler-types-construction,proposal-not-created,pending-owner-activation,신규 slug Owner 승인 필요,automatic,high,proposal-only-not-applied
20130127_025,2013-01-27,25,energy-management,written,1,,safety-devices,안전장치·연소안전,existing-slug,boiler-protection-devices,boiler-protection-devices,existing,pending-owner-activation,frontmatter 관계 활성화 승인 필요,automatic,high,proposal-only-not-applied
20130127_026,2013-01-27,26,energy-management,written,1,,heat-steam-thermodynamics,열·증기·열역학 기초,existing-slug,boiler-operation-basics,boiler-operation-basics,existing,pending-owner-activation,frontmatter 관계 활성화 승인 필요,automatic,high,proposal-only-not-applied
20130127_027,2013-01-27,27,energy-management,written,1,,safety-devices,안전장치·연소안전,existing-slug,boiler-protection-devices,boiler-protection-devices,existing,pending-owner-activation,frontmatter 관계 활성화 승인 필요,automatic,high,proposal-only-not-applied
20130127_028,2013-01-27,28,energy-management,written,1,,environmental-pollution-control,집진·환경설비,split-candidate,boiler-accessory-equipment,environmental-pollution-control,proposal-not-created,pending-owner-activation,신규 slug Owner 승인 필요,automatic,high,proposal-only-not-applied
20130127_029,2013-01-27,29,energy-management,written,1,,failures-accidents-safety,고장·사고·작업안전,existing-slug,boiler-work-safety,boiler-work-safety,existing,pending-owner-activation,frontmatter 관계 활성화 승인 필요,automatic,high,proposal-only-not-applied
20130127_030,2013-01-27,30,energy-management,written,1,,water-treatment-corrosion,수질관리·스케일·부식,existing-slug,boiler-water-treatment,boiler-water-treatment,existing,pending-owner-activation,frontmatter 관계 활성화 승인 필요,automatic,high,proposal-only-not-applied
20130127_031,2013-01-27,31,energy-management,written,1,,water-treatment-corrosion,수질관리·스케일·부식,existing-slug,boiler-water-treatment,boiler-water-treatment,existing,pending-owner-activation,frontmatter 관계 활성화 승인 필요,automatic,high,proposal-only-not-applied
20130127_032,2013-01-27,32,energy-management,written,1,,operation-maintenance-preservation,기동·운전·정지·보존,existing-slug,boiler-operation-maintenance,boiler-operation-maintenance,existing,pending-owner-activation,frontmatter 관계 활성화 승인 필요,automatic,high,proposal-only-not-applied
20130127_033,2013-01-27,33,energy-management,written,1,,piping-fittings-valves,배관·이음쇠·밸브,existing-slug,boiler-piping-insulation,boiler-piping-insulation,existing,pending-owner-activation,frontmatter 관계 활성화 승인 필요,automatic,high,proposal-only-not-applied
20130127_034,2013-01-27,34,energy-management,written,1,,failures-accidents-safety,고장·사고·작업안전,existing-slug,boiler-work-safety,boiler-work-safety,existing,pending-owner-activation,frontmatter 관계 활성화 승인 필요,automatic,high,proposal-only-not-applied
20130127_035,2013-01-27,35,energy-management,written,1,,instruments-accessories,계측·부속장치,existing-slug,boiler-accessory-equipment,boiler-accessory-equipment,existing,pending-owner-activation,frontmatter 관계 활성화 승인 필요,automatic,high,proposal-only-not-applied
20130127_036,2013-01-27,36,energy-management,written,1,,heating-systems,증기·온수·복사난방,split-candidate,boiler-piping-insulation,heating-systems,proposal-not-created,pending-owner-activation,신규 slug Owner 승인 필요,automatic,high,proposal-only-not-applied
20130127_037,2013-01-27,37,energy-management,written,1,,heating-systems,증기·온수·복사난방,split-candidate,boiler-piping-insulation,heating-systems,proposal-not-created,pending-owner-activation,신규 slug Owner 승인 필요,automatic,high,proposal-only-not-applied
20130127_038,2013-01-27,38,energy-management,written,1,,heating-systems,증기·온수·복사난방,split-candidate,boiler-piping-insulation,heating-systems,proposal-not-created,pending-owner-activation,신규 slug Owner 승인 필요,automatic,high,proposal-only-not-applied
20130127_039,2013-01-27,39,energy-management,written,1,,piping-fittings-valves,배관·이음쇠·밸브,existing-slug,boiler-piping-insulation,boiler-piping-insulation,existing,pending-owner-activation,frontmatter 관계 활성화 승인 필요,automatic,high,proposal-only-not-applied
20130127_040,2013-01-27,40,energy-management,written,1,,insulation-materials,보온·단열재,split-candidate,boiler-piping-insulation,insulation-materials,proposal-not-created,pending-owner-activation,신규 slug Owner 승인 필요,automatic,high,proposal-only-not-applied
20130127_041,2013-01-27,41,energy-management,written,1,,heating-load-radiators,난방부하·방열기 계산,split-candidate,boiler-installation-combustion,heating-load-radiators,proposal-not-created,pending-owner-activation,신규 slug Owner 승인 필요,automatic,high,proposal-only-not-applied
20130127_042,2013-01-27,42,energy-management,written,1,,piping-fittings-valves,배관·이음쇠·밸브,existing-slug,boiler-piping-insulation,boiler-piping-insulation,existing,pending-owner-activation,frontmatter 관계 활성화 승인 필요,automatic,high,proposal-only-not-applied
20130127_043,2013-01-27,43,energy-management,written,1,,operation-maintenance-preservation,기동·운전·정지·보존,existing-slug,boiler-operation-maintenance,boiler-operation-maintenance,existing,pending-owner-activation,frontmatter 관계 활성화 승인 필요,pdf-reviewed,low,proposal-only-not-applied
20130127_044,2013-01-27,44,energy-management,written,1,,safety-devices,안전장치·연소안전,existing-slug,boiler-protection-devices,boiler-protection-devices,existing,pending-owner-activation,frontmatter 관계 활성화 승인 필요,automatic,high,proposal-only-not-applied
20130127_045,2013-01-27,45,energy-management,written,1,,boiler-types-construction,보일러 형식·구조·재료,split-candidate,boiler-operation-basics,boiler-types-construction,proposal-not-created,pending-owner-activation,신규 slug Owner 승인 필요,automatic,medium,proposal-only-not-applied
20130127_046,2013-01-27,46,energy-management,written,1,,water-treatment-corrosion,수질관리·스케일·부식,existing-slug,boiler-water-treatment,boiler-water-treatment,existing,pending-owner-activation,frontmatter 관계 활성화 승인 필요,automatic,high,proposal-only-not-applied
20130127_047,2013-01-27,47,energy-management,written,1,,piping-fittings-valves,배관·이음쇠·밸브,existing-slug,boiler-piping-insulation,boiler-piping-insulation,existing,pending-owner-activation,frontmatter 관계 활성화 승인 필요,automatic,high,proposal-only-not-applied
20130127_048,2013-01-27,48,energy-management,written,1,,energy-laws-inspection,에너지 관계법규·검사,existing-slug,energy-laws-and-inspection,energy-laws-and-inspection,existing,pending-owner-activation,frontmatter 관계 활성화 승인 필요,automatic,high,proposal-only-not-applied
20130127_049,2013-01-27,49,energy-management,written,1,,heating-load-radiators,난방부하·방열기 계산,split-candidate,boiler-installation-combustion,heating-load-radiators,proposal-not-created,pending-owner-activation,신규 slug Owner 승인 필요,automatic,high,proposal-only-not-applied
20130127_050,2013-01-27,50,energy-management,written,1,,piping-fittings-valves,배관·이음쇠·밸브,existing-slug,boiler-piping-insulation,boiler-piping-insulation,existing,pending-owner-activation,frontmatter 관계 활성화 승인 필요,automatic,high,proposal-only-not-applied
20130127_051,2013-01-27,51,energy-management,written,1,,energy-laws-inspection,에너지 관계법규·검사,existing-slug,energy-laws-and-inspection,energy-laws-and-inspection,existing,pending-owner-activation,frontmatter 관계 활성화 승인 필요,automatic,high,proposal-only-not-applied
20130127_052,2013-01-27,52,energy-management,written,1,,energy-laws-inspection,에너지 관계법규·검사,existing-slug,energy-laws-and-inspection,energy-laws-and-inspection,existing,pending-owner-activation,frontmatter 관계 활성화 승인 필요,automatic,high,proposal-only-not-applied
20130127_053,2013-01-27,53,energy-management,written,1,,energy-laws-inspection,에너지 관계법규·검사,existing-slug,energy-laws-and-inspection,energy-laws-and-inspection,existing,pending-owner-activation,frontmatter 관계 활성화 승인 필요,automatic,high,proposal-only-not-applied
20130127_054,2013-01-27,54,energy-management,written,1,,energy-laws-inspection,에너지 관계법규·검사,existing-slug,energy-laws-and-inspection,energy-laws-and-inspection,existing,pending-owner-activation,frontmatter 관계 활성화 승인 필요,automatic,high,proposal-only-not-applied
20130127_055,2013-01-27,55,energy-management,written,1,,energy-laws-inspection,에너지 관계법규·검사,existing-slug,energy-laws-and-inspection,energy-laws-and-inspection,existing,pending-owner-activation,frontmatter 관계 활성화 승인 필요,automatic,medium,proposal-only-not-applied
20130127_056,2013-01-27,56,energy-management,written,1,,heating-systems,증기·온수·복사난방,split-candidate,boiler-piping-insulation,heating-systems,proposal-not-created,pending-owner-activation,신규 slug Owner 승인 필요,automatic,high,proposal-only-not-applied
20130127_057,2013-01-27,57,energy-management,written,1,,burners-furnaces-atomization,버너·화격자·연소장치,split-candidate,boiler-installation-combustion,burners-furnaces-atomization,proposal-not-created,pending-owner-activation,신규 slug Owner 승인 필요,automatic,high,proposal-only-not-applied
20130127_058,2013-01-27,58,energy-management,written,1,,operation-maintenance-preservation,기동·운전·정지·보존,existing-slug,boiler-operation-maintenance,boiler-operation-maintenance,existing,pending-owner-activation,frontmatter 관계 활성화 승인 필요,automatic,high,proposal-only-not-applied
20130127_059,2013-01-27,59,energy-management,written,1,,combustion-air-calculation,연소·공기비·배기가스 계산,existing-slug,boiler-installation-combustion,boiler-installation-combustion,existing,pending-owner-activation,frontmatter 관계 활성화 승인 필요,automatic,high,proposal-only-not-applied
20130127_060,2013-01-27,60,energy-management,written,1,,energy-laws-inspection,에너지 관계법규·검사,existing-slug,energy-laws-and-inspection,energy-laws-and-inspection,existing,pending-owner-activation,frontmatter 관계 활성화 승인 필요,automatic,high,proposal-only-not-applied
20130414_001,2013-04-14,1,energy-management,written,1,,automatic-control-interlocks,자동제어·인터록,existing-slug,boiler-control-systems,boiler-control-systems,existing,pending-owner-activation,frontmatter 관계 활성화 승인 필요,automatic,high,proposal-only-not-applied
20130414_002,2013-04-14,2,energy-management,written,1,,fuel-properties,연료 특성·발열량,split-candidate,boiler-installation-combustion,fuel-properties,proposal-not-created,pending-owner-activation,신규 slug Owner 승인 필요,automatic,high,proposal-only-not-applied
20130414_003,2013-04-14,3,energy-management,written,1,,environmental-pollution-control,집진·환경설비,split-candidate,boiler-accessory-equipment,environmental-pollution-control,proposal-not-created,pending-owner-activation,신규 slug Owner 승인 필요,automatic,high,proposal-only-not-applied
20130414_004,2013-04-14,4,energy-management,written,1,,safety-devices,안전장치·연소안전,existing-slug,boiler-protection-devices,boiler-protection-devices,existing,pending-owner-activation,frontmatter 관계 활성화 승인 필요,automatic,high,proposal-only-not-applied
20130414_005,2013-04-14,5,energy-management,written,1,,efficiency-output-heat-balance,효율·증발량·열정산,existing-slug,boiler-efficiency-heat-balance,boiler-efficiency-heat-balance,existing,pending-owner-activation,frontmatter 관계 활성화 승인 필요,automatic,high,proposal-only-not-applied
20130414_006,2013-04-14,6,energy-management,written,1,,efficiency-output-heat-balance,효율·증발량·열정산,existing-slug,boiler-efficiency-heat-balance,boiler-efficiency-heat-balance,existing,pending-owner-activation,frontmatter 관계 활성화 승인 필요,automatic,high,proposal-only-not-applied
20130414_007,2013-04-14,7,energy-management,written,1,,instruments-accessories,계측·부속장치,existing-slug,boiler-accessory-equipment,boiler-accessory-equipment,existing,pending-owner-activation,frontmatter 관계 활성화 승인 필요,automatic,medium,proposal-only-not-applied
20130414_008,2013-04-14,8,energy-management,written,1,,instruments-accessories,계측·부속장치,existing-slug,boiler-accessory-equipment,boiler-accessory-equipment,existing,pending-owner-activation,frontmatter 관계 활성화 승인 필요,automatic,high,proposal-only-not-applied
20130414_009,2013-04-14,9,energy-management,written,1,,safety-devices,안전장치·연소안전,existing-slug,boiler-protection-devices,boiler-protection-devices,existing,pending-owner-activation,frontmatter 관계 활성화 승인 필요,automatic,high,proposal-only-not-applied
20130414_010,2013-04-14,10,energy-management,written,1,,fuel-properties,연료 특성·발열량,split-candidate,boiler-installation-combustion,fuel-properties,proposal-not-created,pending-owner-activation,신규 slug Owner 승인 필요,automatic,high,proposal-only-not-applied
20130414_011,2013-04-14,11,energy-management,written,1,,auxiliary-feedwater-equipment,급수·부대설비,existing-slug,boiler-auxiliary-equipment,boiler-auxiliary-equipment,existing,pending-owner-activation,frontmatter 관계 활성화 승인 필요,automatic,high,proposal-only-not-applied
20130414_012,2013-04-14,12,energy-management,written,1,jpg 확필,environmental-pollution-control,집진·환경설비,split-candidate,boiler-accessory-equipment,environmental-pollution-control,proposal-not-created,exclude,그림 문항 공개 검토 유지 | 신규 slug Owner 승인 필요,pdf-reviewed,high,proposal-only-not-applied
20130414_013,2013-04-14,13,energy-management,written,1,,automatic-control-interlocks,자동제어·인터록,existing-slug,boiler-control-systems,boiler-control-systems,existing,pending-owner-activation,frontmatter 관계 활성화 승인 필요,automatic,high,proposal-only-not-applied
20130414_014,2013-04-14,14,energy-management,written,1,,boiler-types-construction,보일러 형식·구조·재료,split-candidate,boiler-operation-basics,boiler-types-construction,proposal-not-created,pending-owner-activation,신규 slug Owner 승인 필요,automatic,high,proposal-only-not-applied
20130414_015,2013-04-14,15,energy-management,written,1,,boiler-types-construction,보일러 형식·구조·재료,split-candidate,boiler-operation-basics,boiler-types-construction,proposal-not-created,pending-owner-activation,신규 slug Owner 승인 필요,automatic,high,proposal-only-not-applied
20130414_016,2013-04-14,16,energy-management,written,1,,heat-steam-thermodynamics,열·증기·열역학 기초,existing-slug,boiler-operation-basics,boiler-operation-basics,existing,pending-owner-activation,frontmatter 관계 활성화 승인 필요,automatic,high,proposal-only-not-applied
20130414_017,2013-04-14,17,energy-management,written,1,,combustion-air-calculation,연소·공기비·배기가스 계산,existing-slug,boiler-installation-combustion,boiler-installation-combustion,existing,pending-owner-activation,frontmatter 관계 활성화 승인 필요,automatic,high,proposal-only-not-applied
20130414_018,2013-04-14,18,energy-management,written,1,,heat-steam-thermodynamics,열·증기·열역학 기초,existing-slug,boiler-operation-basics,boiler-operation-basics,existing,pending-owner-activation,frontmatter 관계 활성화 승인 필요,automatic,high,proposal-only-not-applied
20130414_019,2013-04-14,19,energy-management,written,1,,fuel-properties,연료 특성·발열량,split-candidate,boiler-installation-combustion,fuel-properties,proposal-not-created,pending-owner-activation,신규 slug Owner 승인 필요,automatic,high,proposal-only-not-applied
20130414_020,2013-04-14,20,energy-management,written,1,,efficiency-output-heat-balance,효율·증발량·열정산,existing-slug,boiler-efficiency-heat-balance,boiler-efficiency-heat-balance,existing,pending-owner-activation,frontmatter 관계 활성화 승인 필요,automatic,high,proposal-only-not-applied
20130414_021,2013-04-14,21,energy-management,written,1,,heating-load-radiators,난방부하·방열기 계산,split-candidate,boiler-installation-combustion,heating-load-radiators,proposal-not-created,pending-owner-activation,신규 slug Owner 승인 필요,automatic,high,proposal-only-not-applied
20130414_022,2013-04-14,22,energy-management,written,1,,burners-furnaces-atomization,버너·화격자·연소장치,split-candidate,boiler-installation-combustion,burners-furnaces-atomization,proposal-not-created,pending-owner-activation,신규 slug Owner 승인 필요,automatic,high,proposal-only-not-applied
20130414_023,2013-04-14,23,energy-management,written,1,,piping-fittings-valves,배관·이음쇠·밸브,existing-slug,boiler-piping-insulation,boiler-piping-insulation,existing,pending-owner-activation,frontmatter 관계 활성화 승인 필요,pdf-reviewed,low,proposal-only-not-applied
20130414_024,2013-04-14,24,energy-management,written,1,jpg 확필,piping-fittings-valves,배관·이음쇠·밸브,existing-slug,boiler-piping-insulation,boiler-piping-insulation,existing,exclude,그림 문항 공개 검토 유지,pdf-reviewed,high,proposal-only-not-applied
20130414_025,2013-04-14,25,energy-management,written,1,,operation-maintenance-preservation,기동·운전·정지·보존,existing-slug,boiler-operation-maintenance,boiler-operation-maintenance,existing,pending-owner-activation,frontmatter 관계 활성화 승인 필요,pdf-reviewed,low,proposal-only-not-applied
20130414_026,2013-04-14,26,energy-management,written,1,jpg 확필,operation-maintenance-preservation,기동·운전·정지·보존,existing-slug,boiler-operation-maintenance,boiler-operation-maintenance,existing,exclude,그림 문항 공개 검토 유지,pdf-reviewed,high,proposal-only-not-applied
20130414_027,2013-04-14,27,energy-management,written,1,,steam-traps-condensate,증기트랩·응축수 환수,split-candidate,boiler-piping-insulation,steam-traps-condensate,proposal-not-created,pending-owner-activation,신규 slug Owner 승인 필요,automatic,high,proposal-only-not-applied
20130414_028,2013-04-14,28,energy-management,written,1,,safety-devices,안전장치·연소안전,existing-slug,boiler-protection-devices,boiler-protection-devices,existing,pending-owner-activation,frontmatter 관계 활성화 승인 필요,automatic,high,proposal-only-not-applied
20130414_029,2013-04-14,29,energy-management,written,1,,piping-fittings-valves,배관·이음쇠·밸브,existing-slug,boiler-piping-insulation,boiler-piping-insulation,existing,pending-owner-activation,frontmatter 관계 활성화 승인 필요,automatic,high,proposal-only-not-applied
20130414_030,2013-04-14,30,energy-management,written,1,,piping-fittings-valves,배관·이음쇠·밸브,existing-slug,boiler-piping-insulation,boiler-piping-insulation,existing,pending-owner-activation,frontmatter 관계 활성화 승인 필요,automatic,high,proposal-only-not-applied
20130414_031,2013-04-14,31,energy-management,written,1,,instruments-accessories,계측·부속장치,existing-slug,boiler-accessory-equipment,boiler-accessory-equipment,existing,pending-owner-activation,frontmatter 관계 활성화 승인 필요,automatic,high,proposal-only-not-applied
20130414_032,2013-04-14,32,energy-management,written,1,,automatic-control-interlocks,자동제어·인터록,existing-slug,boiler-control-systems,boiler-control-systems,existing,pending-owner-activation,frontmatter 관계 활성화 승인 필요,automatic,high,proposal-only-not-applied
20130414_033,2013-04-14,33,energy-management,written,1,,fuel-properties,연료 특성·발열량,split-candidate,boiler-installation-combustion,fuel-properties,proposal-not-created,pending-owner-activation,신규 slug Owner 승인 필요,automatic,high,proposal-only-not-applied
20130414_034,2013-04-14,34,energy-management,written,1,,boiler-types-construction,보일러 형식·구조·재료,split-candidate,boiler-operation-basics,boiler-types-construction,proposal-not-created,pending-owner-activation,신규 slug Owner 승인 필요,automatic,high,proposal-only-not-applied
20130414_035,2013-04-14,35,energy-management,written,1,,heat-steam-thermodynamics,열·증기·열역학 기초,existing-slug,boiler-operation-basics,boiler-operation-basics,existing,pending-owner-activation,frontmatter 관계 활성화 승인 필요,automatic,high,proposal-only-not-applied
20130414_036,2013-04-14,36,energy-management,written,1,,burners-furnaces-atomization,버너·화격자·연소장치,split-candidate,boiler-installation-combustion,burners-furnaces-atomization,proposal-not-created,pending-owner-activation,신규 slug Owner 승인 필요,automatic,high,proposal-only-not-applied
20130414_037,2013-04-14,37,energy-management,written,1,,boiler-types-construction,보일러 형식·구조·재료,split-candidate,boiler-operation-basics,boiler-types-construction,proposal-not-created,pending-owner-activation,신규 slug Owner 승인 필요,automatic,medium,proposal-only-not-applied
20130414_038,2013-04-14,38,energy-management,written,1,,fuel-properties,연료 특성·발열량,split-candidate,boiler-installation-combustion,fuel-properties,proposal-not-created,pending-owner-activation,신규 slug Owner 승인 필요,automatic,high,proposal-only-not-applied
20130414_039,2013-04-14,39,energy-management,written,1,,auxiliary-feedwater-equipment,급수·부대설비,existing-slug,boiler-auxiliary-equipment,boiler-auxiliary-equipment,existing,pending-owner-activation,frontmatter 관계 활성화 승인 필요,automatic,medium,proposal-only-not-applied
20130414_040,2013-04-14,40,energy-management,written,1,,heating-systems,증기·온수·복사난방,split-candidate,boiler-piping-insulation,heating-systems,proposal-not-created,pending-owner-activation,신규 slug Owner 승인 필요,automatic,high,proposal-only-not-applied
20130414_041,2013-04-14,41,energy-management,written,1,,heating-systems,증기·온수·복사난방,split-candidate,boiler-piping-insulation,heating-systems,proposal-not-created,pending-owner-activation,신규 slug Owner 승인 필요,automatic,high,proposal-only-not-applied
20130414_042,2013-04-14,42,energy-management,written,1,,failures-accidents-safety,고장·사고·작업안전,existing-slug,boiler-work-safety,boiler-work-safety,existing,pending-owner-activation,frontmatter 관계 활성화 승인 필요,automatic,high,proposal-only-not-applied
20130414_043,2013-04-14,43,energy-management,written,1,,combustion-air-calculation,연소·공기비·배기가스 계산,existing-slug,boiler-installation-combustion,boiler-installation-combustion,existing,pending-owner-activation,frontmatter 관계 활성화 승인 필요,automatic,high,proposal-only-not-applied
20130414_044,2013-04-14,44,energy-management,written,1,,piping-fittings-valves,배관·이음쇠·밸브,existing-slug,boiler-piping-insulation,boiler-piping-insulation,existing,pending-owner-activation,frontmatter 관계 활성화 승인 필요,automatic,medium,proposal-only-not-applied
20130414_045,2013-04-14,45,energy-management,written,1,,piping-fittings-valves,배관·이음쇠·밸브,existing-slug,boiler-piping-insulation,boiler-piping-insulation,existing,pending-owner-activation,frontmatter 관계 활성화 승인 필요,automatic,high,proposal-only-not-applied
20130414_046,2013-04-14,46,energy-management,written,1,,heating-systems,증기·온수·복사난방,split-candidate,boiler-piping-insulation,heating-systems,proposal-not-created,pending-owner-activation,신규 slug Owner 승인 필요,automatic,high,proposal-only-not-applied
20130414_047,2013-04-14,47,energy-management,written,1,jpg 확필,water-treatment-corrosion,수질관리·스케일·부식,existing-slug,boiler-water-treatment,boiler-water-treatment,existing,exclude,그림 문항 공개 검토 유지,pdf-reviewed,high,proposal-only-not-applied
20130414_048,2013-04-14,48,energy-management,written,1,,fuel-properties,연료 특성·발열량,split-candidate,boiler-installation-combustion,fuel-properties,proposal-not-created,pending-owner-activation,신규 slug Owner 승인 필요,automatic,medium,proposal-only-not-applied
20130414_049,2013-04-14,49,energy-management,written,1,,piping-fittings-valves,배관·이음쇠·밸브,existing-slug,boiler-piping-insulation,boiler-piping-insulation,existing,pending-owner-activation,frontmatter 관계 활성화 승인 필요,automatic,medium,proposal-only-not-applied
20130414_050,2013-04-14,50,energy-management,written,1,,insulation-materials,보온·단열재,split-candidate,boiler-piping-insulation,insulation-materials,proposal-not-created,pending-owner-activation,신규 slug Owner 승인 필요,automatic,high,proposal-only-not-applied
20130414_051,2013-04-14,51,energy-management,written,1,,energy-laws-inspection,에너지 관계법규·검사,existing-slug,energy-laws-and-inspection,energy-laws-and-inspection,existing,pending-owner-activation,frontmatter 관계 활성화 승인 필요,automatic,high,proposal-only-not-applied
20130414_052,2013-04-14,52,energy-management,written,1,,energy-laws-inspection,에너지 관계법규·검사,existing-slug,energy-laws-and-inspection,energy-laws-and-inspection,existing,pending-owner-activation,frontmatter 관계 활성화 승인 필요,automatic,high,proposal-only-not-applied
20130414_053,2013-04-14,53,energy-management,written,1,,energy-laws-inspection,에너지 관계법규·검사,existing-slug,energy-laws-and-inspection,energy-laws-and-inspection,existing,pending-owner-activation,frontmatter 관계 활성화 승인 필요,automatic,high,proposal-only-not-applied
20130414_054,2013-04-14,54,energy-management,written,1,,energy-laws-inspection,에너지 관계법규·검사,existing-slug,energy-laws-and-inspection,energy-laws-and-inspection,existing,pending-owner-activation,frontmatter 관계 활성화 승인 필요,automatic,high,proposal-only-not-applied
20130414_055,2013-04-14,55,energy-management,written,1,,energy-laws-inspection,에너지 관계법규·검사,existing-slug,energy-laws-and-inspection,energy-laws-and-inspection,existing,pending-owner-activation,frontmatter 관계 활성화 승인 필요,automatic,high,proposal-only-not-applied
20130414_056,2013-04-14,56,energy-management,written,1,,heating-systems,증기·온수·복사난방,split-candidate,boiler-piping-insulation,heating-systems,proposal-not-created,pending-owner-activation,신규 slug Owner 승인 필요,automatic,high,proposal-only-not-applied
20130414_057,2013-04-14,57,energy-management,written,1,,heat-steam-thermodynamics,열·증기·열역학 기초,existing-slug,boiler-operation-basics,boiler-operation-basics,existing,pending-owner-activation,frontmatter 관계 활성화 승인 필요,pdf-reviewed,low,proposal-only-not-applied
20130414_058,2013-04-14,58,energy-management,written,1,,water-treatment-corrosion,수질관리·스케일·부식,existing-slug,boiler-water-treatment,boiler-water-treatment,existing,pending-owner-activation,frontmatter 관계 활성화 승인 필요,automatic,high,proposal-only-not-applied
20130414_059,2013-04-14,59,energy-management,written,1,,boiler-types-construction,보일러 형식·구조·재료,split-candidate,boiler-operation-basics,boiler-types-construction,proposal-not-created,pending-owner-activation,신규 slug Owner 승인 필요,automatic,medium,proposal-only-not-applied
20130414_060,2013-04-14,60,energy-management,written,1,,energy-laws-inspection,에너지 관계법규·검사,existing-slug,energy-laws-and-inspection,energy-laws-and-inspection,existing,pending-owner-activation,frontmatter 관계 활성화 승인 필요,automatic,high,proposal-only-not-applied
20130721_001,2013-07-21,1,energy-management,written,1,,burners-furnaces-atomization,버너·화격자·연소장치,split-candidate,boiler-installation-combustion,burners-furnaces-atomization,proposal-not-created,pending-owner-activation,신규 slug Owner 승인 필요,automatic,high,proposal-only-not-applied
20130721_002,2013-07-21,2,energy-management,written,1,,instruments-accessories,계측·부속장치,existing-slug,boiler-accessory-equipment,boiler-accessory-equipment,existing,pending-owner-activation,frontmatter 관계 활성화 승인 필요,automatic,high,proposal-only-not-applied
20130721_003,2013-07-21,3,energy-management,written,1,,safety-devices,안전장치·연소안전,existing-slug,boiler-protection-devices,boiler-protection-devices,existing,pending-owner-activation,frontmatter 관계 활성화 승인 필요,automatic,high,proposal-only-not-applied
20130721_004,2013-07-21,4,energy-management,written,1,,efficiency-output-heat-balance,효율·증발량·열정산,existing-slug,boiler-efficiency-heat-balance,boiler-efficiency-heat-balance,existing,pending-owner-activation,frontmatter 관계 활성화 승인 필요,automatic,high,proposal-only-not-applied
20130721_005,2013-07-21,5,energy-management,written,1,,efficiency-output-heat-balance,효율·증발량·열정산,existing-slug,boiler-efficiency-heat-balance,boiler-efficiency-heat-balance,existing,pending-owner-activation,frontmatter 관계 활성화 승인 필요,automatic,high,proposal-only-not-applied
20130721_006,2013-07-21,6,energy-management,written,1,,water-treatment-corrosion,수질관리·스케일·부식,existing-slug,boiler-water-treatment,boiler-water-treatment,existing,pending-owner-activation,frontmatter 관계 활성화 승인 필요,automatic,medium,proposal-only-not-applied
20130721_007,2013-07-21,7,energy-management,written,1,,operation-maintenance-preservation,기동·운전·정지·보존,existing-slug,boiler-operation-maintenance,boiler-operation-maintenance,existing,pending-owner-activation,frontmatter 관계 활성화 승인 필요,pdf-reviewed,low,proposal-only-not-applied
20130721_008,2013-07-21,8,energy-management,written,1,,combustion-air-calculation,연소·공기비·배기가스 계산,existing-slug,boiler-installation-combustion,boiler-installation-combustion,existing,pending-owner-activation,frontmatter 관계 활성화 승인 필요,automatic,medium,proposal-only-not-applied
20130721_009,2013-07-21,9,energy-management,written,1,,draft-flue-gas,통풍·연도·굴뚝,split-candidate,boiler-installation-combustion,draft-flue-gas,proposal-not-created,pending-owner-activation,신규 slug Owner 승인 필요,automatic,high,proposal-only-not-applied
20130721_010,2013-07-21,10,energy-management,written,1,,fuel-properties,연료 특성·발열량,split-candidate,boiler-installation-combustion,fuel-properties,proposal-not-created,pending-owner-activation,신규 slug Owner 승인 필요,automatic,high,proposal-only-not-applied
20130721_011,2013-07-21,11,energy-management,written,1,,safety-devices,안전장치·연소안전,existing-slug,boiler-protection-devices,boiler-protection-devices,existing,pending-owner-activation,frontmatter 관계 활성화 승인 필요,automatic,high,proposal-only-not-applied
20130721_012,2013-07-21,12,energy-management,written,1,,auxiliary-feedwater-equipment,급수·부대설비,existing-slug,boiler-auxiliary-equipment,boiler-auxiliary-equipment,existing,pending-owner-activation,frontmatter 관계 활성화 승인 필요,automatic,high,proposal-only-not-applied
20130721_013,2013-07-21,13,energy-management,written,1,,combustion-air-calculation,연소·공기비·배기가스 계산,existing-slug,boiler-installation-combustion,boiler-installation-combustion,existing,pending-owner-activation,frontmatter 관계 활성화 승인 필요,automatic,high,proposal-only-not-applied
20130721_014,2013-07-21,14,energy-management,written,1,,auxiliary-feedwater-equipment,급수·부대설비,existing-slug,boiler-auxiliary-equipment,boiler-auxiliary-equipment,existing,pending-owner-activation,frontmatter 관계 활성화 승인 필요,automatic,high,proposal-only-not-applied
20130721_015,2013-07-21,15,energy-management,written,1,,piping-fittings-valves,배관·이음쇠·밸브,existing-slug,boiler-piping-insulation,boiler-piping-insulation,existing,pending-owner-activation,frontmatter 관계 활성화 승인 필요,automatic,medium,proposal-only-not-applied
20130721_016,2013-07-21,16,energy-management,written,1,,heat-steam-thermodynamics,열·증기·열역학 기초,existing-slug,boiler-operation-basics,boiler-operation-basics,existing,pending-owner-activation,frontmatter 관계 활성화 승인 필요,automatic,high,proposal-only-not-applied
20130721_017,2013-07-21,17,energy-management,written,1,,auxiliary-feedwater-equipment,급수·부대설비,existing-slug,boiler-auxiliary-equipment,boiler-auxiliary-equipment,existing,pending-owner-activation,frontmatter 관계 활성화 승인 필요,automatic,high,proposal-only-not-applied
20130721_018,2013-07-21,18,energy-management,written,1,,boiler-types-construction,보일러 형식·구조·재료,split-candidate,boiler-operation-basics,boiler-types-construction,proposal-not-created,pending-owner-activation,신규 slug Owner 승인 필요,automatic,high,proposal-only-not-applied
20130721_019,2013-07-21,19,energy-management,written,1,,heat-steam-thermodynamics,열·증기·열역학 기초,existing-slug,boiler-operation-basics,boiler-operation-basics,existing,pending-owner-activation,frontmatter 관계 활성화 승인 필요,automatic,high,proposal-only-not-applied
20130721_020,2013-07-21,20,energy-management,written,1,,boiler-types-construction,보일러 형식·구조·재료,split-candidate,boiler-operation-basics,boiler-types-construction,proposal-not-created,pending-owner-activation,신규 slug Owner 승인 필요,automatic,medium,proposal-only-not-applied
20130721_021,2013-07-21,21,energy-management,written,1,,fuel-properties,연료 특성·발열량,split-candidate,boiler-installation-combustion,fuel-properties,proposal-not-created,pending-owner-activation,신규 slug Owner 승인 필요,automatic,high,proposal-only-not-applied
20130721_022,2013-07-21,22,energy-management,written,1,,automatic-control-interlocks,자동제어·인터록,existing-slug,boiler-control-systems,boiler-control-systems,existing,pending-owner-activation,frontmatter 관계 활성화 승인 필요,automatic,high,proposal-only-not-applied
20130721_023,2013-07-21,23,energy-management,written,1,,heat-steam-thermodynamics,열·증기·열역학 기초,existing-slug,boiler-operation-basics,boiler-operation-basics,existing,pending-owner-activation,frontmatter 관계 활성화 승인 필요,automatic,medium,proposal-only-not-applied
20130721_024,2013-07-21,24,energy-management,written,1,,environmental-pollution-control,집진·환경설비,split-candidate,boiler-accessory-equipment,environmental-pollution-control,proposal-not-created,pending-owner-activation,신규 slug Owner 승인 필요,automatic,high,proposal-only-not-applied
20130721_025,2013-07-21,25,energy-management,written,1,,efficiency-output-heat-balance,효율·증발량·열정산,existing-slug,boiler-efficiency-heat-balance,boiler-efficiency-heat-balance,existing,pending-owner-activation,frontmatter 관계 활성화 승인 필요,automatic,medium,proposal-only-not-applied
20130721_026,2013-07-21,26,energy-management,written,1,,failures-accidents-safety,고장·사고·작업안전,existing-slug,boiler-work-safety,boiler-work-safety,existing,pending-owner-activation,frontmatter 관계 활성화 승인 필요,automatic,medium,proposal-only-not-applied
20130721_027,2013-07-21,27,energy-management,written,1,,efficiency-output-heat-balance,효율·증발량·열정산,existing-slug,boiler-efficiency-heat-balance,boiler-efficiency-heat-balance,existing,pending-owner-activation,frontmatter 관계 활성화 승인 필요,automatic,high,proposal-only-not-applied
20130721_028,2013-07-21,28,energy-management,written,1,,auxiliary-feedwater-equipment,급수·부대설비,existing-slug,boiler-auxiliary-equipment,boiler-auxiliary-equipment,existing,pending-owner-activation,frontmatter 관계 활성화 승인 필요,automatic,high,proposal-only-not-applied
20130721_029,2013-07-21,29,energy-management,written,1,,boiler-types-construction,보일러 형식·구조·재료,split-candidate,boiler-operation-basics,boiler-types-construction,proposal-not-created,pending-owner-activation,신규 slug Owner 승인 필요,automatic,high,proposal-only-not-applied
20130721_030,2013-07-21,30,energy-management,written,1,,safety-devices,안전장치·연소안전,existing-slug,boiler-protection-devices,boiler-protection-devices,existing,pending-owner-activation,frontmatter 관계 활성화 승인 필요,automatic,high,proposal-only-not-applied
20130721_031,2013-07-21,31,energy-management,written,1,,piping-fittings-valves,배관·이음쇠·밸브,existing-slug,boiler-piping-insulation,boiler-piping-insulation,existing,pending-owner-activation,frontmatter 관계 활성화 승인 필요,automatic,high,proposal-only-not-applied
20130721_032,2013-07-21,32,energy-management,written,1,,insulation-materials,보온·단열재,split-candidate,boiler-piping-insulation,insulation-materials,proposal-not-created,pending-owner-activation,신규 slug Owner 승인 필요,automatic,high,proposal-only-not-applied
20130721_033,2013-07-21,33,energy-management,written,1,,piping-fittings-valves,배관·이음쇠·밸브,existing-slug,boiler-piping-insulation,boiler-piping-insulation,existing,pending-owner-activation,frontmatter 관계 활성화 승인 필요,automatic,high,proposal-only-not-applied
20130721_034,2013-07-21,34,energy-management,written,1,,water-treatment-corrosion,수질관리·스케일·부식,existing-slug,boiler-water-treatment,boiler-water-treatment,existing,pending-owner-activation,frontmatter 관계 활성화 승인 필요,automatic,medium,proposal-only-not-applied
20130721_035,2013-07-21,35,energy-management,written,1,,water-treatment-corrosion,수질관리·스케일·부식,existing-slug,boiler-water-treatment,boiler-water-treatment,existing,pending-owner-activation,frontmatter 관계 활성화 승인 필요,automatic,high,proposal-only-not-applied
20130721_036,2013-07-21,36,energy-management,written,1,,draft-flue-gas,통풍·연도·굴뚝,split-candidate,boiler-installation-combustion,draft-flue-gas,proposal-not-created,pending-owner-activation,신규 slug Owner 승인 필요,automatic,high,proposal-only-not-applied
20130721_037,2013-07-21,37,energy-management,written,1,,draft-flue-gas,통풍·연도·굴뚝,split-candidate,boiler-installation-combustion,draft-flue-gas,proposal-not-created,pending-owner-activation,신규 slug Owner 승인 필요,automatic,high,proposal-only-not-applied
20130721_038,2013-07-21,38,energy-management,written,1,,boiler-types-construction,보일러 형식·구조·재료,split-candidate,boiler-operation-basics,boiler-types-construction,proposal-not-created,pending-owner-activation,신규 slug Owner 승인 필요,automatic,high,proposal-only-not-applied
20130721_039,2013-07-21,39,energy-management,written,1,,boiler-types-construction,보일러 형식·구조·재료,split-candidate,boiler-operation-basics,boiler-types-construction,proposal-not-created,pending-owner-activation,신규 slug Owner 승인 필요,automatic,high,proposal-only-not-applied
20130721_040,2013-07-21,40,energy-management,written,1,,heating-systems,증기·온수·복사난방,split-candidate,boiler-piping-insulation,heating-systems,proposal-not-created,pending-owner-activation,신규 slug Owner 승인 필요,automatic,high,proposal-only-not-applied
20130721_041,2013-07-21,41,energy-management,written,1,,heating-systems,증기·온수·복사난방,split-candidate,boiler-piping-insulation,heating-systems,proposal-not-created,pending-owner-activation,신규 slug Owner 승인 필요,automatic,medium,proposal-only-not-applied
20130721_042,2013-07-21,42,energy-management,written,1,,boiler-types-construction,보일러 형식·구조·재료,split-candidate,boiler-operation-basics,boiler-types-construction,proposal-not-created,pending-owner-activation,신규 slug Owner 승인 필요,automatic,medium,proposal-only-not-applied
20130721_043,2013-07-21,43,energy-management,written,1,,insulation-materials,보온·단열재,split-candidate,boiler-piping-insulation,insulation-materials,proposal-not-created,pending-owner-activation,신규 slug Owner 승인 필요,automatic,high,proposal-only-not-applied
20130721_044,2013-07-21,44,energy-management,written,1,jpg 확필,piping-fittings-valves,배관·이음쇠·밸브,existing-slug,boiler-piping-insulation,boiler-piping-insulation,existing,exclude,그림 문항 공개 검토 유지,pdf-reviewed,high,proposal-only-not-applied
20130721_045,2013-07-21,45,energy-management,written,1,,heating-load-radiators,난방부하·방열기 계산,split-candidate,boiler-installation-combustion,heating-load-radiators,proposal-not-created,pending-owner-activation,신규 slug Owner 승인 필요,automatic,high,proposal-only-not-applied
20130721_046,2013-07-21,46,energy-management,written,1,,piping-fittings-valves,배관·이음쇠·밸브,existing-slug,boiler-piping-insulation,boiler-piping-insulation,existing,pending-owner-activation,frontmatter 관계 활성화 승인 필요,automatic,high,proposal-only-not-applied
20130721_047,2013-07-21,47,energy-management,written,1,,instruments-accessories,계측·부속장치,existing-slug,boiler-accessory-equipment,boiler-accessory-equipment,existing,pending-owner-activation,frontmatter 관계 활성화 승인 필요,automatic,high,proposal-only-not-applied
20130721_048,2013-07-21,48,energy-management,written,1,,heating-load-radiators,난방부하·방열기 계산,split-candidate,boiler-installation-combustion,heating-load-radiators,proposal-not-created,pending-owner-activation,신규 slug Owner 승인 필요,automatic,high,proposal-only-not-applied
20130721_049,2013-07-21,49,energy-management,written,1,,operation-maintenance-preservation,기동·운전·정지·보존,existing-slug,boiler-operation-maintenance,boiler-operation-maintenance,existing,pending-owner-activation,frontmatter 관계 활성화 승인 필요,automatic,high,proposal-only-not-applied
20130721_050,2013-07-21,50,energy-management,written,1,,failures-accidents-safety,고장·사고·작업안전,existing-slug,boiler-work-safety,boiler-work-safety,existing,pending-owner-activation,frontmatter 관계 활성화 승인 필요,automatic,high,proposal-only-not-applied
20130721_051,2013-07-21,51,energy-management,written,1,,energy-laws-inspection,에너지 관계법규·검사,existing-slug,energy-laws-and-inspection,energy-laws-and-inspection,existing,pending-owner-activation,frontmatter 관계 활성화 승인 필요,automatic,high,proposal-only-not-applied
20130721_052,2013-07-21,52,energy-management,written,1,,energy-laws-inspection,에너지 관계법규·검사,existing-slug,energy-laws-and-inspection,energy-laws-and-inspection,existing,pending-owner-activation,frontmatter 관계 활성화 승인 필요,automatic,high,proposal-only-not-applied
20130721_053,2013-07-21,53,energy-management,written,1,,energy-laws-inspection,에너지 관계법규·검사,existing-slug,energy-laws-and-inspection,energy-laws-and-inspection,existing,pending-owner-activation,frontmatter 관계 활성화 승인 필요,automatic,high,proposal-only-not-applied
20130721_054,2013-07-21,54,energy-management,written,1,,boiler-types-construction,보일러 형식·구조·재료,split-candidate,boiler-operation-basics,boiler-types-construction,proposal-not-created,pending-owner-activation,신규 slug Owner 승인 필요,automatic,high,proposal-only-not-applied
20130721_055,2013-07-21,55,energy-management,written,1,,energy-laws-inspection,에너지 관계법규·검사,existing-slug,energy-laws-and-inspection,energy-laws-and-inspection,existing,pending-owner-activation,frontmatter 관계 활성화 승인 필요,automatic,high,proposal-only-not-applied
20130721_056,2013-07-21,56,energy-management,written,1,,heating-systems,증기·온수·복사난방,split-candidate,boiler-piping-insulation,heating-systems,proposal-not-created,pending-owner-activation,신규 slug Owner 승인 필요,automatic,high,proposal-only-not-applied
20130721_057,2013-07-21,57,energy-management,written,1,jpg 확필,efficiency-output-heat-balance,효율·증발량·열정산,existing-slug,boiler-efficiency-heat-balance,boiler-efficiency-heat-balance,existing,exclude,그림 문항 공개 검토 유지,pdf-reviewed,medium,proposal-only-not-applied
20130721_058,2013-07-21,58,energy-management,written,1,,operation-maintenance-preservation,기동·운전·정지·보존,existing-slug,boiler-operation-maintenance,boiler-operation-maintenance,existing,pending-owner-activation,frontmatter 관계 활성화 승인 필요,automatic,medium,proposal-only-not-applied
20130721_059,2013-07-21,59,energy-management,written,1,,operation-maintenance-preservation,기동·운전·정지·보존,existing-slug,boiler-operation-maintenance,boiler-operation-maintenance,existing,pending-owner-activation,frontmatter 관계 활성화 승인 필요,automatic,medium,proposal-only-not-applied
20130721_060,2013-07-21,60,energy-management,written,1,,energy-laws-inspection,에너지 관계법규·검사,existing-slug,energy-laws-and-inspection,energy-laws-and-inspection,existing,pending-owner-activation,frontmatter 관계 활성화 승인 필요,automatic,high,proposal-only-not-applied
20131012_001,2013-10-12,1,energy-management,written,1,,efficiency-output-heat-balance,효율·증발량·열정산,existing-slug,boiler-efficiency-heat-balance,boiler-efficiency-heat-balance,existing,pending-owner-activation,frontmatter 관계 활성화 승인 필요,automatic,high,proposal-only-not-applied
20131012_002,2013-10-12,2,energy-management,written,1,,auxiliary-feedwater-equipment,급수·부대설비,existing-slug,boiler-auxiliary-equipment,boiler-auxiliary-equipment,existing,pending-owner-activation,frontmatter 관계 활성화 승인 필요,automatic,high,proposal-only-not-applied
20131012_003,2013-10-12,3,energy-management,written,1,,fuel-properties,연료 특성·발열량,split-candidate,boiler-installation-combustion,fuel-properties,proposal-not-created,pending-owner-activation,신규 slug Owner 승인 필요,automatic,high,proposal-only-not-applied
20131012_004,2013-10-12,4,energy-management,written,1,,environmental-pollution-control,집진·환경설비,split-candidate,boiler-accessory-equipment,environmental-pollution-control,proposal-not-created,pending-owner-activation,신규 slug Owner 승인 필요,automatic,high,proposal-only-not-applied
20131012_005,2013-10-12,5,energy-management,written,1,,burners-furnaces-atomization,버너·화격자·연소장치,split-candidate,boiler-installation-combustion,burners-furnaces-atomization,proposal-not-created,pending-owner-activation,신규 slug Owner 승인 필요,automatic,high,proposal-only-not-applied
20131012_006,2013-10-12,6,energy-management,written,1,,fuel-properties,연료 특성·발열량,split-candidate,boiler-installation-combustion,fuel-properties,proposal-not-created,pending-owner-activation,신규 slug Owner 승인 필요,automatic,high,proposal-only-not-applied
20131012_007,2013-10-12,7,energy-management,written,1,,boiler-types-construction,보일러 형식·구조·재료,split-candidate,boiler-operation-basics,boiler-types-construction,proposal-not-created,pending-owner-activation,신규 slug Owner 승인 필요,automatic,high,proposal-only-not-applied
20131012_008,2013-10-12,8,energy-management,written,1,,heat-steam-thermodynamics,열·증기·열역학 기초,existing-slug,boiler-operation-basics,boiler-operation-basics,existing,pending-owner-activation,frontmatter 관계 활성화 승인 필요,automatic,high,proposal-only-not-applied
20131012_009,2013-10-12,9,energy-management,written,1,,safety-devices,안전장치·연소안전,existing-slug,boiler-protection-devices,boiler-protection-devices,existing,pending-owner-activation,frontmatter 관계 활성화 승인 필요,automatic,high,proposal-only-not-applied
20131012_010,2013-10-12,10,energy-management,written,1,,fuel-properties,연료 특성·발열량,split-candidate,boiler-installation-combustion,fuel-properties,proposal-not-created,pending-owner-activation,신규 slug Owner 승인 필요,automatic,high,proposal-only-not-applied
20131012_011,2013-10-12,11,energy-management,written,1,,combustion-air-calculation,연소·공기비·배기가스 계산,existing-slug,boiler-installation-combustion,boiler-installation-combustion,existing,pending-owner-activation,frontmatter 관계 활성화 승인 필요,automatic,high,proposal-only-not-applied
20131012_012,2013-10-12,12,energy-management,written,1,,boiler-types-construction,보일러 형식·구조·재료,split-candidate,boiler-operation-basics,boiler-types-construction,proposal-not-created,pending-owner-activation,신규 slug Owner 승인 필요,automatic,medium,proposal-only-not-applied
20131012_013,2013-10-12,13,energy-management,written,1,,burners-furnaces-atomization,버너·화격자·연소장치,split-candidate,boiler-installation-combustion,burners-furnaces-atomization,proposal-not-created,pending-owner-activation,신규 slug Owner 승인 필요,automatic,high,proposal-only-not-applied
20131012_014,2013-10-12,14,energy-management,written,1,,auxiliary-feedwater-equipment,급수·부대설비,existing-slug,boiler-auxiliary-equipment,boiler-auxiliary-equipment,existing,pending-owner-activation,frontmatter 관계 활성화 승인 필요,automatic,medium,proposal-only-not-applied
20131012_015,2013-10-12,15,energy-management,written,1,,boiler-types-construction,보일러 형식·구조·재료,split-candidate,boiler-operation-basics,boiler-types-construction,proposal-not-created,pending-owner-activation,신규 slug Owner 승인 필요,automatic,high,proposal-only-not-applied
20131012_016,2013-10-12,16,energy-management,written,1,,heat-steam-thermodynamics,열·증기·열역학 기초,existing-slug,boiler-operation-basics,boiler-operation-basics,existing,pending-owner-activation,frontmatter 관계 활성화 승인 필요,automatic,high,proposal-only-not-applied
20131012_017,2013-10-12,17,energy-management,written,1,,safety-devices,안전장치·연소안전,existing-slug,boiler-protection-devices,boiler-protection-devices,existing,pending-owner-activation,frontmatter 관계 활성화 승인 필요,automatic,medium,proposal-only-not-applied
20131012_018,2013-10-12,18,energy-management,written,1,,safety-devices,안전장치·연소안전,existing-slug,boiler-protection-devices,boiler-protection-devices,existing,pending-owner-activation,frontmatter 관계 활성화 승인 필요,automatic,high,proposal-only-not-applied
20131012_019,2013-10-12,19,energy-management,written,1,,instruments-accessories,계측·부속장치,existing-slug,boiler-accessory-equipment,boiler-accessory-equipment,existing,pending-owner-activation,frontmatter 관계 활성화 승인 필요,automatic,high,proposal-only-not-applied
20131012_020,2013-10-12,20,energy-management,written,1,,safety-devices,안전장치·연소안전,existing-slug,boiler-protection-devices,boiler-protection-devices,existing,pending-owner-activation,frontmatter 관계 활성화 승인 필요,automatic,high,proposal-only-not-applied
20131012_021,2013-10-12,21,energy-management,written,1,,instruments-accessories,계측·부속장치,existing-slug,boiler-accessory-equipment,boiler-accessory-equipment,existing,pending-owner-activation,frontmatter 관계 활성화 승인 필요,automatic,medium,proposal-only-not-applied
20131012_022,2013-10-12,22,energy-management,written,1,,instruments-accessories,계측·부속장치,existing-slug,boiler-accessory-equipment,boiler-accessory-equipment,existing,pending-owner-activation,frontmatter 관계 활성화 승인 필요,automatic,high,proposal-only-not-applied
20131012_023,2013-10-12,23,energy-management,written,1,,draft-flue-gas,통풍·연도·굴뚝,split-candidate,boiler-installation-combustion,draft-flue-gas,proposal-not-created,pending-owner-activation,신규 slug Owner 승인 필요,automatic,high,proposal-only-not-applied
20131012_024,2013-10-12,24,energy-management,written,1,,fuel-properties,연료 특성·발열량,split-candidate,boiler-installation-combustion,fuel-properties,proposal-not-created,pending-owner-activation,신규 slug Owner 승인 필요,automatic,high,proposal-only-not-applied
20131012_025,2013-10-12,25,energy-management,written,1,,efficiency-output-heat-balance,효율·증발량·열정산,existing-slug,boiler-efficiency-heat-balance,boiler-efficiency-heat-balance,existing,pending-owner-activation,frontmatter 관계 활성화 승인 필요,automatic,high,proposal-only-not-applied
20131012_026,2013-10-12,26,energy-management,written,1,,efficiency-output-heat-balance,효율·증발량·열정산,existing-slug,boiler-efficiency-heat-balance,boiler-efficiency-heat-balance,existing,pending-owner-activation,frontmatter 관계 활성화 승인 필요,automatic,high,proposal-only-not-applied
20131012_027,2013-10-12,27,energy-management,written,1,,efficiency-output-heat-balance,효율·증발량·열정산,existing-slug,boiler-efficiency-heat-balance,boiler-efficiency-heat-balance,existing,pending-owner-activation,frontmatter 관계 활성화 승인 필요,automatic,high,proposal-only-not-applied
20131012_028,2013-10-12,28,energy-management,written,1,,automatic-control-interlocks,자동제어·인터록,existing-slug,boiler-control-systems,boiler-control-systems,existing,pending-owner-activation,frontmatter 관계 활성화 승인 필요,automatic,high,proposal-only-not-applied
20131012_029,2013-10-12,29,energy-management,written,1,,failures-accidents-safety,고장·사고·작업안전,existing-slug,boiler-work-safety,boiler-work-safety,existing,pending-owner-activation,frontmatter 관계 활성화 승인 필요,automatic,high,proposal-only-not-applied
20131012_030,2013-10-12,30,energy-management,written,1,,water-treatment-corrosion,수질관리·스케일·부식,existing-slug,boiler-water-treatment,boiler-water-treatment,existing,pending-owner-activation,frontmatter 관계 활성화 승인 필요,pdf-reviewed,low,proposal-only-not-applied
20131012_031,2013-10-12,31,energy-management,written,1,,piping-fittings-valves,배관·이음쇠·밸브,existing-slug,boiler-piping-insulation,boiler-piping-insulation,existing,pending-owner-activation,frontmatter 관계 활성화 승인 필요,automatic,high,proposal-only-not-applied
20131012_032,2013-10-12,32,energy-management,written,1,,insulation-materials,보온·단열재,split-candidate,boiler-piping-insulation,insulation-materials,proposal-not-created,pending-owner-activation,신규 slug Owner 승인 필요,automatic,high,proposal-only-not-applied
20131012_033,2013-10-12,33,energy-management,written,1,,failures-accidents-safety,고장·사고·작업안전,existing-slug,boiler-work-safety,boiler-work-safety,existing,pending-owner-activation,frontmatter 관계 활성화 승인 필요,automatic,high,proposal-only-not-applied
20131012_034,2013-10-12,34,energy-management,written,1,,burners-furnaces-atomization,버너·화격자·연소장치,split-candidate,boiler-installation-combustion,burners-furnaces-atomization,proposal-not-created,pending-owner-activation,신규 slug Owner 승인 필요,automatic,high,proposal-only-not-applied
20131012_035,2013-10-12,35,energy-management,written,1,,piping-fittings-valves,배관·이음쇠·밸브,existing-slug,boiler-piping-insulation,boiler-piping-insulation,existing,pending-owner-activation,frontmatter 관계 활성화 승인 필요,automatic,high,proposal-only-not-applied
20131012_036,2013-10-12,36,energy-management,written,1,,heating-systems,증기·온수·복사난방,split-candidate,boiler-piping-insulation,heating-systems,proposal-not-created,pending-owner-activation,신규 slug Owner 승인 필요,automatic,high,proposal-only-not-applied
20131012_037,2013-10-12,37,energy-management,written,1,,piping-fittings-valves,배관·이음쇠·밸브,existing-slug,boiler-piping-insulation,boiler-piping-insulation,existing,pending-owner-activation,frontmatter 관계 활성화 승인 필요,automatic,high,proposal-only-not-applied
20131012_038,2013-10-12,38,energy-management,written,1,,heating-systems,증기·온수·복사난방,split-candidate,boiler-piping-insulation,heating-systems,proposal-not-created,pending-owner-activation,신규 slug Owner 승인 필요,automatic,high,proposal-only-not-applied
20131012_039,2013-10-12,39,energy-management,written,1,,boiler-types-construction,보일러 형식·구조·재료,split-candidate,boiler-operation-basics,boiler-types-construction,proposal-not-created,pending-owner-activation,신규 slug Owner 승인 필요,automatic,medium,proposal-only-not-applied
20131012_040,2013-10-12,40,energy-management,written,1,,combustion-air-calculation,연소·공기비·배기가스 계산,existing-slug,boiler-installation-combustion,boiler-installation-combustion,existing,pending-owner-activation,frontmatter 관계 활성화 승인 필요,automatic,high,proposal-only-not-applied
20131012_041,2013-10-12,41,energy-management,written,1,,heating-load-radiators,난방부하·방열기 계산,split-candidate,boiler-installation-combustion,heating-load-radiators,proposal-not-created,pending-owner-activation,신규 slug Owner 승인 필요,automatic,high,proposal-only-not-applied
20131012_042,2013-10-12,42,energy-management,written,1,,operation-maintenance-preservation,기동·운전·정지·보존,existing-slug,boiler-operation-maintenance,boiler-operation-maintenance,existing,pending-owner-activation,frontmatter 관계 활성화 승인 필요,automatic,high,proposal-only-not-applied
20131012_043,2013-10-12,43,energy-management,written,1,,operation-maintenance-preservation,기동·운전·정지·보존,existing-slug,boiler-operation-maintenance,boiler-operation-maintenance,existing,pending-owner-activation,frontmatter 관계 활성화 승인 필요,pdf-reviewed,low,proposal-only-not-applied
20131012_044,2013-10-12,44,energy-management,written,1,,heating-systems,증기·온수·복사난방,split-candidate,boiler-piping-insulation,heating-systems,proposal-not-created,pending-owner-activation,신규 slug Owner 승인 필요,automatic,high,proposal-only-not-applied
20131012_045,2013-10-12,45,energy-management,written,1,,operation-maintenance-preservation,기동·운전·정지·보존,existing-slug,boiler-operation-maintenance,boiler-operation-maintenance,existing,pending-owner-activation,frontmatter 관계 활성화 승인 필요,automatic,high,proposal-only-not-applied
20131012_046,2013-10-12,46,energy-management,written,1,,piping-fittings-valves,배관·이음쇠·밸브,existing-slug,boiler-piping-insulation,boiler-piping-insulation,existing,pending-owner-activation,frontmatter 관계 활성화 승인 필요,automatic,high,proposal-only-not-applied
20131012_047,2013-10-12,47,energy-management,written,1,,heating-systems,증기·온수·복사난방,split-candidate,boiler-piping-insulation,heating-systems,proposal-not-created,pending-owner-activation,신규 slug Owner 승인 필요,automatic,high,proposal-only-not-applied
20131012_048,2013-10-12,48,energy-management,written,1,,heating-systems,증기·온수·복사난방,split-candidate,boiler-piping-insulation,heating-systems,proposal-not-created,pending-owner-activation,신규 slug Owner 승인 필요,automatic,high,proposal-only-not-applied
20131012_049,2013-10-12,49,energy-management,written,1,,efficiency-output-heat-balance,효율·증발량·열정산,existing-slug,boiler-efficiency-heat-balance,boiler-efficiency-heat-balance,existing,pending-owner-activation,frontmatter 관계 활성화 승인 필요,automatic,high,proposal-only-not-applied
20131012_050,2013-10-12,50,energy-management,written,1,,failures-accidents-safety,고장·사고·작업안전,existing-slug,boiler-work-safety,boiler-work-safety,existing,pending-owner-activation,frontmatter 관계 활성화 승인 필요,automatic,medium,proposal-only-not-applied
20131012_051,2013-10-12,51,energy-management,written,1,,operation-maintenance-preservation,기동·운전·정지·보존,existing-slug,boiler-operation-maintenance,boiler-operation-maintenance,existing,pending-owner-activation,frontmatter 관계 활성화 승인 필요,automatic,high,proposal-only-not-applied
20131012_052,2013-10-12,52,energy-management,written,1,,water-treatment-corrosion,수질관리·스케일·부식,existing-slug,boiler-water-treatment,boiler-water-treatment,existing,pending-owner-activation,frontmatter 관계 활성화 승인 필요,automatic,high,proposal-only-not-applied
20131012_053,2013-10-12,53,energy-management,written,1,,boiler-types-construction,보일러 형식·구조·재료,split-candidate,boiler-operation-basics,boiler-types-construction,proposal-not-created,pending-owner-activation,신규 slug Owner 승인 필요,automatic,high,proposal-only-not-applied
20131012_054,2013-10-12,54,energy-management,written,1,,steam-traps-condensate,증기트랩·응축수 환수,split-candidate,boiler-piping-insulation,steam-traps-condensate,proposal-not-created,pending-owner-activation,신규 slug Owner 승인 필요,automatic,high,proposal-only-not-applied
20131012_055,2013-10-12,55,energy-management,written,1,,energy-laws-inspection,에너지 관계법규·검사,existing-slug,energy-laws-and-inspection,energy-laws-and-inspection,existing,pending-owner-activation,frontmatter 관계 활성화 승인 필요,automatic,high,proposal-only-not-applied
20131012_056,2013-10-12,56,energy-management,written,1,,energy-laws-inspection,에너지 관계법규·검사,existing-slug,energy-laws-and-inspection,energy-laws-and-inspection,existing,pending-owner-activation,frontmatter 관계 활성화 승인 필요,automatic,high,proposal-only-not-applied
20131012_057,2013-10-12,57,energy-management,written,1,,energy-laws-inspection,에너지 관계법규·검사,existing-slug,energy-laws-and-inspection,energy-laws-and-inspection,existing,pending-owner-activation,frontmatter 관계 활성화 승인 필요,automatic,high,proposal-only-not-applied
20131012_058,2013-10-12,58,energy-management,written,1,,energy-laws-inspection,에너지 관계법규·검사,existing-slug,energy-laws-and-inspection,energy-laws-and-inspection,existing,pending-owner-activation,frontmatter 관계 활성화 승인 필요,automatic,high,proposal-only-not-applied
20131012_059,2013-10-12,59,energy-management,written,1,,energy-laws-inspection,에너지 관계법규·검사,existing-slug,energy-laws-and-inspection,energy-laws-and-inspection,existing,pending-owner-activation,frontmatter 관계 활성화 승인 필요,automatic,high,proposal-only-not-applied
20131012_060,2013-10-12,60,energy-management,written,1,,energy-laws-inspection,에너지 관계법규·검사,existing-slug,energy-laws-and-inspection,energy-laws-and-inspection,existing,pending-owner-activation,frontmatter 관계 활성화 승인 필요,automatic,high,proposal-only-not-applied
20140126_001,2014-01-26,1,energy-management,written,1,,insulation-materials,보온·단열재,split-candidate,boiler-piping-insulation,insulation-materials,proposal-not-created,pending-owner-activation,신규 slug Owner 승인 필요,automatic,medium,proposal-only-not-applied
20140126_002,2014-01-26,2,energy-management,written,1,,boiler-types-construction,보일러 형식·구조·재료,split-candidate,boiler-operation-basics,boiler-types-construction,proposal-not-created,pending-owner-activation,신규 slug Owner 승인 필요,automatic,high,proposal-only-not-applied
20140126_003,2014-01-26,3,energy-management,written,1,,instruments-accessories,계측·부속장치,existing-slug,boiler-accessory-equipment,boiler-accessory-equipment,existing,pending-owner-activation,frontmatter 관계 활성화 승인 필요,automatic,high,proposal-only-not-applied
20140126_004,2014-01-26,4,energy-management,written,1,,operation-maintenance-preservation,기동·운전·정지·보존,existing-slug,boiler-operation-maintenance,boiler-operation-maintenance,existing,pending-owner-activation,frontmatter 관계 활성화 승인 필요,automatic,high,proposal-only-not-applied
20140126_005,2014-01-26,5,energy-management,written,1,,water-treatment-corrosion,수질관리·스케일·부식,existing-slug,boiler-water-treatment,boiler-water-treatment,existing,pending-owner-activation,frontmatter 관계 활성화 승인 필요,automatic,high,proposal-only-not-applied
20140126_006,2014-01-26,6,energy-management,written,1,,boiler-types-construction,보일러 형식·구조·재료,split-candidate,boiler-operation-basics,boiler-types-construction,proposal-not-created,pending-owner-activation,신규 slug Owner 승인 필요,automatic,high,proposal-only-not-applied
20140126_007,2014-01-26,7,energy-management,written,1,,automatic-control-interlocks,자동제어·인터록,existing-slug,boiler-control-systems,boiler-control-systems,existing,pending-owner-activation,frontmatter 관계 활성화 승인 필요,automatic,high,proposal-only-not-applied
20140126_008,2014-01-26,8,energy-management,written,1,,boiler-types-construction,보일러 형식·구조·재료,split-candidate,boiler-operation-basics,boiler-types-construction,proposal-not-created,pending-owner-activation,신규 slug Owner 승인 필요,automatic,medium,proposal-only-not-applied
20140126_009,2014-01-26,9,energy-management,written,1,,draft-flue-gas,통풍·연도·굴뚝,split-candidate,boiler-installation-combustion,draft-flue-gas,proposal-not-created,pending-owner-activation,신규 slug Owner 승인 필요,automatic,high,proposal-only-not-applied
20140126_010,2014-01-26,10,energy-management,written,1,,failures-accidents-safety,고장·사고·작업안전,existing-slug,boiler-work-safety,boiler-work-safety,existing,pending-owner-activation,frontmatter 관계 활성화 승인 필요,automatic,high,proposal-only-not-applied
20140126_011,2014-01-26,11,energy-management,written,1,,boiler-types-construction,보일러 형식·구조·재료,split-candidate,boiler-operation-basics,boiler-types-construction,proposal-not-created,pending-owner-activation,신규 slug Owner 승인 필요,automatic,medium,proposal-only-not-applied
20140126_012,2014-01-26,12,energy-management,written,1,,efficiency-output-heat-balance,효율·증발량·열정산,existing-slug,boiler-efficiency-heat-balance,boiler-efficiency-heat-balance,existing,pending-owner-activation,frontmatter 관계 활성화 승인 필요,automatic,high,proposal-only-not-applied
20140126_013,2014-01-26,13,energy-management,written,1,,burners-furnaces-atomization,버너·화격자·연소장치,split-candidate,boiler-installation-combustion,burners-furnaces-atomization,proposal-not-created,pending-owner-activation,신규 slug Owner 승인 필요,automatic,high,proposal-only-not-applied
20140126_014,2014-01-26,14,energy-management,written,1,,fuel-properties,연료 특성·발열량,split-candidate,boiler-installation-combustion,fuel-properties,proposal-not-created,pending-owner-activation,신규 slug Owner 승인 필요,automatic,high,proposal-only-not-applied
20140126_015,2014-01-26,15,energy-management,written,1,,boiler-types-construction,보일러 형식·구조·재료,split-candidate,boiler-operation-basics,boiler-types-construction,proposal-not-created,pending-owner-activation,신규 slug Owner 승인 필요,automatic,high,proposal-only-not-applied
20140126_016,2014-01-26,16,energy-management,written,1,,instruments-accessories,계측·부속장치,existing-slug,boiler-accessory-equipment,boiler-accessory-equipment,existing,pending-owner-activation,frontmatter 관계 활성화 승인 필요,automatic,high,proposal-only-not-applied
20140126_017,2014-01-26,17,energy-management,written,1,,auxiliary-feedwater-equipment,급수·부대설비,existing-slug,boiler-auxiliary-equipment,boiler-auxiliary-equipment,existing,pending-owner-activation,frontmatter 관계 활성화 승인 필요,pdf-reviewed,low,proposal-only-not-applied
20140126_018,2014-01-26,18,energy-management,written,1,,heating-load-radiators,난방부하·방열기 계산,split-candidate,boiler-installation-combustion,heating-load-radiators,proposal-not-created,pending-owner-activation,신규 slug Owner 승인 필요,automatic,high,proposal-only-not-applied
20140126_019,2014-01-26,19,energy-management,written,1,,boiler-types-construction,보일러 형식·구조·재료,split-candidate,boiler-operation-basics,boiler-types-construction,proposal-not-created,pending-owner-activation,신규 slug Owner 승인 필요,automatic,high,proposal-only-not-applied
20140126_020,2014-01-26,20,energy-management,written,1,,piping-fittings-valves,배관·이음쇠·밸브,existing-slug,boiler-piping-insulation,boiler-piping-insulation,existing,pending-owner-activation,frontmatter 관계 활성화 승인 필요,automatic,high,proposal-only-not-applied
20140126_021,2014-01-26,21,energy-management,written,1,,safety-devices,안전장치·연소안전,existing-slug,boiler-protection-devices,boiler-protection-devices,existing,pending-owner-activation,frontmatter 관계 활성화 승인 필요,automatic,high,proposal-only-not-applied
20140126_022,2014-01-26,22,energy-management,written,1,,heat-steam-thermodynamics,열·증기·열역학 기초,existing-slug,boiler-operation-basics,boiler-operation-basics,existing,pending-owner-activation,frontmatter 관계 활성화 승인 필요,automatic,high,proposal-only-not-applied
20140126_023,2014-01-26,23,energy-management,written,1,,efficiency-output-heat-balance,효율·증발량·열정산,existing-slug,boiler-efficiency-heat-balance,boiler-efficiency-heat-balance,existing,pending-owner-activation,frontmatter 관계 활성화 승인 필요,pdf-reviewed,low,proposal-only-not-applied
20140126_024,2014-01-26,24,energy-management,written,1,,auxiliary-feedwater-equipment,급수·부대설비,existing-slug,boiler-auxiliary-equipment,boiler-auxiliary-equipment,existing,pending-owner-activation,frontmatter 관계 활성화 승인 필요,automatic,high,proposal-only-not-applied
20140126_025,2014-01-26,25,energy-management,written,1,,fuel-properties,연료 특성·발열량,split-candidate,boiler-installation-combustion,fuel-properties,proposal-not-created,pending-owner-activation,신규 slug Owner 승인 필요,automatic,high,proposal-only-not-applied
20140126_026,2014-01-26,26,energy-management,written,1,,fuel-properties,연료 특성·발열량,split-candidate,boiler-installation-combustion,fuel-properties,proposal-not-created,pending-owner-activation,신규 slug Owner 승인 필요,automatic,high,proposal-only-not-applied
20140126_027,2014-01-26,27,energy-management,written,1,,efficiency-output-heat-balance,효율·증발량·열정산,existing-slug,boiler-efficiency-heat-balance,boiler-efficiency-heat-balance,existing,pending-owner-activation,frontmatter 관계 활성화 승인 필요,automatic,high,proposal-only-not-applied
20140126_028,2014-01-26,28,energy-management,written,1,,efficiency-output-heat-balance,효율·증발량·열정산,existing-slug,boiler-efficiency-heat-balance,boiler-efficiency-heat-balance,existing,pending-owner-activation,frontmatter 관계 활성화 승인 필요,automatic,high,proposal-only-not-applied
20140126_029,2014-01-26,29,energy-management,written,1,,heat-steam-thermodynamics,열·증기·열역학 기초,existing-slug,boiler-operation-basics,boiler-operation-basics,existing,pending-owner-activation,frontmatter 관계 활성화 승인 필요,automatic,high,proposal-only-not-applied
20140126_030,2014-01-26,30,energy-management,written,1,,efficiency-output-heat-balance,효율·증발량·열정산,existing-slug,boiler-efficiency-heat-balance,boiler-efficiency-heat-balance,existing,pending-owner-activation,frontmatter 관계 활성화 승인 필요,automatic,high,proposal-only-not-applied
20140126_031,2014-01-26,31,energy-management,written,1,,heat-steam-thermodynamics,열·증기·열역학 기초,existing-slug,boiler-operation-basics,boiler-operation-basics,existing,pending-owner-activation,frontmatter 관계 활성화 승인 필요,automatic,high,proposal-only-not-applied
20140126_032,2014-01-26,32,energy-management,written,1,,instruments-accessories,계측·부속장치,existing-slug,boiler-accessory-equipment,boiler-accessory-equipment,existing,pending-owner-activation,frontmatter 관계 활성화 승인 필요,automatic,high,proposal-only-not-applied
20140126_033,2014-01-26,33,energy-management,written,1,,instruments-accessories,계측·부속장치,existing-slug,boiler-accessory-equipment,boiler-accessory-equipment,existing,pending-owner-activation,frontmatter 관계 활성화 승인 필요,automatic,high,proposal-only-not-applied
20140126_034,2014-01-26,34,energy-management,written,1,,burners-furnaces-atomization,버너·화격자·연소장치,split-candidate,boiler-installation-combustion,burners-furnaces-atomization,proposal-not-created,pending-owner-activation,신규 slug Owner 승인 필요,automatic,high,proposal-only-not-applied
20140126_035,2014-01-26,35,energy-management,written,1,,efficiency-output-heat-balance,효율·증발량·열정산,existing-slug,boiler-efficiency-heat-balance,boiler-efficiency-heat-balance,existing,pending-owner-activation,frontmatter 관계 활성화 승인 필요,automatic,high,proposal-only-not-applied
20140126_036,2014-01-26,36,energy-management,written,1,,piping-fittings-valves,배관·이음쇠·밸브,existing-slug,boiler-piping-insulation,boiler-piping-insulation,existing,pending-owner-activation,frontmatter 관계 활성화 승인 필요,automatic,medium,proposal-only-not-applied
20140126_037,2014-01-26,37,energy-management,written,1,,operation-maintenance-preservation,기동·운전·정지·보존,existing-slug,boiler-operation-maintenance,boiler-operation-maintenance,existing,pending-owner-activation,frontmatter 관계 활성화 승인 필요,automatic,high,proposal-only-not-applied
20140126_038,2014-01-26,38,energy-management,written,1,,auxiliary-feedwater-equipment,급수·부대설비,existing-slug,boiler-auxiliary-equipment,boiler-auxiliary-equipment,existing,pending-owner-activation,frontmatter 관계 활성화 승인 필요,automatic,high,proposal-only-not-applied
20140126_039,2014-01-26,39,energy-management,written,1,,burners-furnaces-atomization,버너·화격자·연소장치,split-candidate,boiler-installation-combustion,burners-furnaces-atomization,proposal-not-created,pending-owner-activation,신규 slug Owner 승인 필요,pdf-reviewed,low,proposal-only-not-applied
20140126_040,2014-01-26,40,energy-management,written,1,,instruments-accessories,계측·부속장치,existing-slug,boiler-accessory-equipment,boiler-accessory-equipment,existing,pending-owner-activation,frontmatter 관계 활성화 승인 필요,automatic,medium,proposal-only-not-applied
20140126_041,2014-01-26,41,energy-management,written,1,,water-treatment-corrosion,수질관리·스케일·부식,existing-slug,boiler-water-treatment,boiler-water-treatment,existing,pending-owner-activation,frontmatter 관계 활성화 승인 필요,automatic,high,proposal-only-not-applied
20140126_042,2014-01-26,42,energy-management,written,1,,heating-load-radiators,난방부하·방열기 계산,split-candidate,boiler-installation-combustion,heating-load-radiators,proposal-not-created,pending-owner-activation,신규 slug Owner 승인 필요,automatic,high,proposal-only-not-applied
20140126_043,2014-01-26,43,energy-management,written,1,,piping-fittings-valves,배관·이음쇠·밸브,existing-slug,boiler-piping-insulation,boiler-piping-insulation,existing,pending-owner-activation,frontmatter 관계 활성화 승인 필요,automatic,high,proposal-only-not-applied
20140126_044,2014-01-26,44,energy-management,written,1,,insulation-materials,보온·단열재,split-candidate,boiler-piping-insulation,insulation-materials,proposal-not-created,pending-owner-activation,신규 slug Owner 승인 필요,automatic,high,proposal-only-not-applied
20140126_045,2014-01-26,45,energy-management,written,1,,steam-traps-condensate,증기트랩·응축수 환수,split-candidate,boiler-piping-insulation,steam-traps-condensate,proposal-not-created,pending-owner-activation,신규 slug Owner 승인 필요,pdf-reviewed,low,proposal-only-not-applied
20140126_046,2014-01-26,46,energy-management,written,1,,insulation-materials,보온·단열재,split-candidate,boiler-piping-insulation,insulation-materials,proposal-not-created,pending-owner-activation,신규 slug Owner 승인 필요,automatic,high,proposal-only-not-applied
20140126_047,2014-01-26,47,energy-management,written,1,,water-treatment-corrosion,수질관리·스케일·부식,existing-slug,boiler-water-treatment,boiler-water-treatment,existing,pending-owner-activation,frontmatter 관계 활성화 승인 필요,automatic,medium,proposal-only-not-applied
20140126_048,2014-01-26,48,energy-management,written,1,,piping-fittings-valves,배관·이음쇠·밸브,existing-slug,boiler-piping-insulation,boiler-piping-insulation,existing,pending-owner-activation,frontmatter 관계 활성화 승인 필요,automatic,medium,proposal-only-not-applied
20140126_049,2014-01-26,49,energy-management,written,1,,water-treatment-corrosion,수질관리·스케일·부식,existing-slug,boiler-water-treatment,boiler-water-treatment,existing,pending-owner-activation,frontmatter 관계 활성화 승인 필요,automatic,high,proposal-only-not-applied
20140126_050,2014-01-26,50,energy-management,written,1,,heating-load-radiators,난방부하·방열기 계산,split-candidate,boiler-installation-combustion,heating-load-radiators,proposal-not-created,pending-owner-activation,신규 slug Owner 승인 필요,automatic,high,proposal-only-not-applied
20140126_051,2014-01-26,51,energy-management,written,1,,energy-laws-inspection,에너지 관계법규·검사,existing-slug,energy-laws-and-inspection,energy-laws-and-inspection,existing,pending-owner-activation,frontmatter 관계 활성화 승인 필요,automatic,high,proposal-only-not-applied
20140126_052,2014-01-26,52,energy-management,written,1,,energy-laws-inspection,에너지 관계법규·검사,existing-slug,energy-laws-and-inspection,energy-laws-and-inspection,existing,pending-owner-activation,frontmatter 관계 활성화 승인 필요,automatic,high,proposal-only-not-applied
20140126_053,2014-01-26,53,energy-management,written,1,,energy-laws-inspection,에너지 관계법규·검사,existing-slug,energy-laws-and-inspection,energy-laws-and-inspection,existing,pending-owner-activation,frontmatter 관계 활성화 승인 필요,automatic,high,proposal-only-not-applied
20140126_054,2014-01-26,54,energy-management,written,1,,energy-laws-inspection,에너지 관계법규·검사,existing-slug,energy-laws-and-inspection,energy-laws-and-inspection,existing,pending-owner-activation,frontmatter 관계 활성화 승인 필요,automatic,high,proposal-only-not-applied
20140126_055,2014-01-26,55,energy-management,written,1,,energy-laws-inspection,에너지 관계법규·검사,existing-slug,energy-laws-and-inspection,energy-laws-and-inspection,existing,pending-owner-activation,frontmatter 관계 활성화 승인 필요,automatic,high,proposal-only-not-applied
20140126_056,2014-01-26,56,energy-management,written,1,,boiler-types-construction,보일러 형식·구조·재료,split-candidate,boiler-operation-basics,boiler-types-construction,proposal-not-created,pending-owner-activation,신규 slug Owner 승인 필요,automatic,medium,proposal-only-not-applied
20140126_057,2014-01-26,57,energy-management,written,1,,heating-systems,증기·온수·복사난방,split-candidate,boiler-piping-insulation,heating-systems,proposal-not-created,pending-owner-activation,신규 slug Owner 승인 필요,automatic,high,proposal-only-not-applied
20140126_058,2014-01-26,58,energy-management,written,1,,piping-fittings-valves,배관·이음쇠·밸브,existing-slug,boiler-piping-insulation,boiler-piping-insulation,existing,pending-owner-activation,frontmatter 관계 활성화 승인 필요,automatic,high,proposal-only-not-applied
20140126_059,2014-01-26,59,energy-management,written,1,,instruments-accessories,계측·부속장치,existing-slug,boiler-accessory-equipment,boiler-accessory-equipment,existing,pending-owner-activation,frontmatter 관계 활성화 승인 필요,automatic,high,proposal-only-not-applied
20140126_060,2014-01-26,60,energy-management,written,1,,energy-laws-inspection,에너지 관계법규·검사,existing-slug,energy-laws-and-inspection,energy-laws-and-inspection,existing,pending-owner-activation,frontmatter 관계 활성화 승인 필요,automatic,high,proposal-only-not-applied
20140406_001,2014-04-06,1,energy-management,written,1,,water-treatment-corrosion,수질관리·스케일·부식,existing-slug,boiler-water-treatment,boiler-water-treatment,existing,pending-owner-activation,frontmatter 관계 활성화 승인 필요,automatic,high,proposal-only-not-applied
20140406_002,2014-04-06,2,energy-management,written,1,,operation-maintenance-preservation,기동·운전·정지·보존,existing-slug,boiler-operation-maintenance,boiler-operation-maintenance,existing,pending-owner-activation,frontmatter 관계 활성화 승인 필요,pdf-reviewed,low,proposal-only-not-applied
20140406_003,2014-04-06,3,energy-management,written,1,,operation-maintenance-preservation,기동·운전·정지·보존,existing-slug,boiler-operation-maintenance,boiler-operation-maintenance,existing,pending-owner-activation,frontmatter 관계 활성화 승인 필요,automatic,high,proposal-only-not-applied
20140406_004,2014-04-06,4,energy-management,written,1,,piping-fittings-valves,배관·이음쇠·밸브,existing-slug,boiler-piping-insulation,boiler-piping-insulation,existing,pending-owner-activation,frontmatter 관계 활성화 승인 필요,automatic,high,proposal-only-not-applied
20140406_005,2014-04-06,5,energy-management,written,1,,boiler-types-construction,보일러 형식·구조·재료,split-candidate,boiler-operation-basics,boiler-types-construction,proposal-not-created,pending-owner-activation,신규 slug Owner 승인 필요,automatic,medium,proposal-only-not-applied
20140406_006,2014-04-06,6,energy-management,written,1,,instruments-accessories,계측·부속장치,existing-slug,boiler-accessory-equipment,boiler-accessory-equipment,existing,pending-owner-activation,frontmatter 관계 활성화 승인 필요,automatic,high,proposal-only-not-applied
20140406_007,2014-04-06,7,energy-management,written,1,,automatic-control-interlocks,자동제어·인터록,existing-slug,boiler-control-systems,boiler-control-systems,existing,pending-owner-activation,frontmatter 관계 활성화 승인 필요,automatic,high,proposal-only-not-applied
20140406_008,2014-04-06,8,energy-management,written,1,,boiler-types-construction,보일러 형식·구조·재료,split-candidate,boiler-operation-basics,boiler-types-construction,proposal-not-created,pending-owner-activation,신규 slug Owner 승인 필요,automatic,high,proposal-only-not-applied
20140406_009,2014-04-06,9,energy-management,written,1,,operation-maintenance-preservation,기동·운전·정지·보존,existing-slug,boiler-operation-maintenance,boiler-operation-maintenance,existing,pending-owner-activation,frontmatter 관계 활성화 승인 필요,automatic,medium,proposal-only-not-applied
20140406_010,2014-04-06,10,energy-management,written,1,,heat-steam-thermodynamics,열·증기·열역학 기초,existing-slug,boiler-operation-basics,boiler-operation-basics,existing,pending-owner-activation,frontmatter 관계 활성화 승인 필요,automatic,medium,proposal-only-not-applied
20140406_011,2014-04-06,11,energy-management,written,1,,auxiliary-feedwater-equipment,급수·부대설비,existing-slug,boiler-auxiliary-equipment,boiler-auxiliary-equipment,existing,pending-owner-activation,frontmatter 관계 활성화 승인 필요,automatic,high,proposal-only-not-applied
20140406_012,2014-04-06,12,energy-management,written,1,,heat-steam-thermodynamics,열·증기·열역학 기초,existing-slug,boiler-operation-basics,boiler-operation-basics,existing,pending-owner-activation,frontmatter 관계 활성화 승인 필요,automatic,high,proposal-only-not-applied
20140406_013,2014-04-06,13,energy-management,written,1,,combustion-air-calculation,연소·공기비·배기가스 계산,existing-slug,boiler-installation-combustion,boiler-installation-combustion,existing,pending-owner-activation,frontmatter 관계 활성화 승인 필요,automatic,high,proposal-only-not-applied
20140406_014,2014-04-06,14,energy-management,written,1,jpg 확필,draft-flue-gas,통풍·연도·굴뚝,split-candidate,boiler-installation-combustion,draft-flue-gas,proposal-not-created,exclude,그림 문항 공개 검토 유지 | 신규 slug Owner 승인 필요,pdf-reviewed,high,proposal-only-not-applied
20140406_015,2014-04-06,15,energy-management,written,1,,efficiency-output-heat-balance,효율·증발량·열정산,existing-slug,boiler-efficiency-heat-balance,boiler-efficiency-heat-balance,existing,pending-owner-activation,frontmatter 관계 활성화 승인 필요,automatic,high,proposal-only-not-applied
20140406_016,2014-04-06,16,energy-management,written,1,,boiler-types-construction,보일러 형식·구조·재료,split-candidate,boiler-operation-basics,boiler-types-construction,proposal-not-created,pending-owner-activation,신규 slug Owner 승인 필요,automatic,high,proposal-only-not-applied
20140406_017,2014-04-06,17,energy-management,written,1,,boiler-types-construction,보일러 형식·구조·재료,split-candidate,boiler-operation-basics,boiler-types-construction,proposal-not-created,pending-owner-activation,신규 slug Owner 승인 필요,automatic,high,proposal-only-not-applied
20140406_018,2014-04-06,18,energy-management,written,1,,heat-steam-thermodynamics,열·증기·열역학 기초,existing-slug,boiler-operation-basics,boiler-operation-basics,existing,pending-owner-activation,frontmatter 관계 활성화 승인 필요,automatic,high,proposal-only-not-applied
20140406_019,2014-04-06,19,energy-management,written,1,,boiler-types-construction,보일러 형식·구조·재료,split-candidate,boiler-operation-basics,boiler-types-construction,proposal-not-created,pending-owner-activation,신규 slug Owner 승인 필요,automatic,high,proposal-only-not-applied
20140406_020,2014-04-06,20,energy-management,written,1,,failures-accidents-safety,고장·사고·작업안전,existing-slug,boiler-work-safety,boiler-work-safety,existing,pending-owner-activation,frontmatter 관계 활성화 승인 필요,pdf-reviewed,low,proposal-only-not-applied
20140406_021,2014-04-06,21,energy-management,written,1,,efficiency-output-heat-balance,효율·증발량·열정산,existing-slug,boiler-efficiency-heat-balance,boiler-efficiency-heat-balance,existing,pending-owner-activation,frontmatter 관계 활성화 승인 필요,automatic,high,proposal-only-not-applied
20140406_022,2014-04-06,22,energy-management,written,1,,fuel-properties,연료 특성·발열량,split-candidate,boiler-installation-combustion,fuel-properties,proposal-not-created,pending-owner-activation,신규 slug Owner 승인 필요,automatic,high,proposal-only-not-applied
20140406_023,2014-04-06,23,energy-management,written,1,,heat-steam-thermodynamics,열·증기·열역학 기초,existing-slug,boiler-operation-basics,boiler-operation-basics,existing,pending-owner-activation,frontmatter 관계 활성화 승인 필요,automatic,high,proposal-only-not-applied
20140406_024,2014-04-06,24,energy-management,written,1,,fuel-properties,연료 특성·발열량,split-candidate,boiler-installation-combustion,fuel-properties,proposal-not-created,pending-owner-activation,신규 slug Owner 승인 필요,automatic,high,proposal-only-not-applied
20140406_025,2014-04-06,25,energy-management,written,1,,auxiliary-feedwater-equipment,급수·부대설비,existing-slug,boiler-auxiliary-equipment,boiler-auxiliary-equipment,existing,pending-owner-activation,frontmatter 관계 활성화 승인 필요,automatic,high,proposal-only-not-applied
20140406_026,2014-04-06,26,energy-management,written,1,,heating-systems,증기·온수·복사난방,split-candidate,boiler-piping-insulation,heating-systems,proposal-not-created,pending-owner-activation,신규 slug Owner 승인 필요,automatic,high,proposal-only-not-applied
20140406_027,2014-04-06,27,energy-management,written,1,,boiler-types-construction,보일러 형식·구조·재료,split-candidate,boiler-operation-basics,boiler-types-construction,proposal-not-created,pending-owner-activation,신규 slug Owner 승인 필요,automatic,high,proposal-only-not-applied
20140406_028,2014-04-06,28,energy-management,written,1,,efficiency-output-heat-balance,효율·증발량·열정산,existing-slug,boiler-efficiency-heat-balance,boiler-efficiency-heat-balance,existing,pending-owner-activation,frontmatter 관계 활성화 승인 필요,automatic,high,proposal-only-not-applied
20140406_029,2014-04-06,29,energy-management,written,1,,insulation-materials,보온·단열재,split-candidate,boiler-piping-insulation,insulation-materials,proposal-not-created,pending-owner-activation,신규 slug Owner 승인 필요,pdf-reviewed,low,proposal-only-not-applied
20140406_030,2014-04-06,30,energy-management,written,1,,boiler-types-construction,보일러 형식·구조·재료,split-candidate,boiler-operation-basics,boiler-types-construction,proposal-not-created,pending-owner-activation,신규 slug Owner 승인 필요,automatic,high,proposal-only-not-applied
20140406_031,2014-04-06,31,energy-management,written,1,jpg 확필,efficiency-output-heat-balance,효율·증발량·열정산,existing-slug,boiler-efficiency-heat-balance,boiler-efficiency-heat-balance,existing,exclude,그림 문항 공개 검토 유지,pdf-reviewed,low,proposal-only-not-applied
20140406_032,2014-04-06,32,energy-management,written,1,,automatic-control-interlocks,자동제어·인터록,existing-slug,boiler-control-systems,boiler-control-systems,existing,pending-owner-activation,frontmatter 관계 활성화 승인 필요,automatic,high,proposal-only-not-applied
20140406_033,2014-04-06,33,energy-management,written,1,,efficiency-output-heat-balance,효율·증발량·열정산,existing-slug,boiler-efficiency-heat-balance,boiler-efficiency-heat-balance,existing,pending-owner-activation,frontmatter 관계 활성화 승인 필요,automatic,high,proposal-only-not-applied
20140406_034,2014-04-06,34,energy-management,written,1,,water-treatment-corrosion,수질관리·스케일·부식,existing-slug,boiler-water-treatment,boiler-water-treatment,existing,pending-owner-activation,frontmatter 관계 활성화 승인 필요,automatic,high,proposal-only-not-applied
20140406_035,2014-04-06,35,energy-management,written,1,,heat-steam-thermodynamics,열·증기·열역학 기초,existing-slug,boiler-operation-basics,boiler-operation-basics,existing,pending-owner-activation,frontmatter 관계 활성화 승인 필요,automatic,high,proposal-only-not-applied
20140406_036,2014-04-06,36,energy-management,written,1,,boiler-types-construction,보일러 형식·구조·재료,split-candidate,boiler-operation-basics,boiler-types-construction,proposal-not-created,pending-owner-activation,신규 slug Owner 승인 필요,automatic,high,proposal-only-not-applied
20140406_037,2014-04-06,37,energy-management,written,1,,safety-devices,안전장치·연소안전,existing-slug,boiler-protection-devices,boiler-protection-devices,existing,pending-owner-activation,frontmatter 관계 활성화 승인 필요,automatic,high,proposal-only-not-applied
20140406_038,2014-04-06,38,energy-management,written,1,,burners-furnaces-atomization,버너·화격자·연소장치,split-candidate,boiler-installation-combustion,burners-furnaces-atomization,proposal-not-created,pending-owner-activation,신규 slug Owner 승인 필요,automatic,high,proposal-only-not-applied
20140406_039,2014-04-06,39,energy-management,written,1,,environmental-pollution-control,집진·환경설비,split-candidate,boiler-accessory-equipment,environmental-pollution-control,proposal-not-created,pending-owner-activation,신규 slug Owner 승인 필요,automatic,high,proposal-only-not-applied
20140406_040,2014-04-06,40,energy-management,written,1,,piping-fittings-valves,배관·이음쇠·밸브,existing-slug,boiler-piping-insulation,boiler-piping-insulation,existing,pending-owner-activation,frontmatter 관계 활성화 승인 필요,automatic,high,proposal-only-not-applied
20140406_041,2014-04-06,41,energy-management,written,1,,burners-furnaces-atomization,버너·화격자·연소장치,split-candidate,boiler-installation-combustion,burners-furnaces-atomization,proposal-not-created,pending-owner-activation,신규 slug Owner 승인 필요,automatic,high,proposal-only-not-applied
20140406_042,2014-04-06,42,energy-management,written,1,,instruments-accessories,계측·부속장치,existing-slug,boiler-accessory-equipment,boiler-accessory-equipment,existing,pending-owner-activation,frontmatter 관계 활성화 승인 필요,automatic,high,proposal-only-not-applied
20140406_043,2014-04-06,43,energy-management,written,1,,heating-systems,증기·온수·복사난방,split-candidate,boiler-piping-insulation,heating-systems,proposal-not-created,pending-owner-activation,신규 slug Owner 승인 필요,automatic,high,proposal-only-not-applied
20140406_044,2014-04-06,44,energy-management,written,1,,piping-fittings-valves,배관·이음쇠·밸브,existing-slug,boiler-piping-insulation,boiler-piping-insulation,existing,pending-owner-activation,frontmatter 관계 활성화 승인 필요,automatic,high,proposal-only-not-applied
20140406_045,2014-04-06,45,energy-management,written,1,,efficiency-output-heat-balance,효율·증발량·열정산,existing-slug,boiler-efficiency-heat-balance,boiler-efficiency-heat-balance,existing,pending-owner-activation,frontmatter 관계 활성화 승인 필요,automatic,high,proposal-only-not-applied
20140406_046,2014-04-06,46,energy-management,written,1,,heating-load-radiators,난방부하·방열기 계산,split-candidate,boiler-installation-combustion,heating-load-radiators,proposal-not-created,pending-owner-activation,신규 slug Owner 승인 필요,automatic,high,proposal-only-not-applied
20140406_047,2014-04-06,47,energy-management,written,1,,boiler-types-construction,보일러 형식·구조·재료,split-candidate,boiler-operation-basics,boiler-types-construction,proposal-not-created,pending-owner-activation,신규 slug Owner 승인 필요,pdf-reviewed,low,proposal-only-not-applied
20140406_048,2014-04-06,48,energy-management,written,1,,insulation-materials,보온·단열재,split-candidate,boiler-piping-insulation,insulation-materials,proposal-not-created,pending-owner-activation,신규 slug Owner 승인 필요,automatic,high,proposal-only-not-applied
20140406_049,2014-04-06,49,energy-management,written,1,,operation-maintenance-preservation,기동·운전·정지·보존,existing-slug,boiler-operation-maintenance,boiler-operation-maintenance,existing,pending-owner-activation,frontmatter 관계 활성화 승인 필요,automatic,high,proposal-only-not-applied
20140406_050,2014-04-06,50,energy-management,written,1,,safety-devices,안전장치·연소안전,existing-slug,boiler-protection-devices,boiler-protection-devices,existing,pending-owner-activation,frontmatter 관계 활성화 승인 필요,automatic,high,proposal-only-not-applied
20140406_051,2014-04-06,51,energy-management,written,1,,energy-laws-inspection,에너지 관계법규·검사,existing-slug,energy-laws-and-inspection,energy-laws-and-inspection,existing,pending-owner-activation,frontmatter 관계 활성화 승인 필요,automatic,high,proposal-only-not-applied
20140406_052,2014-04-06,52,energy-management,written,1,,energy-laws-inspection,에너지 관계법규·검사,existing-slug,energy-laws-and-inspection,energy-laws-and-inspection,existing,pending-owner-activation,frontmatter 관계 활성화 승인 필요,automatic,high,proposal-only-not-applied
20140406_053,2014-04-06,53,energy-management,written,1,,energy-laws-inspection,에너지 관계법규·검사,existing-slug,energy-laws-and-inspection,energy-laws-and-inspection,existing,pending-owner-activation,frontmatter 관계 활성화 승인 필요,automatic,medium,proposal-only-not-applied
20140406_054,2014-04-06,54,energy-management,written,1,,energy-laws-inspection,에너지 관계법규·검사,existing-slug,energy-laws-and-inspection,energy-laws-and-inspection,existing,pending-owner-activation,frontmatter 관계 활성화 승인 필요,automatic,high,proposal-only-not-applied
20140406_055,2014-04-06,55,energy-management,written,1,,draft-flue-gas,통풍·연도·굴뚝,split-candidate,boiler-installation-combustion,draft-flue-gas,proposal-not-created,pending-owner-activation,신규 slug Owner 승인 필요,automatic,high,proposal-only-not-applied
20140406_056,2014-04-06,56,energy-management,written,1,,instruments-accessories,계측·부속장치,existing-slug,boiler-accessory-equipment,boiler-accessory-equipment,existing,pending-owner-activation,frontmatter 관계 활성화 승인 필요,automatic,high,proposal-only-not-applied
20140406_057,2014-04-06,57,energy-management,written,1,,water-treatment-corrosion,수질관리·스케일·부식,existing-slug,boiler-water-treatment,boiler-water-treatment,existing,pending-owner-activation,frontmatter 관계 활성화 승인 필요,automatic,high,proposal-only-not-applied
20140406_058,2014-04-06,58,energy-management,written,1,,boiler-types-construction,보일러 형식·구조·재료,split-candidate,boiler-operation-basics,boiler-types-construction,proposal-not-created,pending-owner-activation,신규 slug Owner 승인 필요,automatic,high,proposal-only-not-applied
20140406_059,2014-04-06,59,energy-management,written,1,,piping-fittings-valves,배관·이음쇠·밸브,existing-slug,boiler-piping-insulation,boiler-piping-insulation,existing,pending-owner-activation,frontmatter 관계 활성화 승인 필요,automatic,medium,proposal-only-not-applied
20140406_060,2014-04-06,60,energy-management,written,1,,energy-laws-inspection,에너지 관계법규·검사,existing-slug,energy-laws-and-inspection,energy-laws-and-inspection,existing,pending-owner-activation,frontmatter 관계 활성화 승인 필요,automatic,high,proposal-only-not-applied
20140720_001,2014-07-20,1,energy-management,written,1,,boiler-types-construction,보일러 형식·구조·재료,split-candidate,boiler-operation-basics,boiler-types-construction,proposal-not-created,pending-owner-activation,신규 slug Owner 승인 필요,automatic,high,proposal-only-not-applied
20140720_002,2014-07-20,2,energy-management,written,1,,heat-steam-thermodynamics,열·증기·열역학 기초,existing-slug,boiler-operation-basics,boiler-operation-basics,existing,pending-owner-activation,frontmatter 관계 활성화 승인 필요,automatic,high,proposal-only-not-applied
20140720_003,2014-07-20,3,energy-management,written,1,,auxiliary-feedwater-equipment,급수·부대설비,existing-slug,boiler-auxiliary-equipment,boiler-auxiliary-equipment,existing,pending-owner-activation,frontmatter 관계 활성화 승인 필요,automatic,high,proposal-only-not-applied
20140720_004,2014-07-20,4,energy-management,written,1,,fuel-properties,연료 특성·발열량,split-candidate,boiler-installation-combustion,fuel-properties,proposal-not-created,pending-owner-activation,신규 slug Owner 승인 필요,automatic,high,proposal-only-not-applied
20140720_005,2014-07-20,5,energy-management,written,1,,efficiency-output-heat-balance,효율·증발량·열정산,existing-slug,boiler-efficiency-heat-balance,boiler-efficiency-heat-balance,existing,pending-owner-activation,frontmatter 관계 활성화 승인 필요,automatic,high,proposal-only-not-applied
20140720_006,2014-07-20,6,energy-management,written,1,,boiler-types-construction,보일러 형식·구조·재료,split-candidate,boiler-operation-basics,boiler-types-construction,proposal-not-created,pending-owner-activation,신규 slug Owner 승인 필요,automatic,medium,proposal-only-not-applied
20140720_007,2014-07-20,7,energy-management,written,1,,efficiency-output-heat-balance,효율·증발량·열정산,existing-slug,boiler-efficiency-heat-balance,boiler-efficiency-heat-balance,existing,pending-owner-activation,frontmatter 관계 활성화 승인 필요,automatic,high,proposal-only-not-applied
20140720_008,2014-07-20,8,energy-management,written,1,,heat-steam-thermodynamics,열·증기·열역학 기초,existing-slug,boiler-operation-basics,boiler-operation-basics,existing,pending-owner-activation,frontmatter 관계 활성화 승인 필요,automatic,medium,proposal-only-not-applied
20140720_009,2014-07-20,9,energy-management,written,1,,instruments-accessories,계측·부속장치,existing-slug,boiler-accessory-equipment,boiler-accessory-equipment,existing,pending-owner-activation,frontmatter 관계 활성화 승인 필요,automatic,high,proposal-only-not-applied
20140720_010,2014-07-20,10,energy-management,written,1,,environmental-pollution-control,집진·환경설비,split-candidate,boiler-accessory-equipment,environmental-pollution-control,proposal-not-created,pending-owner-activation,신규 slug Owner 승인 필요,automatic,high,proposal-only-not-applied
20140720_011,2014-07-20,11,energy-management,written,1,,instruments-accessories,계측·부속장치,existing-slug,boiler-accessory-equipment,boiler-accessory-equipment,existing,pending-owner-activation,frontmatter 관계 활성화 승인 필요,automatic,high,proposal-only-not-applied
20140720_012,2014-07-20,12,energy-management,written,1,,boiler-types-construction,보일러 형식·구조·재료,split-candidate,boiler-operation-basics,boiler-types-construction,proposal-not-created,pending-owner-activation,신규 slug Owner 승인 필요,automatic,medium,proposal-only-not-applied
20140720_013,2014-07-20,13,energy-management,written,1,,safety-devices,안전장치·연소안전,existing-slug,boiler-protection-devices,boiler-protection-devices,existing,pending-owner-activation,frontmatter 관계 활성화 승인 필요,automatic,high,proposal-only-not-applied
20140720_014,2014-07-20,14,energy-management,written,1,,combustion-air-calculation,연소·공기비·배기가스 계산,existing-slug,boiler-installation-combustion,boiler-installation-combustion,existing,pending-owner-activation,frontmatter 관계 활성화 승인 필요,automatic,high,proposal-only-not-applied
20140720_015,2014-07-20,15,energy-management,written,1,,automatic-control-interlocks,자동제어·인터록,existing-slug,boiler-control-systems,boiler-control-systems,existing,pending-owner-activation,frontmatter 관계 활성화 승인 필요,automatic,high,proposal-only-not-applied
20140720_016,2014-07-20,16,energy-management,written,1,,combustion-air-calculation,연소·공기비·배기가스 계산,existing-slug,boiler-installation-combustion,boiler-installation-combustion,existing,pending-owner-activation,frontmatter 관계 활성화 승인 필요,automatic,high,proposal-only-not-applied
20140720_017,2014-07-20,17,energy-management,written,1,,automatic-control-interlocks,자동제어·인터록,existing-slug,boiler-control-systems,boiler-control-systems,existing,pending-owner-activation,frontmatter 관계 활성화 승인 필요,automatic,high,proposal-only-not-applied
20140720_018,2014-07-20,18,energy-management,written,1,,fuel-properties,연료 특성·발열량,split-candidate,boiler-installation-combustion,fuel-properties,proposal-not-created,pending-owner-activation,신규 slug Owner 승인 필요,automatic,high,proposal-only-not-applied
20140720_019,2014-07-20,19,energy-management,written,1,,heat-steam-thermodynamics,열·증기·열역학 기초,existing-slug,boiler-operation-basics,boiler-operation-basics,existing,pending-owner-activation,frontmatter 관계 활성화 승인 필요,automatic,high,proposal-only-not-applied
20140720_020,2014-07-20,20,energy-management,written,1,,steam-traps-condensate,증기트랩·응축수 환수,split-candidate,boiler-piping-insulation,steam-traps-condensate,proposal-not-created,pending-owner-activation,신규 slug Owner 승인 필요,automatic,high,proposal-only-not-applied
20140720_021,2014-07-20,21,energy-management,written,1,,water-treatment-corrosion,수질관리·스케일·부식,existing-slug,boiler-water-treatment,boiler-water-treatment,existing,pending-owner-activation,frontmatter 관계 활성화 승인 필요,automatic,high,proposal-only-not-applied
20140720_022,2014-07-20,22,energy-management,written,1,,water-treatment-corrosion,수질관리·스케일·부식,existing-slug,boiler-water-treatment,boiler-water-treatment,existing,pending-owner-activation,frontmatter 관계 활성화 승인 필요,automatic,high,proposal-only-not-applied
20140720_023,2014-07-20,23,energy-management,written,1,,heating-systems,증기·온수·복사난방,split-candidate,boiler-piping-insulation,heating-systems,proposal-not-created,pending-owner-activation,신규 slug Owner 승인 필요,automatic,high,proposal-only-not-applied
20140720_024,2014-07-20,24,energy-management,written,1,,piping-fittings-valves,배관·이음쇠·밸브,existing-slug,boiler-piping-insulation,boiler-piping-insulation,existing,pending-owner-activation,frontmatter 관계 활성화 승인 필요,automatic,medium,proposal-only-not-applied
20140720_025,2014-07-20,25,energy-management,written,1,,heat-steam-thermodynamics,열·증기·열역학 기초,existing-slug,boiler-operation-basics,boiler-operation-basics,existing,pending-owner-activation,frontmatter 관계 활성화 승인 필요,automatic,high,proposal-only-not-applied
20140720_026,2014-07-20,26,energy-management,written,1,,fuel-properties,연료 특성·발열량,split-candidate,boiler-installation-combustion,fuel-properties,proposal-not-created,pending-owner-activation,신규 slug Owner 승인 필요,automatic,high,proposal-only-not-applied
20140720_027,2014-07-20,27,energy-management,written,1,,instruments-accessories,계측·부속장치,existing-slug,boiler-accessory-equipment,boiler-accessory-equipment,existing,pending-owner-activation,frontmatter 관계 활성화 승인 필요,automatic,high,proposal-only-not-applied
20140720_028,2014-07-20,28,energy-management,written,1,,boiler-types-construction,보일러 형식·구조·재료,split-candidate,boiler-operation-basics,boiler-types-construction,proposal-not-created,pending-owner-activation,신규 slug Owner 승인 필요,automatic,medium,proposal-only-not-applied
20140720_029,2014-07-20,29,energy-management,written,1,,safety-devices,안전장치·연소안전,existing-slug,boiler-protection-devices,boiler-protection-devices,existing,pending-owner-activation,frontmatter 관계 활성화 승인 필요,automatic,high,proposal-only-not-applied
20140720_030,2014-07-20,30,energy-management,written,1,,instruments-accessories,계측·부속장치,existing-slug,boiler-accessory-equipment,boiler-accessory-equipment,existing,pending-owner-activation,frontmatter 관계 활성화 승인 필요,automatic,high,proposal-only-not-applied
20140720_031,2014-07-20,31,energy-management,written,1,,heat-steam-thermodynamics,열·증기·열역학 기초,existing-slug,boiler-operation-basics,boiler-operation-basics,existing,pending-owner-activation,frontmatter 관계 활성화 승인 필요,automatic,high,proposal-only-not-applied
20140720_032,2014-07-20,32,energy-management,written,1,,piping-fittings-valves,배관·이음쇠·밸브,existing-slug,boiler-piping-insulation,boiler-piping-insulation,existing,pending-owner-activation,frontmatter 관계 활성화 승인 필요,automatic,high,proposal-only-not-applied
20140720_033,2014-07-20,33,energy-management,written,1,,boiler-types-construction,보일러 형식·구조·재료,split-candidate,boiler-operation-basics,boiler-types-construction,proposal-not-created,pending-owner-activation,신규 slug Owner 승인 필요,automatic,high,proposal-only-not-applied
20140720_034,2014-07-20,34,energy-management,written,1,,instruments-accessories,계측·부속장치,existing-slug,boiler-accessory-equipment,boiler-accessory-equipment,existing,pending-owner-activation,frontmatter 관계 활성화 승인 필요,automatic,high,proposal-only-not-applied
20140720_035,2014-07-20,35,energy-management,written,1,,piping-fittings-valves,배관·이음쇠·밸브,existing-slug,boiler-piping-insulation,boiler-piping-insulation,existing,pending-owner-activation,frontmatter 관계 활성화 승인 필요,automatic,high,proposal-only-not-applied
20140720_036,2014-07-20,36,energy-management,written,1,,heating-systems,증기·온수·복사난방,split-candidate,boiler-piping-insulation,heating-systems,proposal-not-created,pending-owner-activation,신규 slug Owner 승인 필요,automatic,high,proposal-only-not-applied
20140720_037,2014-07-20,37,energy-management,written,1,,heating-load-radiators,난방부하·방열기 계산,split-candidate,boiler-installation-combustion,heating-load-radiators,proposal-not-created,pending-owner-activation,신규 slug Owner 승인 필요,automatic,high,proposal-only-not-applied
20140720_038,2014-07-20,38,energy-management,written,1,,heating-systems,증기·온수·복사난방,split-candidate,boiler-piping-insulation,heating-systems,proposal-not-created,pending-owner-activation,신규 slug Owner 승인 필요,automatic,high,proposal-only-not-applied
20140720_039,2014-07-20,39,energy-management,written,1,,operation-maintenance-preservation,기동·운전·정지·보존,existing-slug,boiler-operation-maintenance,boiler-operation-maintenance,existing,pending-owner-activation,frontmatter 관계 활성화 승인 필요,automatic,medium,proposal-only-not-applied
20140720_040,2014-07-20,40,energy-management,written,1,,insulation-materials,보온·단열재,split-candidate,boiler-piping-insulation,insulation-materials,proposal-not-created,pending-owner-activation,신규 slug Owner 승인 필요,automatic,high,proposal-only-not-applied
20140720_041,2014-07-20,41,energy-management,written,1,jpg 확필,piping-fittings-valves,배관·이음쇠·밸브,existing-slug,boiler-piping-insulation,boiler-piping-insulation,existing,exclude,그림 문항 공개 검토 유지,pdf-reviewed,medium,proposal-only-not-applied
20140720_042,2014-07-20,42,energy-management,written,1,,heating-systems,증기·온수·복사난방,split-candidate,boiler-piping-insulation,heating-systems,proposal-not-created,pending-owner-activation,신규 slug Owner 승인 필요,automatic,medium,proposal-only-not-applied
20140720_043,2014-07-20,43,energy-management,written,1,,piping-fittings-valves,배관·이음쇠·밸브,existing-slug,boiler-piping-insulation,boiler-piping-insulation,existing,pending-owner-activation,frontmatter 관계 활성화 승인 필요,automatic,high,proposal-only-not-applied
20140720_044,2014-07-20,44,energy-management,written,1,,piping-fittings-valves,배관·이음쇠·밸브,existing-slug,boiler-piping-insulation,boiler-piping-insulation,existing,pending-owner-activation,frontmatter 관계 활성화 승인 필요,automatic,high,proposal-only-not-applied
20140720_045,2014-07-20,45,energy-management,written,1,,energy-laws-inspection,에너지 관계법규·검사,existing-slug,energy-laws-and-inspection,energy-laws-and-inspection,existing,pending-owner-activation,frontmatter 관계 활성화 승인 필요,automatic,high,proposal-only-not-applied
20140720_046,2014-07-20,46,energy-management,written,1,,energy-laws-inspection,에너지 관계법규·검사,existing-slug,energy-laws-and-inspection,energy-laws-and-inspection,existing,pending-owner-activation,frontmatter 관계 활성화 승인 필요,automatic,high,proposal-only-not-applied
20140720_047,2014-07-20,47,energy-management,written,1,,energy-laws-inspection,에너지 관계법규·검사,existing-slug,energy-laws-and-inspection,energy-laws-and-inspection,existing,pending-owner-activation,frontmatter 관계 활성화 승인 필요,automatic,high,proposal-only-not-applied
20140720_048,2014-07-20,48,energy-management,written,1,,energy-laws-inspection,에너지 관계법규·검사,existing-slug,energy-laws-and-inspection,energy-laws-and-inspection,existing,pending-owner-activation,frontmatter 관계 활성화 승인 필요,automatic,high,proposal-only-not-applied
20140720_049,2014-07-20,49,energy-management,written,1,,boiler-types-construction,보일러 형식·구조·재료,split-candidate,boiler-operation-basics,boiler-types-construction,proposal-not-created,pending-owner-activation,신규 slug Owner 승인 필요,automatic,high,proposal-only-not-applied
20140720_050,2014-07-20,50,energy-management,written,1,,energy-laws-inspection,에너지 관계법규·검사,existing-slug,energy-laws-and-inspection,energy-laws-and-inspection,existing,pending-owner-activation,frontmatter 관계 활성화 승인 필요,automatic,high,proposal-only-not-applied
20140720_051,2014-07-20,51,energy-management,written,1,,piping-fittings-valves,배관·이음쇠·밸브,existing-slug,boiler-piping-insulation,boiler-piping-insulation,existing,pending-owner-activation,frontmatter 관계 활성화 승인 필요,automatic,high,proposal-only-not-applied
20140720_052,2014-07-20,52,energy-management,written,1,,heating-load-radiators,난방부하·방열기 계산,split-candidate,boiler-installation-combustion,heating-load-radiators,proposal-not-created,pending-owner-activation,신규 slug Owner 승인 필요,automatic,high,proposal-only-not-applied
20140720_053,2014-07-20,53,energy-management,written,1,,piping-fittings-valves,배관·이음쇠·밸브,existing-slug,boiler-piping-insulation,boiler-piping-insulation,existing,pending-owner-activation,frontmatter 관계 활성화 승인 필요,automatic,high,proposal-only-not-applied
20140720_054,2014-07-20,54,energy-management,written,1,,piping-fittings-valves,배관·이음쇠·밸브,existing-slug,boiler-piping-insulation,boiler-piping-insulation,existing,pending-owner-activation,frontmatter 관계 활성화 승인 필요,automatic,high,proposal-only-not-applied
20140720_055,2014-07-20,55,energy-management,written,1,,operation-maintenance-preservation,기동·운전·정지·보존,existing-slug,boiler-operation-maintenance,boiler-operation-maintenance,existing,pending-owner-activation,frontmatter 관계 활성화 승인 필요,automatic,high,proposal-only-not-applied
20140720_056,2014-07-20,56,energy-management,written,1,,steam-traps-condensate,증기트랩·응축수 환수,split-candidate,boiler-piping-insulation,steam-traps-condensate,proposal-not-created,pending-owner-activation,신규 slug Owner 승인 필요,automatic,high,proposal-only-not-applied
20140720_057,2014-07-20,57,energy-management,written,1,,boiler-types-construction,보일러 형식·구조·재료,split-candidate,boiler-operation-basics,boiler-types-construction,proposal-not-created,pending-owner-activation,신규 slug Owner 승인 필요,automatic,high,proposal-only-not-applied
20140720_058,2014-07-20,58,energy-management,written,1,,combustion-air-calculation,연소·공기비·배기가스 계산,existing-slug,boiler-installation-combustion,boiler-installation-combustion,existing,pending-owner-activation,frontmatter 관계 활성화 승인 필요,automatic,medium,proposal-only-not-applied
20140720_059,2014-07-20,59,energy-management,written,1,,water-treatment-corrosion,수질관리·스케일·부식,existing-slug,boiler-water-treatment,boiler-water-treatment,existing,pending-owner-activation,frontmatter 관계 활성화 승인 필요,automatic,high,proposal-only-not-applied
20140720_060,2014-07-20,60,energy-management,written,1,,operation-maintenance-preservation,기동·운전·정지·보존,existing-slug,boiler-operation-maintenance,boiler-operation-maintenance,existing,pending-owner-activation,frontmatter 관계 활성화 승인 필요,automatic,high,proposal-only-not-applied
20141011_001,2014-10-11,1,energy-management,written,1,,auxiliary-feedwater-equipment,급수·부대설비,existing-slug,boiler-auxiliary-equipment,boiler-auxiliary-equipment,existing,pending-owner-activation,frontmatter 관계 활성화 승인 필요,automatic,high,proposal-only-not-applied
20141011_002,2014-10-11,2,energy-management,written,1,,efficiency-output-heat-balance,효율·증발량·열정산,existing-slug,boiler-efficiency-heat-balance,boiler-efficiency-heat-balance,existing,pending-owner-activation,frontmatter 관계 활성화 승인 필요,automatic,high,proposal-only-not-applied
20141011_003,2014-10-11,3,energy-management,written,1,,automatic-control-interlocks,자동제어·인터록,existing-slug,boiler-control-systems,boiler-control-systems,existing,pending-owner-activation,frontmatter 관계 활성화 승인 필요,automatic,high,proposal-only-not-applied
20141011_004,2014-10-11,4,energy-management,written,1,,boiler-types-construction,보일러 형식·구조·재료,split-candidate,boiler-operation-basics,boiler-types-construction,proposal-not-created,pending-owner-activation,신규 slug Owner 승인 필요,automatic,medium,proposal-only-not-applied
20141011_005,2014-10-11,5,energy-management,written,1,,draft-flue-gas,통풍·연도·굴뚝,split-candidate,boiler-installation-combustion,draft-flue-gas,proposal-not-created,pending-owner-activation,신규 slug Owner 승인 필요,automatic,high,proposal-only-not-applied
20141011_006,2014-10-11,6,energy-management,written,1,,boiler-types-construction,보일러 형식·구조·재료,split-candidate,boiler-operation-basics,boiler-types-construction,proposal-not-created,pending-owner-activation,신규 slug Owner 승인 필요,automatic,high,proposal-only-not-applied
20141011_007,2014-10-11,7,energy-management,written,1,,draft-flue-gas,통풍·연도·굴뚝,split-candidate,boiler-installation-combustion,draft-flue-gas,proposal-not-created,pending-owner-activation,신규 slug Owner 승인 필요,automatic,high,proposal-only-not-applied
20141011_008,2014-10-11,8,energy-management,written,1,,environmental-pollution-control,집진·환경설비,split-candidate,boiler-accessory-equipment,environmental-pollution-control,proposal-not-created,pending-owner-activation,신규 slug Owner 승인 필요,automatic,high,proposal-only-not-applied
20141011_009,2014-10-11,9,energy-management,written,1,,heat-steam-thermodynamics,열·증기·열역학 기초,existing-slug,boiler-operation-basics,boiler-operation-basics,existing,pending-owner-activation,frontmatter 관계 활성화 승인 필요,automatic,high,proposal-only-not-applied
20141011_010,2014-10-11,10,energy-management,written,1,,auxiliary-feedwater-equipment,급수·부대설비,existing-slug,boiler-auxiliary-equipment,boiler-auxiliary-equipment,existing,pending-owner-activation,frontmatter 관계 활성화 승인 필요,pdf-reviewed,low,proposal-only-not-applied
20141011_011,2014-10-11,11,energy-management,written,1,,boiler-types-construction,보일러 형식·구조·재료,split-candidate,boiler-operation-basics,boiler-types-construction,proposal-not-created,pending-owner-activation,신규 slug Owner 승인 필요,automatic,high,proposal-only-not-applied
20141011_012,2014-10-11,12,energy-management,written,1,,boiler-types-construction,보일러 형식·구조·재료,split-candidate,boiler-operation-basics,boiler-types-construction,proposal-not-created,pending-owner-activation,신규 slug Owner 승인 필요,automatic,medium,proposal-only-not-applied
20141011_013,2014-10-11,13,energy-management,written,1,,instruments-accessories,계측·부속장치,existing-slug,boiler-accessory-equipment,boiler-accessory-equipment,existing,pending-owner-activation,frontmatter 관계 활성화 승인 필요,automatic,medium,proposal-only-not-applied
20141011_014,2014-10-11,14,energy-management,written,1,,water-treatment-corrosion,수질관리·스케일·부식,existing-slug,boiler-water-treatment,boiler-water-treatment,existing,pending-owner-activation,frontmatter 관계 활성화 승인 필요,automatic,high,proposal-only-not-applied
20141011_015,2014-10-11,15,energy-management,written,1,,burners-furnaces-atomization,버너·화격자·연소장치,split-candidate,boiler-installation-combustion,burners-furnaces-atomization,proposal-not-created,pending-owner-activation,신규 slug Owner 승인 필요,automatic,high,proposal-only-not-applied
20141011_016,2014-10-11,16,energy-management,written,1,,heat-steam-thermodynamics,열·증기·열역학 기초,existing-slug,boiler-operation-basics,boiler-operation-basics,existing,pending-owner-activation,frontmatter 관계 활성화 승인 필요,automatic,medium,proposal-only-not-applied
20141011_017,2014-10-11,17,energy-management,written,1,,safety-devices,안전장치·연소안전,existing-slug,boiler-protection-devices,boiler-protection-devices,existing,pending-owner-activation,frontmatter 관계 활성화 승인 필요,automatic,high,proposal-only-not-applied
20141011_018,2014-10-11,18,energy-management,written,1,,efficiency-output-heat-balance,효율·증발량·열정산,existing-slug,boiler-efficiency-heat-balance,boiler-efficiency-heat-balance,existing,pending-owner-activation,frontmatter 관계 활성화 승인 필요,automatic,high,proposal-only-not-applied
20141011_019,2014-10-11,19,energy-management,written,1,,automatic-control-interlocks,자동제어·인터록,existing-slug,boiler-control-systems,boiler-control-systems,existing,pending-owner-activation,frontmatter 관계 활성화 승인 필요,automatic,high,proposal-only-not-applied
20141011_020,2014-10-11,20,energy-management,written,1,,combustion-air-calculation,연소·공기비·배기가스 계산,existing-slug,boiler-installation-combustion,boiler-installation-combustion,existing,pending-owner-activation,frontmatter 관계 활성화 승인 필요,automatic,high,proposal-only-not-applied
20141011_021,2014-10-11,21,energy-management,written,1,,fuel-properties,연료 특성·발열량,split-candidate,boiler-installation-combustion,fuel-properties,proposal-not-created,pending-owner-activation,신규 slug Owner 승인 필요,automatic,high,proposal-only-not-applied
20141011_022,2014-10-11,22,energy-management,written,1,,auxiliary-feedwater-equipment,급수·부대설비,existing-slug,boiler-auxiliary-equipment,boiler-auxiliary-equipment,existing,pending-owner-activation,frontmatter 관계 활성화 승인 필요,automatic,high,proposal-only-not-applied
20141011_023,2014-10-11,23,energy-management,written,1,,heat-steam-thermodynamics,열·증기·열역학 기초,existing-slug,boiler-operation-basics,boiler-operation-basics,existing,pending-owner-activation,frontmatter 관계 활성화 승인 필요,automatic,high,proposal-only-not-applied
20141011_024,2014-10-11,24,energy-management,written,1,,boiler-types-construction,보일러 형식·구조·재료,split-candidate,boiler-operation-basics,boiler-types-construction,proposal-not-created,pending-owner-activation,신규 slug Owner 승인 필요,automatic,high,proposal-only-not-applied
20141011_025,2014-10-11,25,energy-management,written,1,,instruments-accessories,계측·부속장치,existing-slug,boiler-accessory-equipment,boiler-accessory-equipment,existing,pending-owner-activation,frontmatter 관계 활성화 승인 필요,automatic,high,proposal-only-not-applied
20141011_026,2014-10-11,26,energy-management,written,1,,heat-steam-thermodynamics,열·증기·열역학 기초,existing-slug,boiler-operation-basics,boiler-operation-basics,existing,pending-owner-activation,frontmatter 관계 활성화 승인 필요,automatic,high,proposal-only-not-applied
20141011_027,2014-10-11,27,energy-management,written,1,,boiler-types-construction,보일러 형식·구조·재료,split-candidate,boiler-operation-basics,boiler-types-construction,proposal-not-created,pending-owner-activation,신규 slug Owner 승인 필요,automatic,medium,proposal-only-not-applied
20141011_028,2014-10-11,28,energy-management,written,1,,burners-furnaces-atomization,버너·화격자·연소장치,split-candidate,boiler-installation-combustion,burners-furnaces-atomization,proposal-not-created,pending-owner-activation,신규 slug Owner 승인 필요,automatic,high,proposal-only-not-applied
20141011_029,2014-10-11,29,energy-management,written,1,,fuel-properties,연료 특성·발열량,split-candidate,boiler-installation-combustion,fuel-properties,proposal-not-created,pending-owner-activation,신규 slug Owner 승인 필요,automatic,high,proposal-only-not-applied
20141011_030,2014-10-11,30,energy-management,written,1,,heating-systems,증기·온수·복사난방,split-candidate,boiler-piping-insulation,heating-systems,proposal-not-created,pending-owner-activation,신규 slug Owner 승인 필요,automatic,high,proposal-only-not-applied
20141011_031,2014-10-11,31,energy-management,written,1,,instruments-accessories,계측·부속장치,existing-slug,boiler-accessory-equipment,boiler-accessory-equipment,existing,pending-owner-activation,frontmatter 관계 활성화 승인 필요,automatic,high,proposal-only-not-applied
20141011_032,2014-10-11,32,energy-management,written,1,,water-treatment-corrosion,수질관리·스케일·부식,existing-slug,boiler-water-treatment,boiler-water-treatment,existing,pending-owner-activation,frontmatter 관계 활성화 승인 필요,automatic,high,proposal-only-not-applied
20141011_033,2014-10-11,33,energy-management,written,1,,water-treatment-corrosion,수질관리·스케일·부식,existing-slug,boiler-water-treatment,boiler-water-treatment,existing,pending-owner-activation,frontmatter 관계 활성화 승인 필요,automatic,high,proposal-only-not-applied
20141011_034,2014-10-11,34,energy-management,written,1,,water-treatment-corrosion,수질관리·스케일·부식,existing-slug,boiler-water-treatment,boiler-water-treatment,existing,pending-owner-activation,frontmatter 관계 활성화 승인 필요,automatic,high,proposal-only-not-applied
20141011_035,2014-10-11,35,energy-management,written,1,,insulation-materials,보온·단열재,split-candidate,boiler-piping-insulation,insulation-materials,proposal-not-created,pending-owner-activation,신규 slug Owner 승인 필요,automatic,high,proposal-only-not-applied
20141011_036,2014-10-11,36,energy-management,written,1,,draft-flue-gas,통풍·연도·굴뚝,split-candidate,boiler-installation-combustion,draft-flue-gas,proposal-not-created,pending-owner-activation,신규 slug Owner 승인 필요,automatic,high,proposal-only-not-applied
20141011_037,2014-10-11,37,energy-management,written,1,,heating-systems,증기·온수·복사난방,split-candidate,boiler-piping-insulation,heating-systems,proposal-not-created,pending-owner-activation,신규 slug Owner 승인 필요,automatic,medium,proposal-only-not-applied
20141011_038,2014-10-11,38,energy-management,written,1,,piping-fittings-valves,배관·이음쇠·밸브,existing-slug,boiler-piping-insulation,boiler-piping-insulation,existing,pending-owner-activation,frontmatter 관계 활성화 승인 필요,automatic,high,proposal-only-not-applied
20141011_039,2014-10-11,39,energy-management,written,1,,auxiliary-feedwater-equipment,급수·부대설비,existing-slug,boiler-auxiliary-equipment,boiler-auxiliary-equipment,existing,pending-owner-activation,frontmatter 관계 활성화 승인 필요,automatic,high,proposal-only-not-applied
20141011_040,2014-10-11,40,energy-management,written,1,,water-treatment-corrosion,수질관리·스케일·부식,existing-slug,boiler-water-treatment,boiler-water-treatment,existing,pending-owner-activation,frontmatter 관계 활성화 승인 필요,automatic,high,proposal-only-not-applied
20141011_041,2014-10-11,41,energy-management,written,1,,failures-accidents-safety,고장·사고·작업안전,existing-slug,boiler-work-safety,boiler-work-safety,existing,pending-owner-activation,frontmatter 관계 활성화 승인 필요,automatic,high,proposal-only-not-applied
20141011_042,2014-10-11,42,energy-management,written,1,,instruments-accessories,계측·부속장치,existing-slug,boiler-accessory-equipment,boiler-accessory-equipment,existing,pending-owner-activation,frontmatter 관계 활성화 승인 필요,automatic,high,proposal-only-not-applied
20141011_043,2014-10-11,43,energy-management,written,1,,heating-systems,증기·온수·복사난방,split-candidate,boiler-piping-insulation,heating-systems,proposal-not-created,pending-owner-activation,신규 slug Owner 승인 필요,automatic,high,proposal-only-not-applied
20141011_044,2014-10-11,44,energy-management,written,1,,heating-systems,증기·온수·복사난방,split-candidate,boiler-piping-insulation,heating-systems,proposal-not-created,pending-owner-activation,신규 slug Owner 승인 필요,automatic,high,proposal-only-not-applied
20141011_045,2014-10-11,45,energy-management,written,1,,instruments-accessories,계측·부속장치,existing-slug,boiler-accessory-equipment,boiler-accessory-equipment,existing,pending-owner-activation,frontmatter 관계 활성화 승인 필요,automatic,high,proposal-only-not-applied
20141011_046,2014-10-11,46,energy-management,written,1,,heating-systems,증기·온수·복사난방,split-candidate,boiler-piping-insulation,heating-systems,proposal-not-created,pending-owner-activation,신규 slug Owner 승인 필요,automatic,medium,proposal-only-not-applied
20141011_047,2014-10-11,47,energy-management,written,1,,draft-flue-gas,통풍·연도·굴뚝,split-candidate,boiler-installation-combustion,draft-flue-gas,proposal-not-created,pending-owner-activation,신규 slug Owner 승인 필요,automatic,high,proposal-only-not-applied
20141011_048,2014-10-11,48,energy-management,written,1,,insulation-materials,보온·단열재,split-candidate,boiler-piping-insulation,insulation-materials,proposal-not-created,pending-owner-activation,신규 slug Owner 승인 필요,automatic,high,proposal-only-not-applied
20141011_049,2014-10-11,49,energy-management,written,1,jpg 확필,piping-fittings-valves,배관·이음쇠·밸브,existing-slug,boiler-piping-insulation,boiler-piping-insulation,existing,exclude,그림 문항 공개 검토 유지,pdf-reviewed,high,proposal-only-not-applied
20141011_050,2014-10-11,50,energy-management,written,1,,insulation-materials,보온·단열재,split-candidate,boiler-piping-insulation,insulation-materials,proposal-not-created,pending-owner-activation,신규 slug Owner 승인 필요,automatic,high,proposal-only-not-applied
20141011_051,2014-10-11,51,energy-management,written,1,,heating-load-radiators,난방부하·방열기 계산,split-candidate,boiler-installation-combustion,heating-load-radiators,proposal-not-created,pending-owner-activation,신규 slug Owner 승인 필요,automatic,high,proposal-only-not-applied
20141011_052,2014-10-11,52,energy-management,written,1,,heating-systems,증기·온수·복사난방,split-candidate,boiler-piping-insulation,heating-systems,proposal-not-created,pending-owner-activation,신규 slug Owner 승인 필요,automatic,high,proposal-only-not-applied
20141011_053,2014-10-11,53,energy-management,written,1,,heating-load-radiators,난방부하·방열기 계산,split-candidate,boiler-installation-combustion,heating-load-radiators,proposal-not-created,pending-owner-activation,신규 slug Owner 승인 필요,automatic,high,proposal-only-not-applied
20141011_054,2014-10-11,54,energy-management,written,1,,heating-systems,증기·온수·복사난방,split-candidate,boiler-piping-insulation,heating-systems,proposal-not-created,pending-owner-activation,신규 slug Owner 승인 필요,automatic,high,proposal-only-not-applied
20141011_055,2014-10-11,55,energy-management,written,1,,energy-laws-inspection,에너지 관계법규·검사,existing-slug,energy-laws-and-inspection,energy-laws-and-inspection,existing,pending-owner-activation,frontmatter 관계 활성화 승인 필요,automatic,high,proposal-only-not-applied
20141011_056,2014-10-11,56,energy-management,written,1,jpg 확필,energy-laws-inspection,에너지 관계법규·검사,existing-slug,energy-laws-and-inspection,energy-laws-and-inspection,existing,exclude,그림 문항 공개 검토 유지,pdf-reviewed,high,proposal-only-not-applied
20141011_057,2014-10-11,57,energy-management,written,1,,energy-laws-inspection,에너지 관계법규·검사,existing-slug,energy-laws-and-inspection,energy-laws-and-inspection,existing,pending-owner-activation,frontmatter 관계 활성화 승인 필요,automatic,high,proposal-only-not-applied
20141011_058,2014-10-11,58,energy-management,written,1,,energy-laws-inspection,에너지 관계법규·검사,existing-slug,energy-laws-and-inspection,energy-laws-and-inspection,existing,pending-owner-activation,frontmatter 관계 활성화 승인 필요,automatic,high,proposal-only-not-applied
20141011_059,2014-10-11,59,energy-management,written,1,,energy-laws-inspection,에너지 관계법규·검사,existing-slug,energy-laws-and-inspection,energy-laws-and-inspection,existing,pending-owner-activation,frontmatter 관계 활성화 승인 필요,automatic,high,proposal-only-not-applied
20141011_060,2014-10-11,60,energy-management,written,1,,energy-laws-inspection,에너지 관계법규·검사,existing-slug,energy-laws-and-inspection,energy-laws-and-inspection,existing,pending-owner-activation,frontmatter 관계 활성화 승인 필요,automatic,high,proposal-only-not-applied
20150125_001,2015-01-25,1,energy-management,written,1,,efficiency-output-heat-balance,효율·증발량·열정산,existing-slug,boiler-efficiency-heat-balance,boiler-efficiency-heat-balance,existing,pending-owner-activation,frontmatter 관계 활성화 승인 필요,automatic,high,proposal-only-not-applied
20150125_002,2015-01-25,2,energy-management,written,1,,burners-furnaces-atomization,버너·화격자·연소장치,split-candidate,boiler-installation-combustion,burners-furnaces-atomization,proposal-not-created,pending-owner-activation,신규 slug Owner 승인 필요,automatic,high,proposal-only-not-applied
20150125_003,2015-01-25,3,energy-management,written,1,,efficiency-output-heat-balance,효율·증발량·열정산,existing-slug,boiler-efficiency-heat-balance,boiler-efficiency-heat-balance,existing,pending-owner-activation,frontmatter 관계 활성화 승인 필요,automatic,high,proposal-only-not-applied
20150125_004,2015-01-25,4,energy-management,written,1,,safety-devices,안전장치·연소안전,existing-slug,boiler-protection-devices,boiler-protection-devices,existing,pending-owner-activation,frontmatter 관계 활성화 승인 필요,automatic,high,proposal-only-not-applied
20150125_005,2015-01-25,5,energy-management,written,1,,instruments-accessories,계측·부속장치,existing-slug,boiler-accessory-equipment,boiler-accessory-equipment,existing,pending-owner-activation,frontmatter 관계 활성화 승인 필요,automatic,high,proposal-only-not-applied
20150125_006,2015-01-25,6,energy-management,written,1,,efficiency-output-heat-balance,효율·증발량·열정산,existing-slug,boiler-efficiency-heat-balance,boiler-efficiency-heat-balance,existing,pending-owner-activation,frontmatter 관계 활성화 승인 필요,automatic,medium,proposal-only-not-applied
20150125_007,2015-01-25,7,energy-management,written,1,,boiler-types-construction,보일러 형식·구조·재료,split-candidate,boiler-operation-basics,boiler-types-construction,proposal-not-created,pending-owner-activation,신규 slug Owner 승인 필요,automatic,medium,proposal-only-not-applied
20150125_008,2015-01-25,8,energy-management,written,1,,environmental-pollution-control,집진·환경설비,split-candidate,boiler-accessory-equipment,environmental-pollution-control,proposal-not-created,pending-owner-activation,신규 slug Owner 승인 필요,automatic,high,proposal-only-not-applied
20150125_009,2015-01-25,9,energy-management,written,1,,auxiliary-feedwater-equipment,급수·부대설비,existing-slug,boiler-auxiliary-equipment,boiler-auxiliary-equipment,existing,pending-owner-activation,frontmatter 관계 활성화 승인 필요,automatic,high,proposal-only-not-applied
20150125_010,2015-01-25,10,energy-management,written,1,,boiler-types-construction,보일러 형식·구조·재료,split-candidate,boiler-operation-basics,boiler-types-construction,proposal-not-created,pending-owner-activation,신규 slug Owner 승인 필요,automatic,high,proposal-only-not-applied
20150125_011,2015-01-25,11,energy-management,written,1,,automatic-control-interlocks,자동제어·인터록,existing-slug,boiler-control-systems,boiler-control-systems,existing,pending-owner-activation,frontmatter 관계 활성화 승인 필요,automatic,high,proposal-only-not-applied
20150125_012,2015-01-25,12,energy-management,written,1,,boiler-types-construction,보일러 형식·구조·재료,split-candidate,boiler-operation-basics,boiler-types-construction,proposal-not-created,pending-owner-activation,신규 slug Owner 승인 필요,automatic,high,proposal-only-not-applied
20150125_013,2015-01-25,13,energy-management,written,1,,heat-steam-thermodynamics,열·증기·열역학 기초,existing-slug,boiler-operation-basics,boiler-operation-basics,existing,pending-owner-activation,frontmatter 관계 활성화 승인 필요,automatic,high,proposal-only-not-applied
20150125_014,2015-01-25,14,energy-management,written,1,,heat-steam-thermodynamics,열·증기·열역학 기초,existing-slug,boiler-operation-basics,boiler-operation-basics,existing,pending-owner-activation,frontmatter 관계 활성화 승인 필요,automatic,high,proposal-only-not-applied
20150125_015,2015-01-25,15,energy-management,written,1,,draft-flue-gas,통풍·연도·굴뚝,split-candidate,boiler-installation-combustion,draft-flue-gas,proposal-not-created,pending-owner-activation,신규 slug Owner 승인 필요,automatic,high,proposal-only-not-applied
20150125_016,2015-01-25,16,energy-management,written,1,,burners-furnaces-atomization,버너·화격자·연소장치,split-candidate,boiler-installation-combustion,burners-furnaces-atomization,proposal-not-created,pending-owner-activation,신규 slug Owner 승인 필요,automatic,medium,proposal-only-not-applied
20150125_017,2015-01-25,17,energy-management,written,1,,fuel-properties,연료 특성·발열량,split-candidate,boiler-installation-combustion,fuel-properties,proposal-not-created,pending-owner-activation,신규 slug Owner 승인 필요,automatic,high,proposal-only-not-applied
20150125_018,2015-01-25,18,energy-management,written,1,,instruments-accessories,계측·부속장치,existing-slug,boiler-accessory-equipment,boiler-accessory-equipment,existing,pending-owner-activation,frontmatter 관계 활성화 승인 필요,automatic,high,proposal-only-not-applied
20150125_019,2015-01-25,19,energy-management,written,1,,instruments-accessories,계측·부속장치,existing-slug,boiler-accessory-equipment,boiler-accessory-equipment,existing,pending-owner-activation,frontmatter 관계 활성화 승인 필요,automatic,high,proposal-only-not-applied
20150125_020,2015-01-25,20,energy-management,written,1,,boiler-types-construction,보일러 형식·구조·재료,split-candidate,boiler-operation-basics,boiler-types-construction,proposal-not-created,pending-owner-activation,신규 slug Owner 승인 필요,automatic,high,proposal-only-not-applied
20150125_021,2015-01-25,21,energy-management,written,1,,steam-traps-condensate,증기트랩·응축수 환수,split-candidate,boiler-piping-insulation,steam-traps-condensate,proposal-not-created,pending-owner-activation,신규 slug Owner 승인 필요,automatic,medium,proposal-only-not-applied
20150125_022,2015-01-25,22,energy-management,written,1,,heat-steam-thermodynamics,열·증기·열역학 기초,existing-slug,boiler-operation-basics,boiler-operation-basics,existing,pending-owner-activation,frontmatter 관계 활성화 승인 필요,automatic,medium,proposal-only-not-applied
20150125_023,2015-01-25,23,energy-management,written,1,,instruments-accessories,계측·부속장치,existing-slug,boiler-accessory-equipment,boiler-accessory-equipment,existing,pending-owner-activation,frontmatter 관계 활성화 승인 필요,automatic,medium,proposal-only-not-applied
20150125_024,2015-01-25,24,energy-management,written,1,,auxiliary-feedwater-equipment,급수·부대설비,existing-slug,boiler-auxiliary-equipment,boiler-auxiliary-equipment,existing,pending-owner-activation,frontmatter 관계 활성화 승인 필요,automatic,high,proposal-only-not-applied
20150125_025,2015-01-25,25,energy-management,written,1,,fuel-properties,연료 특성·발열량,split-candidate,boiler-installation-combustion,fuel-properties,proposal-not-created,pending-owner-activation,신규 slug Owner 승인 필요,automatic,high,proposal-only-not-applied
20150125_026,2015-01-25,26,energy-management,written,1,,automatic-control-interlocks,자동제어·인터록,existing-slug,boiler-control-systems,boiler-control-systems,existing,pending-owner-activation,frontmatter 관계 활성화 승인 필요,automatic,high,proposal-only-not-applied
20150125_027,2015-01-25,27,energy-management,written,1,,heat-steam-thermodynamics,열·증기·열역학 기초,existing-slug,boiler-operation-basics,boiler-operation-basics,existing,pending-owner-activation,frontmatter 관계 활성화 승인 필요,automatic,high,proposal-only-not-applied
20150125_028,2015-01-25,28,energy-management,written,1,,automatic-control-interlocks,자동제어·인터록,existing-slug,boiler-control-systems,boiler-control-systems,existing,pending-owner-activation,frontmatter 관계 활성화 승인 필요,automatic,high,proposal-only-not-applied
20150125_029,2015-01-25,29,energy-management,written,1,,heat-steam-thermodynamics,열·증기·열역학 기초,existing-slug,boiler-operation-basics,boiler-operation-basics,existing,pending-owner-activation,frontmatter 관계 활성화 승인 필요,automatic,high,proposal-only-not-applied
20150125_030,2015-01-25,30,energy-management,written,1,,piping-fittings-valves,배관·이음쇠·밸브,existing-slug,boiler-piping-insulation,boiler-piping-insulation,existing,pending-owner-activation,frontmatter 관계 활성화 승인 필요,automatic,high,proposal-only-not-applied
20150125_031,2015-01-25,31,energy-management,written,1,,heating-systems,증기·온수·복사난방,split-candidate,boiler-piping-insulation,heating-systems,proposal-not-created,pending-owner-activation,신규 slug Owner 승인 필요,automatic,high,proposal-only-not-applied
20150125_032,2015-01-25,32,energy-management,written,1,,water-treatment-corrosion,수질관리·스케일·부식,existing-slug,boiler-water-treatment,boiler-water-treatment,existing,pending-owner-activation,frontmatter 관계 활성화 승인 필요,automatic,high,proposal-only-not-applied
20150125_033,2015-01-25,33,energy-management,written,1,,failures-accidents-safety,고장·사고·작업안전,existing-slug,boiler-work-safety,boiler-work-safety,existing,pending-owner-activation,frontmatter 관계 활성화 승인 필요,automatic,high,proposal-only-not-applied
20150125_034,2015-01-25,34,energy-management,written,1,,draft-flue-gas,통풍·연도·굴뚝,split-candidate,boiler-installation-combustion,draft-flue-gas,proposal-not-created,pending-owner-activation,신규 slug Owner 승인 필요,automatic,high,proposal-only-not-applied
20150125_035,2015-01-25,35,energy-management,written,1,,heating-systems,증기·온수·복사난방,split-candidate,boiler-piping-insulation,heating-systems,proposal-not-created,pending-owner-activation,신규 slug Owner 승인 필요,automatic,high,proposal-only-not-applied
20150125_036,2015-01-25,36,energy-management,written,1,,heating-load-radiators,난방부하·방열기 계산,split-candidate,boiler-installation-combustion,heating-load-radiators,proposal-not-created,pending-owner-activation,신규 slug Owner 승인 필요,automatic,high,proposal-only-not-applied
20150125_037,2015-01-25,37,energy-management,written,1,,piping-fittings-valves,배관·이음쇠·밸브,existing-slug,boiler-piping-insulation,boiler-piping-insulation,existing,pending-owner-activation,frontmatter 관계 활성화 승인 필요,automatic,high,proposal-only-not-applied
20150125_038,2015-01-25,38,energy-management,written,1,,water-treatment-corrosion,수질관리·스케일·부식,existing-slug,boiler-water-treatment,boiler-water-treatment,existing,pending-owner-activation,frontmatter 관계 활성화 승인 필요,automatic,high,proposal-only-not-applied
20150125_039,2015-01-25,39,energy-management,written,1,,boiler-types-construction,보일러 형식·구조·재료,split-candidate,boiler-operation-basics,boiler-types-construction,proposal-not-created,pending-owner-activation,신규 slug Owner 승인 필요,automatic,medium,proposal-only-not-applied
20150125_040,2015-01-25,40,energy-management,written,1,,instruments-accessories,계측·부속장치,existing-slug,boiler-accessory-equipment,boiler-accessory-equipment,existing,pending-owner-activation,frontmatter 관계 활성화 승인 필요,automatic,high,proposal-only-not-applied
20150125_041,2015-01-25,41,energy-management,written,1,,boiler-types-construction,보일러 형식·구조·재료,split-candidate,boiler-operation-basics,boiler-types-construction,proposal-not-created,pending-owner-activation,신규 slug Owner 승인 필요,automatic,medium,proposal-only-not-applied
20150125_042,2015-01-25,42,energy-management,written,1,,insulation-materials,보온·단열재,split-candidate,boiler-piping-insulation,insulation-materials,proposal-not-created,pending-owner-activation,신규 slug Owner 승인 필요,automatic,high,proposal-only-not-applied
20150125_043,2015-01-25,43,energy-management,written,1,,piping-fittings-valves,배관·이음쇠·밸브,existing-slug,boiler-piping-insulation,boiler-piping-insulation,existing,pending-owner-activation,frontmatter 관계 활성화 승인 필요,automatic,high,proposal-only-not-applied
20150125_044,2015-01-25,44,energy-management,written,1,,heating-load-radiators,난방부하·방열기 계산,split-candidate,boiler-installation-combustion,heating-load-radiators,proposal-not-created,pending-owner-activation,신규 slug Owner 승인 필요,automatic,high,proposal-only-not-applied
20150125_045,2015-01-25,45,energy-management,written,1,,insulation-materials,보온·단열재,split-candidate,boiler-piping-insulation,insulation-materials,proposal-not-created,pending-owner-activation,신규 slug Owner 승인 필요,automatic,high,proposal-only-not-applied
20150125_046,2015-01-25,46,energy-management,written,1,,heating-systems,증기·온수·복사난방,split-candidate,boiler-piping-insulation,heating-systems,proposal-not-created,pending-owner-activation,신규 slug Owner 승인 필요,automatic,high,proposal-only-not-applied
20150125_047,2015-01-25,47,energy-management,written,1,,energy-laws-inspection,에너지 관계법규·검사,existing-slug,energy-laws-and-inspection,energy-laws-and-inspection,existing,pending-owner-activation,frontmatter 관계 활성화 승인 필요,automatic,high,proposal-only-not-applied
20150125_048,2015-01-25,48,energy-management,written,1,jpg 확필,operation-maintenance-preservation,기동·운전·정지·보존,existing-slug,boiler-operation-maintenance,boiler-operation-maintenance,existing,exclude,그림 문항 공개 검토 유지,pdf-reviewed,high,proposal-only-not-applied
20150125_049,2015-01-25,49,energy-management,written,1,,automatic-control-interlocks,자동제어·인터록,existing-slug,boiler-control-systems,boiler-control-systems,existing,pending-owner-activation,frontmatter 관계 활성화 승인 필요,automatic,high,proposal-only-not-applied
20150125_050,2015-01-25,50,energy-management,written,1,,operation-maintenance-preservation,기동·운전·정지·보존,existing-slug,boiler-operation-maintenance,boiler-operation-maintenance,existing,pending-owner-activation,frontmatter 관계 활성화 승인 필요,pdf-reviewed,low,proposal-only-not-applied
20150125_051,2015-01-25,51,energy-management,written,1,,boiler-types-construction,보일러 형식·구조·재료,split-candidate,boiler-operation-basics,boiler-types-construction,proposal-not-created,pending-owner-activation,신규 slug Owner 승인 필요,automatic,high,proposal-only-not-applied
20150125_052,2015-01-25,52,energy-management,written,1,,water-treatment-corrosion,수질관리·스케일·부식,existing-slug,boiler-water-treatment,boiler-water-treatment,existing,pending-owner-activation,frontmatter 관계 활성화 승인 필요,automatic,high,proposal-only-not-applied
20150125_053,2015-01-25,53,energy-management,written,1,,failures-accidents-safety,고장·사고·작업안전,existing-slug,boiler-work-safety,boiler-work-safety,existing,pending-owner-activation,frontmatter 관계 활성화 승인 필요,automatic,medium,proposal-only-not-applied
20150125_054,2015-01-25,54,energy-management,written,1,,piping-fittings-valves,배관·이음쇠·밸브,existing-slug,boiler-piping-insulation,boiler-piping-insulation,existing,pending-owner-activation,frontmatter 관계 활성화 승인 필요,automatic,high,proposal-only-not-applied
20150125_055,2015-01-25,55,energy-management,written,1,,energy-laws-inspection,에너지 관계법규·검사,existing-slug,energy-laws-and-inspection,energy-laws-and-inspection,existing,pending-owner-activation,frontmatter 관계 활성화 승인 필요,automatic,high,proposal-only-not-applied
20150125_056,2015-01-25,56,energy-management,written,1,,energy-laws-inspection,에너지 관계법규·검사,existing-slug,energy-laws-and-inspection,energy-laws-and-inspection,existing,pending-owner-activation,frontmatter 관계 활성화 승인 필요,automatic,medium,proposal-only-not-applied
20150125_057,2015-01-25,57,energy-management,written,1,,energy-laws-inspection,에너지 관계법규·검사,existing-slug,energy-laws-and-inspection,energy-laws-and-inspection,existing,pending-owner-activation,frontmatter 관계 활성화 승인 필요,automatic,high,proposal-only-not-applied
20150125_058,2015-01-25,58,energy-management,written,1,,energy-laws-inspection,에너지 관계법규·검사,existing-slug,energy-laws-and-inspection,energy-laws-and-inspection,existing,pending-owner-activation,frontmatter 관계 활성화 승인 필요,automatic,high,proposal-only-not-applied
20150125_059,2015-01-25,59,energy-management,written,1,,energy-laws-inspection,에너지 관계법규·검사,existing-slug,energy-laws-and-inspection,energy-laws-and-inspection,existing,pending-owner-activation,frontmatter 관계 활성화 승인 필요,automatic,high,proposal-only-not-applied
20150125_060,2015-01-25,60,energy-management,written,1,,energy-laws-inspection,에너지 관계법규·검사,existing-slug,energy-laws-and-inspection,energy-laws-and-inspection,existing,pending-owner-activation,frontmatter 관계 활성화 승인 필요,automatic,high,proposal-only-not-applied
20150404_001,2015-04-04,1,energy-management,written,1,,boiler-types-construction,보일러 형식·구조·재료,split-candidate,boiler-operation-basics,boiler-types-construction,proposal-not-created,pending-owner-activation,신규 slug Owner 승인 필요,automatic,high,proposal-only-not-applied
20150404_002,2015-04-04,2,energy-management,written,1,,safety-devices,안전장치·연소안전,existing-slug,boiler-protection-devices,boiler-protection-devices,existing,pending-owner-activation,frontmatter 관계 활성화 승인 필요,automatic,high,proposal-only-not-applied
20150404_003,2015-04-04,3,energy-management,written,1,,draft-flue-gas,통풍·연도·굴뚝,split-candidate,boiler-installation-combustion,draft-flue-gas,proposal-not-created,pending-owner-activation,신규 slug Owner 승인 필요,automatic,medium,proposal-only-not-applied
20150404_004,2015-04-04,4,energy-management,written,1,jpg 확필,draft-flue-gas,통풍·연도·굴뚝,split-candidate,boiler-installation-combustion,draft-flue-gas,proposal-not-created,exclude,그림 문항 공개 검토 유지 | 신규 slug Owner 승인 필요,pdf-reviewed,high,proposal-only-not-applied
20150404_005,2015-04-04,5,energy-management,written,1,,auxiliary-feedwater-equipment,급수·부대설비,existing-slug,boiler-auxiliary-equipment,boiler-auxiliary-equipment,existing,pending-owner-activation,frontmatter 관계 활성화 승인 필요,automatic,high,proposal-only-not-applied
20150404_006,2015-04-04,6,energy-management,written,1,,boiler-types-construction,보일러 형식·구조·재료,split-candidate,boiler-operation-basics,boiler-types-construction,proposal-not-created,pending-owner-activation,신규 slug Owner 승인 필요,automatic,high,proposal-only-not-applied
20150404_007,2015-04-04,7,energy-management,written,1,,combustion-air-calculation,연소·공기비·배기가스 계산,existing-slug,boiler-installation-combustion,boiler-installation-combustion,existing,pending-owner-activation,frontmatter 관계 활성화 승인 필요,automatic,high,proposal-only-not-applied
20150404_008,2015-04-04,8,energy-management,written,1,,efficiency-output-heat-balance,효율·증발량·열정산,existing-slug,boiler-efficiency-heat-balance,boiler-efficiency-heat-balance,existing,pending-owner-activation,frontmatter 관계 활성화 승인 필요,automatic,high,proposal-only-not-applied
20150404_009,2015-04-04,9,energy-management,written,1,,heat-steam-thermodynamics,열·증기·열역학 기초,existing-slug,boiler-operation-basics,boiler-operation-basics,existing,pending-owner-activation,frontmatter 관계 활성화 승인 필요,automatic,medium,proposal-only-not-applied
20150404_010,2015-04-04,10,energy-management,written,1,,auxiliary-feedwater-equipment,급수·부대설비,existing-slug,boiler-auxiliary-equipment,boiler-auxiliary-equipment,existing,pending-owner-activation,frontmatter 관계 활성화 승인 필요,automatic,high,proposal-only-not-applied
20150404_011,2015-04-04,11,energy-management,written,1,,automatic-control-interlocks,자동제어·인터록,existing-slug,boiler-control-systems,boiler-control-systems,existing,pending-owner-activation,frontmatter 관계 활성화 승인 필요,automatic,high,proposal-only-not-applied
20150404_012,2015-04-04,12,energy-management,written,1,,piping-fittings-valves,배관·이음쇠·밸브,existing-slug,boiler-piping-insulation,boiler-piping-insulation,existing,pending-owner-activation,frontmatter 관계 활성화 승인 필요,automatic,medium,proposal-only-not-applied
20150404_013,2015-04-04,13,energy-management,written,1,,heat-steam-thermodynamics,열·증기·열역학 기초,existing-slug,boiler-operation-basics,boiler-operation-basics,existing,pending-owner-activation,frontmatter 관계 활성화 승인 필요,automatic,high,proposal-only-not-applied
20150404_014,2015-04-04,14,energy-management,written,1,,instruments-accessories,계측·부속장치,existing-slug,boiler-accessory-equipment,boiler-accessory-equipment,existing,pending-owner-activation,frontmatter 관계 활성화 승인 필요,automatic,high,proposal-only-not-applied
20150404_015,2015-04-04,15,energy-management,written,1,,instruments-accessories,계측·부속장치,existing-slug,boiler-accessory-equipment,boiler-accessory-equipment,existing,pending-owner-activation,frontmatter 관계 활성화 승인 필요,automatic,medium,proposal-only-not-applied
20150404_016,2015-04-04,16,energy-management,written,1,,auxiliary-feedwater-equipment,급수·부대설비,existing-slug,boiler-auxiliary-equipment,boiler-auxiliary-equipment,existing,pending-owner-activation,frontmatter 관계 활성화 승인 필요,automatic,high,proposal-only-not-applied
20150404_017,2015-04-04,17,energy-management,written,1,,efficiency-output-heat-balance,효율·증발량·열정산,existing-slug,boiler-efficiency-heat-balance,boiler-efficiency-heat-balance,existing,pending-owner-activation,frontmatter 관계 활성화 승인 필요,automatic,high,proposal-only-not-applied
20150404_018,2015-04-04,18,energy-management,written,1,,environmental-pollution-control,집진·환경설비,split-candidate,boiler-accessory-equipment,environmental-pollution-control,proposal-not-created,pending-owner-activation,신규 slug Owner 승인 필요,automatic,high,proposal-only-not-applied
20150404_019,2015-04-04,19,energy-management,written,1,,efficiency-output-heat-balance,효율·증발량·열정산,existing-slug,boiler-efficiency-heat-balance,boiler-efficiency-heat-balance,existing,pending-owner-activation,frontmatter 관계 활성화 승인 필요,automatic,high,proposal-only-not-applied
20150404_020,2015-04-04,20,energy-management,written,1,,combustion-air-calculation,연소·공기비·배기가스 계산,existing-slug,boiler-installation-combustion,boiler-installation-combustion,existing,pending-owner-activation,frontmatter 관계 활성화 승인 필요,automatic,medium,proposal-only-not-applied
20150404_021,2015-04-04,21,energy-management,written,1,,burners-furnaces-atomization,버너·화격자·연소장치,split-candidate,boiler-installation-combustion,burners-furnaces-atomization,proposal-not-created,pending-owner-activation,신규 slug Owner 승인 필요,automatic,high,proposal-only-not-applied
20150404_022,2015-04-04,22,energy-management,written,1,,boiler-types-construction,보일러 형식·구조·재료,split-candidate,boiler-operation-basics,boiler-types-construction,proposal-not-created,pending-owner-activation,신규 slug Owner 승인 필요,automatic,high,proposal-only-not-applied
20150404_023,2015-04-04,23,energy-management,written,1,,heat-steam-thermodynamics,열·증기·열역학 기초,existing-slug,boiler-operation-basics,boiler-operation-basics,existing,pending-owner-activation,frontmatter 관계 활성화 승인 필요,automatic,high,proposal-only-not-applied
20150404_024,2015-04-04,24,energy-management,written,1,,heating-systems,증기·온수·복사난방,split-candidate,boiler-piping-insulation,heating-systems,proposal-not-created,pending-owner-activation,신규 slug Owner 승인 필요,automatic,high,proposal-only-not-applied
20150404_025,2015-04-04,25,energy-management,written,1,,draft-flue-gas,통풍·연도·굴뚝,split-candidate,boiler-installation-combustion,draft-flue-gas,proposal-not-created,pending-owner-activation,신규 slug Owner 승인 필요,automatic,high,proposal-only-not-applied
20150404_026,2015-04-04,26,energy-management,written,1,,combustion-air-calculation,연소·공기비·배기가스 계산,existing-slug,boiler-installation-combustion,boiler-installation-combustion,existing,pending-owner-activation,frontmatter 관계 활성화 승인 필요,automatic,high,proposal-only-not-applied
20150404_027,2015-04-04,27,energy-management,written,1,jpg 확필,auxiliary-feedwater-equipment,급수·부대설비,existing-slug,boiler-auxiliary-equipment,boiler-auxiliary-equipment,existing,exclude,그림 문항 공개 검토 유지,pdf-reviewed,high,proposal-only-not-applied
20150404_028,2015-04-04,28,energy-management,written,1,,auxiliary-feedwater-equipment,급수·부대설비,existing-slug,boiler-auxiliary-equipment,boiler-auxiliary-equipment,existing,pending-owner-activation,frontmatter 관계 활성화 승인 필요,pdf-reviewed,low,proposal-only-not-applied
20150404_029,2015-04-04,29,energy-management,written,1,,heat-steam-thermodynamics,열·증기·열역학 기초,existing-slug,boiler-operation-basics,boiler-operation-basics,existing,pending-owner-activation,frontmatter 관계 활성화 승인 필요,automatic,high,proposal-only-not-applied
20150404_030,2015-04-04,30,energy-management,written,1,,heat-steam-thermodynamics,열·증기·열역학 기초,existing-slug,boiler-operation-basics,boiler-operation-basics,existing,pending-owner-activation,frontmatter 관계 활성화 승인 필요,automatic,medium,proposal-only-not-applied
20150404_031,2015-04-04,31,energy-management,written,1,,piping-fittings-valves,배관·이음쇠·밸브,existing-slug,boiler-piping-insulation,boiler-piping-insulation,existing,pending-owner-activation,frontmatter 관계 활성화 승인 필요,automatic,high,proposal-only-not-applied
20150404_032,2015-04-04,32,energy-management,written,1,,burners-furnaces-atomization,버너·화격자·연소장치,split-candidate,boiler-installation-combustion,burners-furnaces-atomization,proposal-not-created,pending-owner-activation,신규 slug Owner 승인 필요,automatic,high,proposal-only-not-applied
20150404_033,2015-04-04,33,energy-management,written,1,,heating-load-radiators,난방부하·방열기 계산,split-candidate,boiler-installation-combustion,heating-load-radiators,proposal-not-created,pending-owner-activation,신규 slug Owner 승인 필요,automatic,high,proposal-only-not-applied
20150404_034,2015-04-04,34,energy-management,written,1,,failures-accidents-safety,고장·사고·작업안전,existing-slug,boiler-work-safety,boiler-work-safety,existing,pending-owner-activation,frontmatter 관계 활성화 승인 필요,automatic,high,proposal-only-not-applied
20150404_035,2015-04-04,35,energy-management,written,1,,boiler-types-construction,보일러 형식·구조·재료,split-candidate,boiler-operation-basics,boiler-types-construction,proposal-not-created,pending-owner-activation,신규 slug Owner 승인 필요,automatic,high,proposal-only-not-applied
20150404_036,2015-04-04,36,energy-management,written,1,,heating-systems,증기·온수·복사난방,split-candidate,boiler-piping-insulation,heating-systems,proposal-not-created,pending-owner-activation,신규 slug Owner 승인 필요,automatic,high,proposal-only-not-applied
20150404_037,2015-04-04,37,energy-management,written,1,,heating-systems,증기·온수·복사난방,split-candidate,boiler-piping-insulation,heating-systems,proposal-not-created,pending-owner-activation,신규 slug Owner 승인 필요,automatic,high,proposal-only-not-applied
20150404_038,2015-04-04,38,energy-management,written,1,,piping-fittings-valves,배관·이음쇠·밸브,existing-slug,boiler-piping-insulation,boiler-piping-insulation,existing,pending-owner-activation,frontmatter 관계 활성화 승인 필요,automatic,high,proposal-only-not-applied
20150404_039,2015-04-04,39,energy-management,written,1,,water-treatment-corrosion,수질관리·스케일·부식,existing-slug,boiler-water-treatment,boiler-water-treatment,existing,pending-owner-activation,frontmatter 관계 활성화 승인 필요,automatic,high,proposal-only-not-applied
20150404_040,2015-04-04,40,energy-management,written,1,,instruments-accessories,계측·부속장치,existing-slug,boiler-accessory-equipment,boiler-accessory-equipment,existing,pending-owner-activation,frontmatter 관계 활성화 승인 필요,automatic,high,proposal-only-not-applied
20150404_041,2015-04-04,41,energy-management,written,1,,safety-devices,안전장치·연소안전,existing-slug,boiler-protection-devices,boiler-protection-devices,existing,pending-owner-activation,frontmatter 관계 활성화 승인 필요,automatic,medium,proposal-only-not-applied
20150404_042,2015-04-04,42,energy-management,written,1,,water-treatment-corrosion,수질관리·스케일·부식,existing-slug,boiler-water-treatment,boiler-water-treatment,existing,pending-owner-activation,frontmatter 관계 활성화 승인 필요,automatic,high,proposal-only-not-applied
20150404_043,2015-04-04,43,energy-management,written,1,,boiler-types-construction,보일러 형식·구조·재료,split-candidate,boiler-operation-basics,boiler-types-construction,proposal-not-created,pending-owner-activation,신규 slug Owner 승인 필요,automatic,high,proposal-only-not-applied
20150404_044,2015-04-04,44,energy-management,written,1,,water-treatment-corrosion,수질관리·스케일·부식,existing-slug,boiler-water-treatment,boiler-water-treatment,existing,pending-owner-activation,frontmatter 관계 활성화 승인 필요,automatic,medium,proposal-only-not-applied
20150404_045,2015-04-04,45,energy-management,written,1,,piping-fittings-valves,배관·이음쇠·밸브,existing-slug,boiler-piping-insulation,boiler-piping-insulation,existing,pending-owner-activation,frontmatter 관계 활성화 승인 필요,automatic,medium,proposal-only-not-applied
20150404_046,2015-04-04,46,energy-management,written,1,,auxiliary-feedwater-equipment,급수·부대설비,existing-slug,boiler-auxiliary-equipment,boiler-auxiliary-equipment,existing,pending-owner-activation,frontmatter 관계 활성화 승인 필요,automatic,high,proposal-only-not-applied
20150404_047,2015-04-04,47,energy-management,written,1,,water-treatment-corrosion,수질관리·스케일·부식,existing-slug,boiler-water-treatment,boiler-water-treatment,existing,pending-owner-activation,frontmatter 관계 활성화 승인 필요,automatic,high,proposal-only-not-applied
20150404_048,2015-04-04,48,energy-management,written,1,,heating-systems,증기·온수·복사난방,split-candidate,boiler-piping-insulation,heating-systems,proposal-not-created,pending-owner-activation,신규 slug Owner 승인 필요,automatic,high,proposal-only-not-applied
20150404_049,2015-04-04,49,energy-management,written,1,,boiler-types-construction,보일러 형식·구조·재료,split-candidate,boiler-operation-basics,boiler-types-construction,proposal-not-created,pending-owner-activation,신규 slug Owner 승인 필요,automatic,high,proposal-only-not-applied
20150404_050,2015-04-04,50,energy-management,written,1,,operation-maintenance-preservation,기동·운전·정지·보존,existing-slug,boiler-operation-maintenance,boiler-operation-maintenance,existing,pending-owner-activation,frontmatter 관계 활성화 승인 필요,automatic,high,proposal-only-not-applied
20150404_051,2015-04-04,51,energy-management,written,1,,water-treatment-corrosion,수질관리·스케일·부식,existing-slug,boiler-water-treatment,boiler-water-treatment,existing,pending-owner-activation,frontmatter 관계 활성화 승인 필요,automatic,high,proposal-only-not-applied
20150404_052,2015-04-04,52,energy-management,written,1,,heating-systems,증기·온수·복사난방,split-candidate,boiler-piping-insulation,heating-systems,proposal-not-created,pending-owner-activation,신규 slug Owner 승인 필요,automatic,high,proposal-only-not-applied
20150404_053,2015-04-04,53,energy-management,written,1,,insulation-materials,보온·단열재,split-candidate,boiler-piping-insulation,insulation-materials,proposal-not-created,pending-owner-activation,신규 slug Owner 승인 필요,automatic,high,proposal-only-not-applied
20150404_054,2015-04-04,54,energy-management,written,1,,insulation-materials,보온·단열재,split-candidate,boiler-piping-insulation,insulation-materials,proposal-not-created,pending-owner-activation,신규 slug Owner 승인 필요,automatic,high,proposal-only-not-applied
20150404_055,2015-04-04,55,energy-management,written,1,,energy-laws-inspection,에너지 관계법규·검사,existing-slug,energy-laws-and-inspection,energy-laws-and-inspection,existing,pending-owner-activation,frontmatter 관계 활성화 승인 필요,automatic,high,proposal-only-not-applied
20150404_056,2015-04-04,56,energy-management,written,1,,energy-laws-inspection,에너지 관계법규·검사,existing-slug,energy-laws-and-inspection,energy-laws-and-inspection,existing,pending-owner-activation,frontmatter 관계 활성화 승인 필요,automatic,high,proposal-only-not-applied
20150404_057,2015-04-04,57,energy-management,written,1,,energy-laws-inspection,에너지 관계법규·검사,existing-slug,energy-laws-and-inspection,energy-laws-and-inspection,existing,pending-owner-activation,frontmatter 관계 활성화 승인 필요,automatic,high,proposal-only-not-applied
20150404_058,2015-04-04,58,energy-management,written,1,,energy-laws-inspection,에너지 관계법규·검사,existing-slug,energy-laws-and-inspection,energy-laws-and-inspection,existing,pending-owner-activation,frontmatter 관계 활성화 승인 필요,automatic,high,proposal-only-not-applied
20150404_059,2015-04-04,59,energy-management,written,1,,energy-laws-inspection,에너지 관계법규·검사,existing-slug,energy-laws-and-inspection,energy-laws-and-inspection,existing,pending-owner-activation,frontmatter 관계 활성화 승인 필요,automatic,high,proposal-only-not-applied
20150404_060,2015-04-04,60,energy-management,written,1,,energy-laws-inspection,에너지 관계법규·검사,existing-slug,energy-laws-and-inspection,energy-laws-and-inspection,existing,pending-owner-activation,frontmatter 관계 활성화 승인 필요,automatic,high,proposal-only-not-applied
20150719_001,2015-07-19,1,energy-management,written,1,,auxiliary-feedwater-equipment,급수·부대설비,existing-slug,boiler-auxiliary-equipment,boiler-auxiliary-equipment,existing,pending-owner-activation,frontmatter 관계 활성화 승인 필요,automatic,high,proposal-only-not-applied
20150719_002,2015-07-19,2,energy-management,written,1,,automatic-control-interlocks,자동제어·인터록,existing-slug,boiler-control-systems,boiler-control-systems,existing,pending-owner-activation,frontmatter 관계 활성화 승인 필요,automatic,high,proposal-only-not-applied
20150719_003,2015-07-19,3,energy-management,written,1,,instruments-accessories,계측·부속장치,existing-slug,boiler-accessory-equipment,boiler-accessory-equipment,existing,pending-owner-activation,frontmatter 관계 활성화 승인 필요,automatic,high,proposal-only-not-applied
20150719_004,2015-07-19,4,energy-management,written,1,,auxiliary-feedwater-equipment,급수·부대설비,existing-slug,boiler-auxiliary-equipment,boiler-auxiliary-equipment,existing,pending-owner-activation,frontmatter 관계 활성화 승인 필요,automatic,high,proposal-only-not-applied
20150719_005,2015-07-19,5,energy-management,written,1,,fuel-properties,연료 특성·발열량,split-candidate,boiler-installation-combustion,fuel-properties,proposal-not-created,pending-owner-activation,신규 slug Owner 승인 필요,automatic,high,proposal-only-not-applied
20150719_006,2015-07-19,6,energy-management,written,1,,fuel-properties,연료 특성·발열량,split-candidate,boiler-installation-combustion,fuel-properties,proposal-not-created,pending-owner-activation,신규 slug Owner 승인 필요,automatic,high,proposal-only-not-applied
20150719_007,2015-07-19,7,energy-management,written,1,,instruments-accessories,계측·부속장치,existing-slug,boiler-accessory-equipment,boiler-accessory-equipment,existing,pending-owner-activation,frontmatter 관계 활성화 승인 필요,automatic,high,proposal-only-not-applied
20150719_008,2015-07-19,8,energy-management,written,1,,environmental-pollution-control,집진·환경설비,split-candidate,boiler-accessory-equipment,environmental-pollution-control,proposal-not-created,pending-owner-activation,신규 slug Owner 승인 필요,automatic,high,proposal-only-not-applied
20150719_009,2015-07-19,9,energy-management,written,1,,boiler-types-construction,보일러 형식·구조·재료,split-candidate,boiler-operation-basics,boiler-types-construction,proposal-not-created,pending-owner-activation,신규 slug Owner 승인 필요,automatic,high,proposal-only-not-applied
20150719_010,2015-07-19,10,energy-management,written,1,,auxiliary-feedwater-equipment,급수·부대설비,existing-slug,boiler-auxiliary-equipment,boiler-auxiliary-equipment,existing,pending-owner-activation,frontmatter 관계 활성화 승인 필요,automatic,high,proposal-only-not-applied
20150719_011,2015-07-19,11,energy-management,written,1,,instruments-accessories,계측·부속장치,existing-slug,boiler-accessory-equipment,boiler-accessory-equipment,existing,pending-owner-activation,frontmatter 관계 활성화 승인 필요,automatic,high,proposal-only-not-applied
20150719_012,2015-07-19,12,energy-management,written,1,,boiler-types-construction,보일러 형식·구조·재료,split-candidate,boiler-operation-basics,boiler-types-construction,proposal-not-created,pending-owner-activation,신규 slug Owner 승인 필요,pdf-reviewed,low,proposal-only-not-applied
20150719_013,2015-07-19,13,energy-management,written,1,,draft-flue-gas,통풍·연도·굴뚝,split-candidate,boiler-installation-combustion,draft-flue-gas,proposal-not-created,pending-owner-activation,신규 slug Owner 승인 필요,automatic,high,proposal-only-not-applied
20150719_014,2015-07-19,14,energy-management,written,1,,draft-flue-gas,통풍·연도·굴뚝,split-candidate,boiler-installation-combustion,draft-flue-gas,proposal-not-created,pending-owner-activation,신규 slug Owner 승인 필요,automatic,high,proposal-only-not-applied
20150719_015,2015-07-19,15,energy-management,written,1,,combustion-air-calculation,연소·공기비·배기가스 계산,existing-slug,boiler-installation-combustion,boiler-installation-combustion,existing,pending-owner-activation,frontmatter 관계 활성화 승인 필요,automatic,high,proposal-only-not-applied
20150719_016,2015-07-19,16,energy-management,written,1,,burners-furnaces-atomization,버너·화격자·연소장치,split-candidate,boiler-installation-combustion,burners-furnaces-atomization,proposal-not-created,pending-owner-activation,신규 slug Owner 승인 필요,automatic,high,proposal-only-not-applied
20150719_017,2015-07-19,17,energy-management,written,1,,automatic-control-interlocks,자동제어·인터록,existing-slug,boiler-control-systems,boiler-control-systems,existing,pending-owner-activation,frontmatter 관계 활성화 승인 필요,automatic,high,proposal-only-not-applied
20150719_018,2015-07-19,18,energy-management,written,1,,automatic-control-interlocks,자동제어·인터록,existing-slug,boiler-control-systems,boiler-control-systems,existing,pending-owner-activation,frontmatter 관계 활성화 승인 필요,automatic,medium,proposal-only-not-applied
20150719_019,2015-07-19,19,energy-management,written,1,,safety-devices,안전장치·연소안전,existing-slug,boiler-protection-devices,boiler-protection-devices,existing,pending-owner-activation,frontmatter 관계 활성화 승인 필요,automatic,high,proposal-only-not-applied
20150719_020,2015-07-19,20,energy-management,written,1,,boiler-types-construction,보일러 형식·구조·재료,split-candidate,boiler-operation-basics,boiler-types-construction,proposal-not-created,pending-owner-activation,신규 slug Owner 승인 필요,automatic,medium,proposal-only-not-applied
20150719_021,2015-07-19,21,energy-management,written,1,,heat-steam-thermodynamics,열·증기·열역학 기초,existing-slug,boiler-operation-basics,boiler-operation-basics,existing,pending-owner-activation,frontmatter 관계 활성화 승인 필요,automatic,medium,proposal-only-not-applied
20150719_022,2015-07-19,22,energy-management,written,1,,combustion-air-calculation,연소·공기비·배기가스 계산,existing-slug,boiler-installation-combustion,boiler-installation-combustion,existing,pending-owner-activation,frontmatter 관계 활성화 승인 필요,automatic,high,proposal-only-not-applied
20150719_023,2015-07-19,23,energy-management,written,1,,boiler-types-construction,보일러 형식·구조·재료,split-candidate,boiler-operation-basics,boiler-types-construction,proposal-not-created,pending-owner-activation,신규 slug Owner 승인 필요,automatic,high,proposal-only-not-applied
20150719_024,2015-07-19,24,energy-management,written,1,,auxiliary-feedwater-equipment,급수·부대설비,existing-slug,boiler-auxiliary-equipment,boiler-auxiliary-equipment,existing,pending-owner-activation,frontmatter 관계 활성화 승인 필요,automatic,high,proposal-only-not-applied
20150719_025,2015-07-19,25,energy-management,written,1,,instruments-accessories,계측·부속장치,existing-slug,boiler-accessory-equipment,boiler-accessory-equipment,existing,pending-owner-activation,frontmatter 관계 활성화 승인 필요,automatic,high,proposal-only-not-applied
20150719_026,2015-07-19,26,energy-management,written,1,,draft-flue-gas,통풍·연도·굴뚝,split-candidate,boiler-installation-combustion,draft-flue-gas,proposal-not-created,pending-owner-activation,신규 slug Owner 승인 필요,automatic,high,proposal-only-not-applied
20150719_027,2015-07-19,27,energy-management,written,1,,fuel-properties,연료 특성·발열량,split-candidate,boiler-installation-combustion,fuel-properties,proposal-not-created,pending-owner-activation,신규 slug Owner 승인 필요,automatic,high,proposal-only-not-applied
20150719_028,2015-07-19,28,energy-management,written,1,,fuel-properties,연료 특성·발열량,split-candidate,boiler-installation-combustion,fuel-properties,proposal-not-created,pending-owner-activation,신규 slug Owner 승인 필요,automatic,high,proposal-only-not-applied
20150719_029,2015-07-19,29,energy-management,written,1,,burners-furnaces-atomization,버너·화격자·연소장치,split-candidate,boiler-installation-combustion,burners-furnaces-atomization,proposal-not-created,pending-owner-activation,신규 slug Owner 승인 필요,automatic,high,proposal-only-not-applied
20150719_030,2015-07-19,30,energy-management,written,1,,heating-systems,증기·온수·복사난방,split-candidate,boiler-piping-insulation,heating-systems,proposal-not-created,pending-owner-activation,신규 slug Owner 승인 필요,automatic,high,proposal-only-not-applied
20150719_031,2015-07-19,31,energy-management,written,1,,piping-fittings-valves,배관·이음쇠·밸브,existing-slug,boiler-piping-insulation,boiler-piping-insulation,existing,pending-owner-activation,frontmatter 관계 활성화 승인 필요,automatic,high,proposal-only-not-applied
20150719_032,2015-07-19,32,energy-management,written,1,,heating-systems,증기·온수·복사난방,split-candidate,boiler-piping-insulation,heating-systems,proposal-not-created,pending-owner-activation,신규 slug Owner 승인 필요,automatic,high,proposal-only-not-applied
20150719_033,2015-07-19,33,energy-management,written,1,,heating-systems,증기·온수·복사난방,split-candidate,boiler-piping-insulation,heating-systems,proposal-not-created,pending-owner-activation,신규 slug Owner 승인 필요,automatic,high,proposal-only-not-applied
20150719_034,2015-07-19,34,energy-management,written,1,,heating-load-radiators,난방부하·방열기 계산,split-candidate,boiler-installation-combustion,heating-load-radiators,proposal-not-created,pending-owner-activation,신규 slug Owner 승인 필요,automatic,high,proposal-only-not-applied
20150719_035,2015-07-19,35,energy-management,written,1,,failures-accidents-safety,고장·사고·작업안전,existing-slug,boiler-work-safety,boiler-work-safety,existing,pending-owner-activation,frontmatter 관계 활성화 승인 필요,automatic,high,proposal-only-not-applied
20150719_036,2015-07-19,36,energy-management,written,1,,instruments-accessories,계측·부속장치,existing-slug,boiler-accessory-equipment,boiler-accessory-equipment,existing,pending-owner-activation,frontmatter 관계 활성화 승인 필요,automatic,high,proposal-only-not-applied
20150719_037,2015-07-19,37,energy-management,written,1,,operation-maintenance-preservation,기동·운전·정지·보존,existing-slug,boiler-operation-maintenance,boiler-operation-maintenance,existing,pending-owner-activation,frontmatter 관계 활성화 승인 필요,automatic,high,proposal-only-not-applied
20150719_038,2015-07-19,38,energy-management,written,1,,insulation-materials,보온·단열재,split-candidate,boiler-piping-insulation,insulation-materials,proposal-not-created,pending-owner-activation,신규 slug Owner 승인 필요,automatic,high,proposal-only-not-applied
20150719_039,2015-07-19,39,energy-management,written,1,,insulation-materials,보온·단열재,split-candidate,boiler-piping-insulation,insulation-materials,proposal-not-created,pending-owner-activation,신규 slug Owner 승인 필요,automatic,high,proposal-only-not-applied
20150719_040,2015-07-19,40,energy-management,written,1,,heating-systems,증기·온수·복사난방,split-candidate,boiler-piping-insulation,heating-systems,proposal-not-created,pending-owner-activation,신규 slug Owner 승인 필요,pdf-reviewed,low,proposal-only-not-applied
20150719_041,2015-07-19,41,energy-management,written,1,,environmental-pollution-control,집진·환경설비,split-candidate,boiler-accessory-equipment,environmental-pollution-control,proposal-not-created,pending-owner-activation,신규 slug Owner 승인 필요,automatic,high,proposal-only-not-applied
20150719_042,2015-07-19,42,energy-management,written,1,,water-treatment-corrosion,수질관리·스케일·부식,existing-slug,boiler-water-treatment,boiler-water-treatment,existing,pending-owner-activation,frontmatter 관계 활성화 승인 필요,automatic,medium,proposal-only-not-applied
20150719_043,2015-07-19,43,energy-management,written,1,,safety-devices,안전장치·연소안전,existing-slug,boiler-protection-devices,boiler-protection-devices,existing,pending-owner-activation,frontmatter 관계 활성화 승인 필요,automatic,high,proposal-only-not-applied
20150719_044,2015-07-19,44,energy-management,written,1,,water-treatment-corrosion,수질관리·스케일·부식,existing-slug,boiler-water-treatment,boiler-water-treatment,existing,pending-owner-activation,frontmatter 관계 활성화 승인 필요,automatic,high,proposal-only-not-applied
20150719_045,2015-07-19,45,energy-management,written,1,,heating-systems,증기·온수·복사난방,split-candidate,boiler-piping-insulation,heating-systems,proposal-not-created,pending-owner-activation,신규 slug Owner 승인 필요,automatic,high,proposal-only-not-applied
20150719_046,2015-07-19,46,energy-management,written,1,,heating-load-radiators,난방부하·방열기 계산,split-candidate,boiler-installation-combustion,heating-load-radiators,proposal-not-created,pending-owner-activation,신규 slug Owner 승인 필요,automatic,high,proposal-only-not-applied
20150719_047,2015-07-19,47,energy-management,written,1,,piping-fittings-valves,배관·이음쇠·밸브,existing-slug,boiler-piping-insulation,boiler-piping-insulation,existing,pending-owner-activation,frontmatter 관계 활성화 승인 필요,automatic,high,proposal-only-not-applied
20150719_048,2015-07-19,48,energy-management,written,1,,heating-systems,증기·온수·복사난방,split-candidate,boiler-piping-insulation,heating-systems,proposal-not-created,pending-owner-activation,신규 slug Owner 승인 필요,automatic,medium,proposal-only-not-applied
20150719_049,2015-07-19,49,energy-management,written,1,,heating-systems,증기·온수·복사난방,split-candidate,boiler-piping-insulation,heating-systems,proposal-not-created,pending-owner-activation,신규 slug Owner 승인 필요,automatic,high,proposal-only-not-applied
20150719_050,2015-07-19,50,energy-management,written,1,,piping-fittings-valves,배관·이음쇠·밸브,existing-slug,boiler-piping-insulation,boiler-piping-insulation,existing,pending-owner-activation,frontmatter 관계 활성화 승인 필요,automatic,high,proposal-only-not-applied
20150719_051,2015-07-19,51,energy-management,written,1,,heating-systems,증기·온수·복사난방,split-candidate,boiler-piping-insulation,heating-systems,proposal-not-created,pending-owner-activation,신규 slug Owner 승인 필요,automatic,high,proposal-only-not-applied
20150719_052,2015-07-19,52,energy-management,written,1,,draft-flue-gas,통풍·연도·굴뚝,split-candidate,boiler-installation-combustion,draft-flue-gas,proposal-not-created,pending-owner-activation,신규 slug Owner 승인 필요,automatic,high,proposal-only-not-applied
20150719_053,2015-07-19,53,energy-management,written,1,,steam-traps-condensate,증기트랩·응축수 환수,split-candidate,boiler-piping-insulation,steam-traps-condensate,proposal-not-created,pending-owner-activation,신규 slug Owner 승인 필요,automatic,medium,proposal-only-not-applied
20150719_054,2015-07-19,54,energy-management,written,1,,insulation-materials,보온·단열재,split-candidate,boiler-piping-insulation,insulation-materials,proposal-not-created,pending-owner-activation,신규 slug Owner 승인 필요,automatic,high,proposal-only-not-applied
20150719_055,2015-07-19,55,energy-management,written,1,,energy-laws-inspection,에너지 관계법규·검사,existing-slug,energy-laws-and-inspection,energy-laws-and-inspection,existing,pending-owner-activation,frontmatter 관계 활성화 승인 필요,automatic,high,proposal-only-not-applied
20150719_056,2015-07-19,56,energy-management,written,1,,energy-laws-inspection,에너지 관계법규·검사,existing-slug,energy-laws-and-inspection,energy-laws-and-inspection,existing,pending-owner-activation,frontmatter 관계 활성화 승인 필요,automatic,high,proposal-only-not-applied
20150719_057,2015-07-19,57,energy-management,written,1,,energy-laws-inspection,에너지 관계법규·검사,existing-slug,energy-laws-and-inspection,energy-laws-and-inspection,existing,pending-owner-activation,frontmatter 관계 활성화 승인 필요,automatic,high,proposal-only-not-applied
20150719_058,2015-07-19,58,energy-management,written,1,,energy-laws-inspection,에너지 관계법규·검사,existing-slug,energy-laws-and-inspection,energy-laws-and-inspection,existing,pending-owner-activation,frontmatter 관계 활성화 승인 필요,automatic,high,proposal-only-not-applied
20150719_059,2015-07-19,59,energy-management,written,1,jpg 확필,energy-laws-inspection,에너지 관계법규·검사,existing-slug,energy-laws-and-inspection,energy-laws-and-inspection,existing,exclude,그림 문항 공개 검토 유지,pdf-reviewed,medium,proposal-only-not-applied
20150719_060,2015-07-19,60,energy-management,written,1,,energy-laws-inspection,에너지 관계법규·검사,existing-slug,energy-laws-and-inspection,energy-laws-and-inspection,existing,pending-owner-activation,frontmatter 관계 활성화 승인 필요,automatic,high,proposal-only-not-applied
20151010_001,2015-10-10,1,energy-management,written,1,,fuel-properties,연료 특성·발열량,split-candidate,boiler-installation-combustion,fuel-properties,proposal-not-created,pending-owner-activation,신규 slug Owner 승인 필요,automatic,high,proposal-only-not-applied
20151010_002,2015-10-10,2,energy-management,written,1,,fuel-properties,연료 특성·발열량,split-candidate,boiler-installation-combustion,fuel-properties,proposal-not-created,pending-owner-activation,신규 slug Owner 승인 필요,automatic,high,proposal-only-not-applied
20151010_003,2015-10-10,3,energy-management,written,1,,heat-steam-thermodynamics,열·증기·열역학 기초,existing-slug,boiler-operation-basics,boiler-operation-basics,existing,pending-owner-activation,frontmatter 관계 활성화 승인 필요,automatic,high,proposal-only-not-applied
20151010_004,2015-10-10,4,energy-management,written,1,jpg 확필,combustion-air-calculation,연소·공기비·배기가스 계산,existing-slug,boiler-installation-combustion,boiler-installation-combustion,existing,exclude,그림 문항 공개 검토 유지,pdf-reviewed,high,proposal-only-not-applied
20151010_005,2015-10-10,5,energy-management,written,1,,burners-furnaces-atomization,버너·화격자·연소장치,split-candidate,boiler-installation-combustion,burners-furnaces-atomization,proposal-not-created,pending-owner-activation,신규 slug Owner 승인 필요,automatic,high,proposal-only-not-applied
20151010_006,2015-10-10,6,energy-management,written,1,,safety-devices,안전장치·연소안전,existing-slug,boiler-protection-devices,boiler-protection-devices,existing,pending-owner-activation,frontmatter 관계 활성화 승인 필요,automatic,high,proposal-only-not-applied
20151010_007,2015-10-10,7,energy-management,written,1,,efficiency-output-heat-balance,효율·증발량·열정산,existing-slug,boiler-efficiency-heat-balance,boiler-efficiency-heat-balance,existing,pending-owner-activation,frontmatter 관계 활성화 승인 필요,automatic,high,proposal-only-not-applied
20151010_008,2015-10-10,8,energy-management,written,1,,burners-furnaces-atomization,버너·화격자·연소장치,split-candidate,boiler-installation-combustion,burners-furnaces-atomization,proposal-not-created,pending-owner-activation,신규 slug Owner 승인 필요,automatic,high,proposal-only-not-applied
20151010_009,2015-10-10,9,energy-management,written,1,,heat-steam-thermodynamics,열·증기·열역학 기초,existing-slug,boiler-operation-basics,boiler-operation-basics,existing,pending-owner-activation,frontmatter 관계 활성화 승인 필요,automatic,high,proposal-only-not-applied
20151010_010,2015-10-10,10,energy-management,written,1,,environmental-pollution-control,집진·환경설비,split-candidate,boiler-accessory-equipment,environmental-pollution-control,proposal-not-created,pending-owner-activation,신규 slug Owner 승인 필요,automatic,high,proposal-only-not-applied
20151010_011,2015-10-10,11,energy-management,written,1,,efficiency-output-heat-balance,효율·증발량·열정산,existing-slug,boiler-efficiency-heat-balance,boiler-efficiency-heat-balance,existing,pending-owner-activation,frontmatter 관계 활성화 승인 필요,automatic,high,proposal-only-not-applied
20151010_012,2015-10-10,12,energy-management,written,1,,fuel-properties,연료 특성·발열량,split-candidate,boiler-installation-combustion,fuel-properties,proposal-not-created,pending-owner-activation,신규 slug Owner 승인 필요,automatic,high,proposal-only-not-applied
20151010_013,2015-10-10,13,energy-management,written,1,,boiler-types-construction,보일러 형식·구조·재료,split-candidate,boiler-operation-basics,boiler-types-construction,proposal-not-created,pending-owner-activation,신규 slug Owner 승인 필요,automatic,high,proposal-only-not-applied
20151010_014,2015-10-10,14,energy-management,written,1,,draft-flue-gas,통풍·연도·굴뚝,split-candidate,boiler-installation-combustion,draft-flue-gas,proposal-not-created,pending-owner-activation,신규 slug Owner 승인 필요,automatic,high,proposal-only-not-applied
20151010_015,2015-10-10,15,energy-management,written,1,,heat-steam-thermodynamics,열·증기·열역학 기초,existing-slug,boiler-operation-basics,boiler-operation-basics,existing,pending-owner-activation,frontmatter 관계 활성화 승인 필요,automatic,high,proposal-only-not-applied
20151010_016,2015-10-10,16,energy-management,written,1,,safety-devices,안전장치·연소안전,existing-slug,boiler-protection-devices,boiler-protection-devices,existing,pending-owner-activation,frontmatter 관계 활성화 승인 필요,automatic,high,proposal-only-not-applied
20151010_017,2015-10-10,17,energy-management,written,1,,efficiency-output-heat-balance,효율·증발량·열정산,existing-slug,boiler-efficiency-heat-balance,boiler-efficiency-heat-balance,existing,pending-owner-activation,frontmatter 관계 활성화 승인 필요,automatic,high,proposal-only-not-applied
20151010_018,2015-10-10,18,energy-management,written,1,,burners-furnaces-atomization,버너·화격자·연소장치,split-candidate,boiler-installation-combustion,burners-furnaces-atomization,proposal-not-created,pending-owner-activation,신규 slug Owner 승인 필요,automatic,high,proposal-only-not-applied
20151010_019,2015-10-10,19,energy-management,written,1,,auxiliary-feedwater-equipment,급수·부대설비,existing-slug,boiler-auxiliary-equipment,boiler-auxiliary-equipment,existing,pending-owner-activation,frontmatter 관계 활성화 승인 필요,automatic,high,proposal-only-not-applied
20151010_020,2015-10-10,20,energy-management,written,1,,safety-devices,안전장치·연소안전,existing-slug,boiler-protection-devices,boiler-protection-devices,existing,pending-owner-activation,frontmatter 관계 활성화 승인 필요,automatic,high,proposal-only-not-applied
20151010_021,2015-10-10,21,energy-management,written,1,,automatic-control-interlocks,자동제어·인터록,existing-slug,boiler-control-systems,boiler-control-systems,existing,pending-owner-activation,frontmatter 관계 활성화 승인 필요,automatic,high,proposal-only-not-applied
20151010_022,2015-10-10,22,energy-management,written,1,,water-treatment-corrosion,수질관리·스케일·부식,existing-slug,boiler-water-treatment,boiler-water-treatment,existing,pending-owner-activation,frontmatter 관계 활성화 승인 필요,automatic,medium,proposal-only-not-applied
20151010_023,2015-10-10,23,energy-management,written,1,,efficiency-output-heat-balance,효율·증발량·열정산,existing-slug,boiler-efficiency-heat-balance,boiler-efficiency-heat-balance,existing,pending-owner-activation,frontmatter 관계 활성화 승인 필요,automatic,high,proposal-only-not-applied
20151010_024,2015-10-10,24,energy-management,written,1,,heat-steam-thermodynamics,열·증기·열역학 기초,existing-slug,boiler-operation-basics,boiler-operation-basics,existing,pending-owner-activation,frontmatter 관계 활성화 승인 필요,automatic,high,proposal-only-not-applied
20151010_025,2015-10-10,25,energy-management,written,1,,automatic-control-interlocks,자동제어·인터록,existing-slug,boiler-control-systems,boiler-control-systems,existing,pending-owner-activation,frontmatter 관계 활성화 승인 필요,automatic,high,proposal-only-not-applied
20151010_026,2015-10-10,26,energy-management,written,1,,auxiliary-feedwater-equipment,급수·부대설비,existing-slug,boiler-auxiliary-equipment,boiler-auxiliary-equipment,existing,pending-owner-activation,frontmatter 관계 활성화 승인 필요,automatic,high,proposal-only-not-applied
20151010_027,2015-10-10,27,energy-management,written,1,,water-treatment-corrosion,수질관리·스케일·부식,existing-slug,boiler-water-treatment,boiler-water-treatment,existing,pending-owner-activation,frontmatter 관계 활성화 승인 필요,automatic,high,proposal-only-not-applied
20151010_028,2015-10-10,28,energy-management,written,1,,water-treatment-corrosion,수질관리·스케일·부식,existing-slug,boiler-water-treatment,boiler-water-treatment,existing,pending-owner-activation,frontmatter 관계 활성화 승인 필요,automatic,high,proposal-only-not-applied
20151010_029,2015-10-10,29,energy-management,written,1,,efficiency-output-heat-balance,효율·증발량·열정산,existing-slug,boiler-efficiency-heat-balance,boiler-efficiency-heat-balance,existing,pending-owner-activation,frontmatter 관계 활성화 승인 필요,automatic,high,proposal-only-not-applied
20151010_030,2015-10-10,30,energy-management,written,1,,failures-accidents-safety,고장·사고·작업안전,existing-slug,boiler-work-safety,boiler-work-safety,existing,pending-owner-activation,frontmatter 관계 활성화 승인 필요,automatic,medium,proposal-only-not-applied
20151010_031,2015-10-10,31,energy-management,written,1,,piping-fittings-valves,배관·이음쇠·밸브,existing-slug,boiler-piping-insulation,boiler-piping-insulation,existing,pending-owner-activation,frontmatter 관계 활성화 승인 필요,automatic,high,proposal-only-not-applied
20151010_032,2015-10-10,32,energy-management,written,1,,water-treatment-corrosion,수질관리·스케일·부식,existing-slug,boiler-water-treatment,boiler-water-treatment,existing,pending-owner-activation,frontmatter 관계 활성화 승인 필요,automatic,high,proposal-only-not-applied
20151010_033,2015-10-10,33,energy-management,written,1,,heating-systems,증기·온수·복사난방,split-candidate,boiler-piping-insulation,heating-systems,proposal-not-created,pending-owner-activation,신규 slug Owner 승인 필요,automatic,high,proposal-only-not-applied
20151010_034,2015-10-10,34,energy-management,written,1,,safety-devices,안전장치·연소안전,existing-slug,boiler-protection-devices,boiler-protection-devices,existing,pending-owner-activation,frontmatter 관계 활성화 승인 필요,automatic,high,proposal-only-not-applied
20151010_035,2015-10-10,35,energy-management,written,1,,piping-fittings-valves,배관·이음쇠·밸브,existing-slug,boiler-piping-insulation,boiler-piping-insulation,existing,pending-owner-activation,frontmatter 관계 활성화 승인 필요,automatic,high,proposal-only-not-applied
20151010_036,2015-10-10,36,energy-management,written,1,,insulation-materials,보온·단열재,split-candidate,boiler-piping-insulation,insulation-materials,proposal-not-created,pending-owner-activation,신규 slug Owner 승인 필요,automatic,high,proposal-only-not-applied
20151010_037,2015-10-10,37,energy-management,written,1,,piping-fittings-valves,배관·이음쇠·밸브,existing-slug,boiler-piping-insulation,boiler-piping-insulation,existing,pending-owner-activation,frontmatter 관계 활성화 승인 필요,automatic,medium,proposal-only-not-applied
20151010_038,2015-10-10,38,energy-management,written,1,,water-treatment-corrosion,수질관리·스케일·부식,existing-slug,boiler-water-treatment,boiler-water-treatment,existing,pending-owner-activation,frontmatter 관계 활성화 승인 필요,automatic,high,proposal-only-not-applied
20151010_039,2015-10-10,39,energy-management,written,1,,piping-fittings-valves,배관·이음쇠·밸브,existing-slug,boiler-piping-insulation,boiler-piping-insulation,existing,pending-owner-activation,frontmatter 관계 활성화 승인 필요,automatic,high,proposal-only-not-applied
20151010_040,2015-10-10,40,energy-management,written,1,,operation-maintenance-preservation,기동·운전·정지·보존,existing-slug,boiler-operation-maintenance,boiler-operation-maintenance,existing,pending-owner-activation,frontmatter 관계 활성화 승인 필요,automatic,medium,proposal-only-not-applied
20151010_041,2015-10-10,41,energy-management,written,1,,heating-load-radiators,난방부하·방열기 계산,split-candidate,boiler-installation-combustion,heating-load-radiators,proposal-not-created,pending-owner-activation,신규 slug Owner 승인 필요,automatic,high,proposal-only-not-applied
20151010_042,2015-10-10,42,energy-management,written,1,,boiler-types-construction,보일러 형식·구조·재료,split-candidate,boiler-operation-basics,boiler-types-construction,proposal-not-created,pending-owner-activation,신규 slug Owner 승인 필요,automatic,medium,proposal-only-not-applied
20151010_043,2015-10-10,43,energy-management,written,1,,heating-systems,증기·온수·복사난방,split-candidate,boiler-piping-insulation,heating-systems,proposal-not-created,pending-owner-activation,신규 slug Owner 승인 필요,automatic,high,proposal-only-not-applied
20151010_044,2015-10-10,44,energy-management,written,1,,piping-fittings-valves,배관·이음쇠·밸브,existing-slug,boiler-piping-insulation,boiler-piping-insulation,existing,pending-owner-activation,frontmatter 관계 활성화 승인 필요,automatic,high,proposal-only-not-applied
20151010_045,2015-10-10,45,energy-management,written,1,,piping-fittings-valves,배관·이음쇠·밸브,existing-slug,boiler-piping-insulation,boiler-piping-insulation,existing,pending-owner-activation,frontmatter 관계 활성화 승인 필요,automatic,high,proposal-only-not-applied
20151010_046,2015-10-10,46,energy-management,written,1,,draft-flue-gas,통풍·연도·굴뚝,split-candidate,boiler-installation-combustion,draft-flue-gas,proposal-not-created,pending-owner-activation,신규 slug Owner 승인 필요,automatic,high,proposal-only-not-applied
20151010_047,2015-10-10,47,energy-management,written,1,,steam-traps-condensate,증기트랩·응축수 환수,split-candidate,boiler-piping-insulation,steam-traps-condensate,proposal-not-created,pending-owner-activation,신규 slug Owner 승인 필요,automatic,high,proposal-only-not-applied
20151010_048,2015-10-10,48,energy-management,written,1,,heating-systems,증기·온수·복사난방,split-candidate,boiler-piping-insulation,heating-systems,proposal-not-created,pending-owner-activation,신규 slug Owner 승인 필요,automatic,high,proposal-only-not-applied
20151010_049,2015-10-10,49,energy-management,written,1,,piping-fittings-valves,배관·이음쇠·밸브,existing-slug,boiler-piping-insulation,boiler-piping-insulation,existing,pending-owner-activation,frontmatter 관계 활성화 승인 필요,automatic,high,proposal-only-not-applied
20151010_050,2015-10-10,50,energy-management,written,1,,boiler-types-construction,보일러 형식·구조·재료,split-candidate,boiler-operation-basics,boiler-types-construction,proposal-not-created,pending-owner-activation,신규 slug Owner 승인 필요,automatic,high,proposal-only-not-applied
20151010_051,2015-10-10,51,energy-management,written,1,,auxiliary-feedwater-equipment,급수·부대설비,existing-slug,boiler-auxiliary-equipment,boiler-auxiliary-equipment,existing,pending-owner-activation,frontmatter 관계 활성화 승인 필요,automatic,high,proposal-only-not-applied
20151010_052,2015-10-10,52,energy-management,written,1,,heating-systems,증기·온수·복사난방,split-candidate,boiler-piping-insulation,heating-systems,proposal-not-created,pending-owner-activation,신규 slug Owner 승인 필요,automatic,high,proposal-only-not-applied
20151010_053,2015-10-10,53,energy-management,written,1,,operation-maintenance-preservation,기동·운전·정지·보존,existing-slug,boiler-operation-maintenance,boiler-operation-maintenance,existing,pending-owner-activation,frontmatter 관계 활성화 승인 필요,automatic,high,proposal-only-not-applied
20151010_054,2015-10-10,54,energy-management,written,1,,safety-devices,안전장치·연소안전,existing-slug,boiler-protection-devices,boiler-protection-devices,existing,pending-owner-activation,frontmatter 관계 활성화 승인 필요,automatic,high,proposal-only-not-applied
20151010_055,2015-10-10,55,energy-management,written,1,,energy-laws-inspection,에너지 관계법규·검사,existing-slug,energy-laws-and-inspection,energy-laws-and-inspection,existing,pending-owner-activation,frontmatter 관계 활성화 승인 필요,automatic,high,proposal-only-not-applied
20151010_056,2015-10-10,56,energy-management,written,1,,energy-laws-inspection,에너지 관계법규·검사,existing-slug,energy-laws-and-inspection,energy-laws-and-inspection,existing,pending-owner-activation,frontmatter 관계 활성화 승인 필요,automatic,high,proposal-only-not-applied
20151010_057,2015-10-10,57,energy-management,written,1,,energy-laws-inspection,에너지 관계법규·검사,existing-slug,energy-laws-and-inspection,energy-laws-and-inspection,existing,pending-owner-activation,frontmatter 관계 활성화 승인 필요,automatic,high,proposal-only-not-applied
20151010_058,2015-10-10,58,energy-management,written,1,,energy-laws-inspection,에너지 관계법규·검사,existing-slug,energy-laws-and-inspection,energy-laws-and-inspection,existing,pending-owner-activation,frontmatter 관계 활성화 승인 필요,automatic,high,proposal-only-not-applied
20151010_059,2015-10-10,59,energy-management,written,1,,energy-laws-inspection,에너지 관계법규·검사,existing-slug,energy-laws-and-inspection,energy-laws-and-inspection,existing,pending-owner-activation,frontmatter 관계 활성화 승인 필요,automatic,high,proposal-only-not-applied
20151010_060,2015-10-10,60,energy-management,written,1,,energy-laws-inspection,에너지 관계법규·검사,existing-slug,energy-laws-and-inspection,energy-laws-and-inspection,existing,pending-owner-activation,frontmatter 관계 활성화 승인 필요,automatic,high,proposal-only-not-applied
20160124_001,2016-01-24,1,energy-management,written,1,,combustion-air-calculation,연소·공기비·배기가스 계산,existing-slug,boiler-installation-combustion,boiler-installation-combustion,existing,pending-owner-activation,frontmatter 관계 활성화 승인 필요,automatic,high,proposal-only-not-applied
20160124_002,2016-01-24,2,energy-management,written,1,,burners-furnaces-atomization,버너·화격자·연소장치,split-candidate,boiler-installation-combustion,burners-furnaces-atomization,proposal-not-created,pending-owner-activation,신규 slug Owner 승인 필요,automatic,high,proposal-only-not-applied
20160124_003,2016-01-24,3,energy-management,written,1,,auxiliary-feedwater-equipment,급수·부대설비,existing-slug,boiler-auxiliary-equipment,boiler-auxiliary-equipment,existing,pending-owner-activation,frontmatter 관계 활성화 승인 필요,automatic,medium,proposal-only-not-applied
20160124_004,2016-01-24,4,energy-management,written,1,,heat-steam-thermodynamics,열·증기·열역학 기초,existing-slug,boiler-operation-basics,boiler-operation-basics,existing,pending-owner-activation,frontmatter 관계 활성화 승인 필요,automatic,high,proposal-only-not-applied
20160124_005,2016-01-24,5,energy-management,written,1,,fuel-properties,연료 특성·발열량,split-candidate,boiler-installation-combustion,fuel-properties,proposal-not-created,pending-owner-activation,신규 slug Owner 승인 필요,automatic,high,proposal-only-not-applied
20160124_006,2016-01-24,6,energy-management,written,1,,boiler-types-construction,보일러 형식·구조·재료,split-candidate,boiler-operation-basics,boiler-types-construction,proposal-not-created,pending-owner-activation,신규 slug Owner 승인 필요,automatic,high,proposal-only-not-applied
20160124_007,2016-01-24,7,energy-management,written,1,,efficiency-output-heat-balance,효율·증발량·열정산,existing-slug,boiler-efficiency-heat-balance,boiler-efficiency-heat-balance,existing,pending-owner-activation,frontmatter 관계 활성화 승인 필요,automatic,high,proposal-only-not-applied
20160124_008,2016-01-24,8,energy-management,written,1,,automatic-control-interlocks,자동제어·인터록,existing-slug,boiler-control-systems,boiler-control-systems,existing,pending-owner-activation,frontmatter 관계 활성화 승인 필요,automatic,high,proposal-only-not-applied
20160124_009,2016-01-24,9,energy-management,written,1,,heat-steam-thermodynamics,열·증기·열역학 기초,existing-slug,boiler-operation-basics,boiler-operation-basics,existing,pending-owner-activation,frontmatter 관계 활성화 승인 필요,automatic,high,proposal-only-not-applied
20160124_010,2016-01-24,10,energy-management,written,1,,combustion-air-calculation,연소·공기비·배기가스 계산,existing-slug,boiler-installation-combustion,boiler-installation-combustion,existing,pending-owner-activation,frontmatter 관계 활성화 승인 필요,automatic,high,proposal-only-not-applied
20160124_011,2016-01-24,11,energy-management,written,1,,burners-furnaces-atomization,버너·화격자·연소장치,split-candidate,boiler-installation-combustion,burners-furnaces-atomization,proposal-not-created,pending-owner-activation,신규 slug Owner 승인 필요,automatic,high,proposal-only-not-applied
20160124_012,2016-01-24,12,energy-management,written,1,,steam-traps-condensate,증기트랩·응축수 환수,split-candidate,boiler-piping-insulation,steam-traps-condensate,proposal-not-created,pending-owner-activation,신규 slug Owner 승인 필요,automatic,high,proposal-only-not-applied
20160124_013,2016-01-24,13,energy-management,written,1,,heat-steam-thermodynamics,열·증기·열역학 기초,existing-slug,boiler-operation-basics,boiler-operation-basics,existing,pending-owner-activation,frontmatter 관계 활성화 승인 필요,automatic,high,proposal-only-not-applied
20160124_014,2016-01-24,14,energy-management,written,1,jpg 확필,efficiency-output-heat-balance,효율·증발량·열정산,existing-slug,boiler-efficiency-heat-balance,boiler-efficiency-heat-balance,existing,exclude,그림 문항 공개 검토 유지,pdf-reviewed,high,proposal-only-not-applied
20160124_015,2016-01-24,15,energy-management,written,1,,automatic-control-interlocks,자동제어·인터록,existing-slug,boiler-control-systems,boiler-control-systems,existing,pending-owner-activation,frontmatter 관계 활성화 승인 필요,automatic,high,proposal-only-not-applied
20160124_016,2016-01-24,16,energy-management,written,1,,failures-accidents-safety,고장·사고·작업안전,existing-slug,boiler-work-safety,boiler-work-safety,existing,pending-owner-activation,frontmatter 관계 활성화 승인 필요,automatic,high,proposal-only-not-applied
20160124_017,2016-01-24,17,energy-management,written,1,,environmental-pollution-control,집진·환경설비,split-candidate,boiler-accessory-equipment,environmental-pollution-control,proposal-not-created,pending-owner-activation,신규 slug Owner 승인 필요,automatic,high,proposal-only-not-applied
20160124_018,2016-01-24,18,energy-management,written,1,,auxiliary-feedwater-equipment,급수·부대설비,existing-slug,boiler-auxiliary-equipment,boiler-auxiliary-equipment,existing,pending-owner-activation,frontmatter 관계 활성화 승인 필요,automatic,high,proposal-only-not-applied
20160124_019,2016-01-24,19,energy-management,written,1,,auxiliary-feedwater-equipment,급수·부대설비,existing-slug,boiler-auxiliary-equipment,boiler-auxiliary-equipment,existing,pending-owner-activation,frontmatter 관계 활성화 승인 필요,automatic,high,proposal-only-not-applied
20160124_020,2016-01-24,20,energy-management,written,1,,efficiency-output-heat-balance,효율·증발량·열정산,existing-slug,boiler-efficiency-heat-balance,boiler-efficiency-heat-balance,existing,pending-owner-activation,frontmatter 관계 활성화 승인 필요,automatic,high,proposal-only-not-applied
20160124_021,2016-01-24,21,energy-management,written,1,,safety-devices,안전장치·연소안전,existing-slug,boiler-protection-devices,boiler-protection-devices,existing,pending-owner-activation,frontmatter 관계 활성화 승인 필요,automatic,medium,proposal-only-not-applied
20160124_022,2016-01-24,22,energy-management,written,1,,automatic-control-interlocks,자동제어·인터록,existing-slug,boiler-control-systems,boiler-control-systems,existing,pending-owner-activation,frontmatter 관계 활성화 승인 필요,automatic,high,proposal-only-not-applied
20160124_023,2016-01-24,23,energy-management,written,1,,instruments-accessories,계측·부속장치,existing-slug,boiler-accessory-equipment,boiler-accessory-equipment,existing,pending-owner-activation,frontmatter 관계 활성화 승인 필요,automatic,high,proposal-only-not-applied
20160124_024,2016-01-24,24,energy-management,written,1,,auxiliary-feedwater-equipment,급수·부대설비,existing-slug,boiler-auxiliary-equipment,boiler-auxiliary-equipment,existing,pending-owner-activation,frontmatter 관계 활성화 승인 필요,automatic,high,proposal-only-not-applied
20160124_025,2016-01-24,25,energy-management,written,1,,efficiency-output-heat-balance,효율·증발량·열정산,existing-slug,boiler-efficiency-heat-balance,boiler-efficiency-heat-balance,existing,pending-owner-activation,frontmatter 관계 활성화 승인 필요,automatic,high,proposal-only-not-applied
20160124_026,2016-01-24,26,energy-management,written,1,,automatic-control-interlocks,자동제어·인터록,existing-slug,boiler-control-systems,boiler-control-systems,existing,pending-owner-activation,frontmatter 관계 활성화 승인 필요,automatic,high,proposal-only-not-applied
20160124_027,2016-01-24,27,energy-management,written,1,,draft-flue-gas,통풍·연도·굴뚝,split-candidate,boiler-installation-combustion,draft-flue-gas,proposal-not-created,pending-owner-activation,신규 slug Owner 승인 필요,automatic,high,proposal-only-not-applied
20160124_028,2016-01-24,28,energy-management,written,1,,fuel-properties,연료 특성·발열량,split-candidate,boiler-installation-combustion,fuel-properties,proposal-not-created,pending-owner-activation,신규 slug Owner 승인 필요,automatic,high,proposal-only-not-applied
20160124_029,2016-01-24,29,energy-management,written,1,,auxiliary-feedwater-equipment,급수·부대설비,existing-slug,boiler-auxiliary-equipment,boiler-auxiliary-equipment,existing,pending-owner-activation,frontmatter 관계 활성화 승인 필요,automatic,high,proposal-only-not-applied
20160124_030,2016-01-24,30,energy-management,written,1,,operation-maintenance-preservation,기동·운전·정지·보존,existing-slug,boiler-operation-maintenance,boiler-operation-maintenance,existing,pending-owner-activation,frontmatter 관계 활성화 승인 필요,automatic,high,proposal-only-not-applied
20160124_031,2016-01-24,31,energy-management,written,1,,heating-systems,증기·온수·복사난방,split-candidate,boiler-piping-insulation,heating-systems,proposal-not-created,pending-owner-activation,신규 slug Owner 승인 필요,automatic,high,proposal-only-not-applied
20160124_032,2016-01-24,32,energy-management,written,1,,heating-systems,증기·온수·복사난방,split-candidate,boiler-piping-insulation,heating-systems,proposal-not-created,pending-owner-activation,신규 slug Owner 승인 필요,automatic,high,proposal-only-not-applied
20160124_033,2016-01-24,33,energy-management,written,1,,piping-fittings-valves,배관·이음쇠·밸브,existing-slug,boiler-piping-insulation,boiler-piping-insulation,existing,pending-owner-activation,frontmatter 관계 활성화 승인 필요,pdf-reviewed,low,proposal-only-not-applied
20160124_034,2016-01-24,34,energy-management,written,1,,heating-systems,증기·온수·복사난방,split-candidate,boiler-piping-insulation,heating-systems,proposal-not-created,pending-owner-activation,신규 slug Owner 승인 필요,automatic,high,proposal-only-not-applied
20160124_035,2016-01-24,35,energy-management,written,1,,heating-load-radiators,난방부하·방열기 계산,split-candidate,boiler-installation-combustion,heating-load-radiators,proposal-not-created,pending-owner-activation,신규 slug Owner 승인 필요,automatic,high,proposal-only-not-applied
20160124_036,2016-01-24,36,energy-management,written,1,,efficiency-output-heat-balance,효율·증발량·열정산,existing-slug,boiler-efficiency-heat-balance,boiler-efficiency-heat-balance,existing,pending-owner-activation,frontmatter 관계 활성화 승인 필요,automatic,high,proposal-only-not-applied
20160124_037,2016-01-24,37,energy-management,written,1,,water-treatment-corrosion,수질관리·스케일·부식,existing-slug,boiler-water-treatment,boiler-water-treatment,existing,pending-owner-activation,frontmatter 관계 활성화 승인 필요,automatic,high,proposal-only-not-applied
20160124_038,2016-01-24,38,energy-management,written,1,,instruments-accessories,계측·부속장치,existing-slug,boiler-accessory-equipment,boiler-accessory-equipment,existing,pending-owner-activation,frontmatter 관계 활성화 승인 필요,automatic,high,proposal-only-not-applied
20160124_039,2016-01-24,39,energy-management,written,1,,efficiency-output-heat-balance,효율·증발량·열정산,existing-slug,boiler-efficiency-heat-balance,boiler-efficiency-heat-balance,existing,pending-owner-activation,frontmatter 관계 활성화 승인 필요,automatic,high,proposal-only-not-applied
20160124_040,2016-01-24,40,energy-management,written,1,,piping-fittings-valves,배관·이음쇠·밸브,existing-slug,boiler-piping-insulation,boiler-piping-insulation,existing,pending-owner-activation,frontmatter 관계 활성화 승인 필요,automatic,high,proposal-only-not-applied
20160124_041,2016-01-24,41,energy-management,written,1,,failures-accidents-safety,고장·사고·작업안전,existing-slug,boiler-work-safety,boiler-work-safety,existing,pending-owner-activation,frontmatter 관계 활성화 승인 필요,automatic,high,proposal-only-not-applied
20160124_042,2016-01-24,42,energy-management,written,1,,piping-fittings-valves,배관·이음쇠·밸브,existing-slug,boiler-piping-insulation,boiler-piping-insulation,existing,pending-owner-activation,frontmatter 관계 활성화 승인 필요,automatic,high,proposal-only-not-applied
20160124_043,2016-01-24,43,energy-management,written,1,,water-treatment-corrosion,수질관리·스케일·부식,existing-slug,boiler-water-treatment,boiler-water-treatment,existing,pending-owner-activation,frontmatter 관계 활성화 승인 필요,automatic,medium,proposal-only-not-applied
20160124_044,2016-01-24,44,energy-management,written,1,,heating-load-radiators,난방부하·방열기 계산,split-candidate,boiler-installation-combustion,heating-load-radiators,proposal-not-created,pending-owner-activation,신규 slug Owner 승인 필요,automatic,high,proposal-only-not-applied
20160124_045,2016-01-24,45,energy-management,written,1,,safety-devices,안전장치·연소안전,existing-slug,boiler-protection-devices,boiler-protection-devices,existing,pending-owner-activation,frontmatter 관계 활성화 승인 필요,automatic,high,proposal-only-not-applied
20160124_046,2016-01-24,46,energy-management,written,1,,heating-systems,증기·온수·복사난방,split-candidate,boiler-piping-insulation,heating-systems,proposal-not-created,pending-owner-activation,신규 slug Owner 승인 필요,automatic,high,proposal-only-not-applied
20160124_047,2016-01-24,47,energy-management,written,1,,heating-systems,증기·온수·복사난방,split-candidate,boiler-piping-insulation,heating-systems,proposal-not-created,pending-owner-activation,신규 slug Owner 승인 필요,automatic,high,proposal-only-not-applied
20160124_048,2016-01-24,48,energy-management,written,1,,combustion-air-calculation,연소·공기비·배기가스 계산,existing-slug,boiler-installation-combustion,boiler-installation-combustion,existing,pending-owner-activation,frontmatter 관계 활성화 승인 필요,automatic,medium,proposal-only-not-applied
20160124_049,2016-01-24,49,energy-management,written,1,,water-treatment-corrosion,수질관리·스케일·부식,existing-slug,boiler-water-treatment,boiler-water-treatment,existing,pending-owner-activation,frontmatter 관계 활성화 승인 필요,automatic,high,proposal-only-not-applied
20160124_050,2016-01-24,50,energy-management,written,1,,steam-traps-condensate,증기트랩·응축수 환수,split-candidate,boiler-piping-insulation,steam-traps-condensate,proposal-not-created,pending-owner-activation,신규 slug Owner 승인 필요,automatic,high,proposal-only-not-applied
20160124_051,2016-01-24,51,energy-management,written,1,,water-treatment-corrosion,수질관리·스케일·부식,existing-slug,boiler-water-treatment,boiler-water-treatment,existing,pending-owner-activation,frontmatter 관계 활성화 승인 필요,automatic,high,proposal-only-not-applied
20160124_052,2016-01-24,52,energy-management,written,1,,failures-accidents-safety,고장·사고·작업안전,existing-slug,boiler-work-safety,boiler-work-safety,existing,pending-owner-activation,frontmatter 관계 활성화 승인 필요,automatic,high,proposal-only-not-applied
20160124_053,2016-01-24,53,energy-management,written,1,,boiler-types-construction,보일러 형식·구조·재료,split-candidate,boiler-operation-basics,boiler-types-construction,proposal-not-created,pending-owner-activation,신규 slug Owner 승인 필요,automatic,high,proposal-only-not-applied
20160124_054,2016-01-24,54,energy-management,written,1,,insulation-materials,보온·단열재,split-candidate,boiler-piping-insulation,insulation-materials,proposal-not-created,pending-owner-activation,신규 slug Owner 승인 필요,automatic,high,proposal-only-not-applied
20160124_055,2016-01-24,55,energy-management,written,1,,energy-laws-inspection,에너지 관계법규·검사,existing-slug,energy-laws-and-inspection,energy-laws-and-inspection,existing,pending-owner-activation,frontmatter 관계 활성화 승인 필요,automatic,high,proposal-only-not-applied
20160124_056,2016-01-24,56,energy-management,written,1,,energy-laws-inspection,에너지 관계법규·검사,existing-slug,energy-laws-and-inspection,energy-laws-and-inspection,existing,pending-owner-activation,frontmatter 관계 활성화 승인 필요,automatic,high,proposal-only-not-applied
20160124_057,2016-01-24,57,energy-management,written,1,,energy-laws-inspection,에너지 관계법규·검사,existing-slug,energy-laws-and-inspection,energy-laws-and-inspection,existing,pending-owner-activation,frontmatter 관계 활성화 승인 필요,automatic,high,proposal-only-not-applied
20160124_058,2016-01-24,58,energy-management,written,1,,energy-laws-inspection,에너지 관계법규·검사,existing-slug,energy-laws-and-inspection,energy-laws-and-inspection,existing,pending-owner-activation,frontmatter 관계 활성화 승인 필요,automatic,high,proposal-only-not-applied
20160124_059,2016-01-24,59,energy-management,written,1,,energy-laws-inspection,에너지 관계법규·검사,existing-slug,energy-laws-and-inspection,energy-laws-and-inspection,existing,pending-owner-activation,frontmatter 관계 활성화 승인 필요,automatic,high,proposal-only-not-applied
20160124_060,2016-01-24,60,energy-management,written,1,,energy-laws-inspection,에너지 관계법규·검사,existing-slug,energy-laws-and-inspection,energy-laws-and-inspection,existing,pending-owner-activation,frontmatter 관계 활성화 승인 필요,automatic,high,proposal-only-not-applied
20160402_001,2016-04-02,1,energy-management,written,1,,heat-steam-thermodynamics,열·증기·열역학 기초,existing-slug,boiler-operation-basics,boiler-operation-basics,existing,pending-owner-activation,frontmatter 관계 활성화 승인 필요,automatic,high,proposal-only-not-applied
20160402_002,2016-04-02,2,energy-management,written,1,,burners-furnaces-atomization,버너·화격자·연소장치,split-candidate,boiler-installation-combustion,burners-furnaces-atomization,proposal-not-created,pending-owner-activation,신규 slug Owner 승인 필요,automatic,high,proposal-only-not-applied
20160402_003,2016-04-02,3,energy-management,written,1,,efficiency-output-heat-balance,효율·증발량·열정산,existing-slug,boiler-efficiency-heat-balance,boiler-efficiency-heat-balance,existing,pending-owner-activation,frontmatter 관계 활성화 승인 필요,automatic,high,proposal-only-not-applied
20160402_004,2016-04-02,4,energy-management,written,1,,efficiency-output-heat-balance,효율·증발량·열정산,existing-slug,boiler-efficiency-heat-balance,boiler-efficiency-heat-balance,existing,pending-owner-activation,frontmatter 관계 활성화 승인 필요,automatic,high,proposal-only-not-applied
20160402_005,2016-04-02,5,energy-management,written,1,,fuel-properties,연료 특성·발열량,split-candidate,boiler-installation-combustion,fuel-properties,proposal-not-created,pending-owner-activation,신규 slug Owner 승인 필요,automatic,high,proposal-only-not-applied
20160402_006,2016-04-02,6,energy-management,written,1,,combustion-air-calculation,연소·공기비·배기가스 계산,existing-slug,boiler-installation-combustion,boiler-installation-combustion,existing,pending-owner-activation,frontmatter 관계 활성화 승인 필요,automatic,high,proposal-only-not-applied
20160402_007,2016-04-02,7,energy-management,written,1,,auxiliary-feedwater-equipment,급수·부대설비,existing-slug,boiler-auxiliary-equipment,boiler-auxiliary-equipment,existing,pending-owner-activation,frontmatter 관계 활성화 승인 필요,automatic,high,proposal-only-not-applied
20160402_008,2016-04-02,8,energy-management,written,1,,boiler-types-construction,보일러 형식·구조·재료,split-candidate,boiler-operation-basics,boiler-types-construction,proposal-not-created,pending-owner-activation,신규 slug Owner 승인 필요,automatic,medium,proposal-only-not-applied
20160402_009,2016-04-02,9,energy-management,written,1,,safety-devices,안전장치·연소안전,existing-slug,boiler-protection-devices,boiler-protection-devices,existing,pending-owner-activation,frontmatter 관계 활성화 승인 필요,automatic,high,proposal-only-not-applied
20160402_010,2016-04-02,10,energy-management,written,1,,efficiency-output-heat-balance,효율·증발량·열정산,existing-slug,boiler-efficiency-heat-balance,boiler-efficiency-heat-balance,existing,pending-owner-activation,frontmatter 관계 활성화 승인 필요,automatic,high,proposal-only-not-applied
20160402_011,2016-04-02,11,energy-management,written,1,,automatic-control-interlocks,자동제어·인터록,existing-slug,boiler-control-systems,boiler-control-systems,existing,pending-owner-activation,frontmatter 관계 활성화 승인 필요,automatic,high,proposal-only-not-applied
20160402_012,2016-04-02,12,energy-management,written,1,,failures-accidents-safety,고장·사고·작업안전,existing-slug,boiler-work-safety,boiler-work-safety,existing,pending-owner-activation,frontmatter 관계 활성화 승인 필요,automatic,high,proposal-only-not-applied
20160402_013,2016-04-02,13,energy-management,written,1,,water-treatment-corrosion,수질관리·스케일·부식,existing-slug,boiler-water-treatment,boiler-water-treatment,existing,pending-owner-activation,frontmatter 관계 활성화 승인 필요,automatic,high,proposal-only-not-applied
20160402_014,2016-04-02,14,energy-management,written,1,,combustion-air-calculation,연소·공기비·배기가스 계산,existing-slug,boiler-installation-combustion,boiler-installation-combustion,existing,pending-owner-activation,frontmatter 관계 활성화 승인 필요,automatic,high,proposal-only-not-applied
20160402_015,2016-04-02,15,energy-management,written,1,,instruments-accessories,계측·부속장치,existing-slug,boiler-accessory-equipment,boiler-accessory-equipment,existing,pending-owner-activation,frontmatter 관계 활성화 승인 필요,automatic,high,proposal-only-not-applied
20160402_016,2016-04-02,16,energy-management,written,1,,automatic-control-interlocks,자동제어·인터록,existing-slug,boiler-control-systems,boiler-control-systems,existing,pending-owner-activation,frontmatter 관계 활성화 승인 필요,automatic,high,proposal-only-not-applied
20160402_017,2016-04-02,17,energy-management,written,1,,environmental-pollution-control,집진·환경설비,split-candidate,boiler-accessory-equipment,environmental-pollution-control,proposal-not-created,pending-owner-activation,신규 slug Owner 승인 필요,automatic,high,proposal-only-not-applied
20160402_018,2016-04-02,18,energy-management,written,1,,automatic-control-interlocks,자동제어·인터록,existing-slug,boiler-control-systems,boiler-control-systems,existing,pending-owner-activation,frontmatter 관계 활성화 승인 필요,automatic,high,proposal-only-not-applied
20160402_019,2016-04-02,19,energy-management,written,1,,heat-steam-thermodynamics,열·증기·열역학 기초,existing-slug,boiler-operation-basics,boiler-operation-basics,existing,pending-owner-activation,frontmatter 관계 활성화 승인 필요,automatic,high,proposal-only-not-applied
20160402_020,2016-04-02,20,energy-management,written,1,,fuel-properties,연료 특성·발열량,split-candidate,boiler-installation-combustion,fuel-properties,proposal-not-created,pending-owner-activation,신규 slug Owner 승인 필요,automatic,high,proposal-only-not-applied
20160402_021,2016-04-02,21,energy-management,written,1,,burners-furnaces-atomization,버너·화격자·연소장치,split-candidate,boiler-installation-combustion,burners-furnaces-atomization,proposal-not-created,pending-owner-activation,신규 slug Owner 승인 필요,automatic,high,proposal-only-not-applied
20160402_022,2016-04-02,22,energy-management,written,1,,steam-traps-condensate,증기트랩·응축수 환수,split-candidate,boiler-piping-insulation,steam-traps-condensate,proposal-not-created,pending-owner-activation,신규 slug Owner 승인 필요,automatic,high,proposal-only-not-applied
20160402_023,2016-04-02,23,energy-management,written,1,,burners-furnaces-atomization,버너·화격자·연소장치,split-candidate,boiler-installation-combustion,burners-furnaces-atomization,proposal-not-created,pending-owner-activation,신규 slug Owner 승인 필요,automatic,medium,proposal-only-not-applied
20160402_024,2016-04-02,24,energy-management,written,1,,safety-devices,안전장치·연소안전,existing-slug,boiler-protection-devices,boiler-protection-devices,existing,pending-owner-activation,frontmatter 관계 활성화 승인 필요,automatic,high,proposal-only-not-applied
20160402_025,2016-04-02,25,energy-management,written,1,,draft-flue-gas,통풍·연도·굴뚝,split-candidate,boiler-installation-combustion,draft-flue-gas,proposal-not-created,pending-owner-activation,신규 slug Owner 승인 필요,pdf-reviewed,low,proposal-only-not-applied
20160402_026,2016-04-02,26,energy-management,written,1,,boiler-types-construction,보일러 형식·구조·재료,split-candidate,boiler-operation-basics,boiler-types-construction,proposal-not-created,pending-owner-activation,신규 slug Owner 승인 필요,automatic,high,proposal-only-not-applied
20160402_027,2016-04-02,27,energy-management,written,1,,boiler-types-construction,보일러 형식·구조·재료,split-candidate,boiler-operation-basics,boiler-types-construction,proposal-not-created,pending-owner-activation,신규 slug Owner 승인 필요,automatic,high,proposal-only-not-applied
20160402_028,2016-04-02,28,energy-management,written,1,,auxiliary-feedwater-equipment,급수·부대설비,existing-slug,boiler-auxiliary-equipment,boiler-auxiliary-equipment,existing,pending-owner-activation,frontmatter 관계 활성화 승인 필요,automatic,high,proposal-only-not-applied
20160402_029,2016-04-02,29,energy-management,written,1,,fuel-properties,연료 특성·발열량,split-candidate,boiler-installation-combustion,fuel-properties,proposal-not-created,pending-owner-activation,신규 slug Owner 승인 필요,automatic,high,proposal-only-not-applied
20160402_030,2016-04-02,30,energy-management,written,1,,instruments-accessories,계측·부속장치,existing-slug,boiler-accessory-equipment,boiler-accessory-equipment,existing,pending-owner-activation,frontmatter 관계 활성화 승인 필요,automatic,high,proposal-only-not-applied
20160402_031,2016-04-02,31,energy-management,written,1,,fuel-properties,연료 특성·발열량,split-candidate,boiler-installation-combustion,fuel-properties,proposal-not-created,pending-owner-activation,신규 slug Owner 승인 필요,automatic,medium,proposal-only-not-applied
20160402_032,2016-04-02,32,energy-management,written,1,,safety-devices,안전장치·연소안전,existing-slug,boiler-protection-devices,boiler-protection-devices,existing,pending-owner-activation,frontmatter 관계 활성화 승인 필요,automatic,high,proposal-only-not-applied
20160402_033,2016-04-02,33,energy-management,written,1,,insulation-materials,보온·단열재,split-candidate,boiler-piping-insulation,insulation-materials,proposal-not-created,pending-owner-activation,신규 slug Owner 승인 필요,automatic,high,proposal-only-not-applied
20160402_034,2016-04-02,34,energy-management,written,1,jpg 확필,steam-traps-condensate,증기트랩·응축수 환수,split-candidate,boiler-piping-insulation,steam-traps-condensate,proposal-not-created,exclude,그림 문항 공개 검토 유지 | 신규 slug Owner 승인 필요,pdf-reviewed,high,proposal-only-not-applied
20160402_035,2016-04-02,35,energy-management,written,1,,piping-fittings-valves,배관·이음쇠·밸브,existing-slug,boiler-piping-insulation,boiler-piping-insulation,existing,pending-owner-activation,frontmatter 관계 활성화 승인 필요,automatic,high,proposal-only-not-applied
20160402_036,2016-04-02,36,energy-management,written,1,,operation-maintenance-preservation,기동·운전·정지·보존,existing-slug,boiler-operation-maintenance,boiler-operation-maintenance,existing,pending-owner-activation,frontmatter 관계 활성화 승인 필요,automatic,high,proposal-only-not-applied
20160402_037,2016-04-02,37,energy-management,written,1,,heating-systems,증기·온수·복사난방,split-candidate,boiler-piping-insulation,heating-systems,proposal-not-created,pending-owner-activation,신규 slug Owner 승인 필요,automatic,high,proposal-only-not-applied
20160402_038,2016-04-02,38,energy-management,written,1,,piping-fittings-valves,배관·이음쇠·밸브,existing-slug,boiler-piping-insulation,boiler-piping-insulation,existing,pending-owner-activation,frontmatter 관계 활성화 승인 필요,pdf-reviewed,low,proposal-only-not-applied
20160402_039,2016-04-02,39,energy-management,written,1,,efficiency-output-heat-balance,효율·증발량·열정산,existing-slug,boiler-efficiency-heat-balance,boiler-efficiency-heat-balance,existing,pending-owner-activation,frontmatter 관계 활성화 승인 필요,automatic,high,proposal-only-not-applied
20160402_040,2016-04-02,40,energy-management,written,1,,water-treatment-corrosion,수질관리·스케일·부식,existing-slug,boiler-water-treatment,boiler-water-treatment,existing,pending-owner-activation,frontmatter 관계 활성화 승인 필요,automatic,high,proposal-only-not-applied
20160402_041,2016-04-02,41,energy-management,written,1,,water-treatment-corrosion,수질관리·스케일·부식,existing-slug,boiler-water-treatment,boiler-water-treatment,existing,pending-owner-activation,frontmatter 관계 활성화 승인 필요,automatic,high,proposal-only-not-applied
20160402_042,2016-04-02,42,energy-management,written,1,,insulation-materials,보온·단열재,split-candidate,boiler-piping-insulation,insulation-materials,proposal-not-created,pending-owner-activation,신규 slug Owner 승인 필요,automatic,high,proposal-only-not-applied
20160402_043,2016-04-02,43,energy-management,written,1,jpg 확필,piping-fittings-valves,배관·이음쇠·밸브,existing-slug,boiler-piping-insulation,boiler-piping-insulation,existing,exclude,그림 문항 공개 검토 유지,pdf-reviewed,high,proposal-only-not-applied
20160402_044,2016-04-02,44,energy-management,written,1,,failures-accidents-safety,고장·사고·작업안전,existing-slug,boiler-work-safety,boiler-work-safety,existing,pending-owner-activation,frontmatter 관계 활성화 승인 필요,automatic,medium,proposal-only-not-applied
20160402_045,2016-04-02,45,energy-management,written,1,,heating-systems,증기·온수·복사난방,split-candidate,boiler-piping-insulation,heating-systems,proposal-not-created,pending-owner-activation,신규 slug Owner 승인 필요,automatic,medium,proposal-only-not-applied
20160402_046,2016-04-02,46,energy-management,written,1,,piping-fittings-valves,배관·이음쇠·밸브,existing-slug,boiler-piping-insulation,boiler-piping-insulation,existing,pending-owner-activation,frontmatter 관계 활성화 승인 필요,automatic,high,proposal-only-not-applied
20160402_047,2016-04-02,47,energy-management,written,1,,insulation-materials,보온·단열재,split-candidate,boiler-piping-insulation,insulation-materials,proposal-not-created,pending-owner-activation,신규 slug Owner 승인 필요,automatic,high,proposal-only-not-applied
20160402_048,2016-04-02,48,energy-management,written,1,,heating-load-radiators,난방부하·방열기 계산,split-candidate,boiler-installation-combustion,heating-load-radiators,proposal-not-created,pending-owner-activation,신규 slug Owner 승인 필요,automatic,medium,proposal-only-not-applied
20160402_049,2016-04-02,49,energy-management,written,1,,heating-systems,증기·온수·복사난방,split-candidate,boiler-piping-insulation,heating-systems,proposal-not-created,pending-owner-activation,신규 slug Owner 승인 필요,automatic,high,proposal-only-not-applied
20160402_050,2016-04-02,50,energy-management,written,1,,water-treatment-corrosion,수질관리·스케일·부식,existing-slug,boiler-water-treatment,boiler-water-treatment,existing,pending-owner-activation,frontmatter 관계 활성화 승인 필요,automatic,high,proposal-only-not-applied
20160402_051,2016-04-02,51,energy-management,written,1,,water-treatment-corrosion,수질관리·스케일·부식,existing-slug,boiler-water-treatment,boiler-water-treatment,existing,pending-owner-activation,frontmatter 관계 활성화 승인 필요,automatic,medium,proposal-only-not-applied
20160402_052,2016-04-02,52,energy-management,written,1,,steam-traps-condensate,증기트랩·응축수 환수,split-candidate,boiler-piping-insulation,steam-traps-condensate,proposal-not-created,pending-owner-activation,신규 slug Owner 승인 필요,automatic,high,proposal-only-not-applied
20160402_053,2016-04-02,53,energy-management,written,1,,boiler-types-construction,보일러 형식·구조·재료,split-candidate,boiler-operation-basics,boiler-types-construction,proposal-not-created,pending-owner-activation,신규 slug Owner 승인 필요,automatic,medium,proposal-only-not-applied
20160402_054,2016-04-02,54,energy-management,written,1,,water-treatment-corrosion,수질관리·스케일·부식,existing-slug,boiler-water-treatment,boiler-water-treatment,existing,pending-owner-activation,frontmatter 관계 활성화 승인 필요,automatic,high,proposal-only-not-applied
20160402_055,2016-04-02,55,energy-management,written,1,,energy-laws-inspection,에너지 관계법규·검사,existing-slug,energy-laws-and-inspection,energy-laws-and-inspection,existing,pending-owner-activation,frontmatter 관계 활성화 승인 필요,automatic,high,proposal-only-not-applied
20160402_056,2016-04-02,56,energy-management,written,1,,energy-laws-inspection,에너지 관계법규·검사,existing-slug,energy-laws-and-inspection,energy-laws-and-inspection,existing,pending-owner-activation,frontmatter 관계 활성화 승인 필요,automatic,high,proposal-only-not-applied
20160402_057,2016-04-02,57,energy-management,written,1,,energy-laws-inspection,에너지 관계법규·검사,existing-slug,energy-laws-and-inspection,energy-laws-and-inspection,existing,pending-owner-activation,frontmatter 관계 활성화 승인 필요,automatic,high,proposal-only-not-applied
20160402_058,2016-04-02,58,energy-management,written,1,,energy-laws-inspection,에너지 관계법규·검사,existing-slug,energy-laws-and-inspection,energy-laws-and-inspection,existing,pending-owner-activation,frontmatter 관계 활성화 승인 필요,automatic,high,proposal-only-not-applied
20160402_059,2016-04-02,59,energy-management,written,1,,energy-laws-inspection,에너지 관계법규·검사,existing-slug,energy-laws-and-inspection,energy-laws-and-inspection,existing,pending-owner-activation,frontmatter 관계 활성화 승인 필요,automatic,high,proposal-only-not-applied
20160402_060,2016-04-02,60,energy-management,written,1,,energy-laws-inspection,에너지 관계법규·검사,existing-slug,energy-laws-and-inspection,energy-laws-and-inspection,existing,pending-owner-activation,frontmatter 관계 활성화 승인 필요,automatic,high,proposal-only-not-applied
20160710_001,2016-07-10,1,energy-management,written,1,,boiler-types-construction,보일러 형식·구조·재료,split-candidate,boiler-operation-basics,boiler-types-construction,proposal-not-created,pending-owner-activation,신규 slug Owner 승인 필요,automatic,high,proposal-only-not-applied
20160710_002,2016-07-10,2,energy-management,written,1,,heat-steam-thermodynamics,열·증기·열역학 기초,existing-slug,boiler-operation-basics,boiler-operation-basics,existing,pending-owner-activation,frontmatter 관계 활성화 승인 필요,automatic,high,proposal-only-not-applied
20160710_003,2016-07-10,3,energy-management,written,1,,efficiency-output-heat-balance,효율·증발량·열정산,existing-slug,boiler-efficiency-heat-balance,boiler-efficiency-heat-balance,existing,pending-owner-activation,frontmatter 관계 활성화 승인 필요,automatic,high,proposal-only-not-applied
20160710_004,2016-07-10,4,energy-management,written,1,,safety-devices,안전장치·연소안전,existing-slug,boiler-protection-devices,boiler-protection-devices,existing,pending-owner-activation,frontmatter 관계 활성화 승인 필요,automatic,high,proposal-only-not-applied
20160710_005,2016-07-10,5,energy-management,written,1,,boiler-types-construction,보일러 형식·구조·재료,split-candidate,boiler-operation-basics,boiler-types-construction,proposal-not-created,pending-owner-activation,신규 slug Owner 승인 필요,automatic,high,proposal-only-not-applied
20160710_006,2016-07-10,6,energy-management,written,1,,fuel-properties,연료 특성·발열량,split-candidate,boiler-installation-combustion,fuel-properties,proposal-not-created,pending-owner-activation,신규 slug Owner 승인 필요,automatic,high,proposal-only-not-applied
20160710_007,2016-07-10,7,energy-management,written,1,,fuel-properties,연료 특성·발열량,split-candidate,boiler-installation-combustion,fuel-properties,proposal-not-created,pending-owner-activation,신규 slug Owner 승인 필요,automatic,high,proposal-only-not-applied
20160710_008,2016-07-10,8,energy-management,written,1,,efficiency-output-heat-balance,효율·증발량·열정산,existing-slug,boiler-efficiency-heat-balance,boiler-efficiency-heat-balance,existing,pending-owner-activation,frontmatter 관계 활성화 승인 필요,automatic,high,proposal-only-not-applied
20160710_009,2016-07-10,9,energy-management,written,1,,boiler-types-construction,보일러 형식·구조·재료,split-candidate,boiler-operation-basics,boiler-types-construction,proposal-not-created,pending-owner-activation,신규 slug Owner 승인 필요,automatic,high,proposal-only-not-applied
20160710_010,2016-07-10,10,energy-management,written,1,,efficiency-output-heat-balance,효율·증발량·열정산,existing-slug,boiler-efficiency-heat-balance,boiler-efficiency-heat-balance,existing,pending-owner-activation,frontmatter 관계 활성화 승인 필요,automatic,high,proposal-only-not-applied
20160710_011,2016-07-10,11,energy-management,written,1,,draft-flue-gas,통풍·연도·굴뚝,split-candidate,boiler-installation-combustion,draft-flue-gas,proposal-not-created,pending-owner-activation,신규 slug Owner 승인 필요,automatic,high,proposal-only-not-applied
20160710_012,2016-07-10,12,energy-management,written,1,,boiler-types-construction,보일러 형식·구조·재료,split-candidate,boiler-operation-basics,boiler-types-construction,proposal-not-created,pending-owner-activation,신규 slug Owner 승인 필요,automatic,medium,proposal-only-not-applied
20160710_013,2016-07-10,13,energy-management,written,1,,automatic-control-interlocks,자동제어·인터록,existing-slug,boiler-control-systems,boiler-control-systems,existing,pending-owner-activation,frontmatter 관계 활성화 승인 필요,automatic,high,proposal-only-not-applied
20160710_014,2016-07-10,14,energy-management,written,1,,safety-devices,안전장치·연소안전,existing-slug,boiler-protection-devices,boiler-protection-devices,existing,pending-owner-activation,frontmatter 관계 활성화 승인 필요,automatic,high,proposal-only-not-applied
20160710_015,2016-07-10,15,energy-management,written,1,,fuel-properties,연료 특성·발열량,split-candidate,boiler-installation-combustion,fuel-properties,proposal-not-created,pending-owner-activation,신규 slug Owner 승인 필요,automatic,high,proposal-only-not-applied
20160710_016,2016-07-10,16,energy-management,written,1,,auxiliary-feedwater-equipment,급수·부대설비,existing-slug,boiler-auxiliary-equipment,boiler-auxiliary-equipment,existing,pending-owner-activation,frontmatter 관계 활성화 승인 필요,automatic,high,proposal-only-not-applied
20160710_017,2016-07-10,17,energy-management,written,1,,fuel-properties,연료 특성·발열량,split-candidate,boiler-installation-combustion,fuel-properties,proposal-not-created,pending-owner-activation,신규 slug Owner 승인 필요,automatic,high,proposal-only-not-applied
20160710_018,2016-07-10,18,energy-management,written,1,,auxiliary-feedwater-equipment,급수·부대설비,existing-slug,boiler-auxiliary-equipment,boiler-auxiliary-equipment,existing,pending-owner-activation,frontmatter 관계 활성화 승인 필요,pdf-reviewed,low,proposal-only-not-applied
20160710_019,2016-07-10,19,energy-management,written,1,,burners-furnaces-atomization,버너·화격자·연소장치,split-candidate,boiler-installation-combustion,burners-furnaces-atomization,proposal-not-created,pending-owner-activation,신규 slug Owner 승인 필요,automatic,high,proposal-only-not-applied
20160710_020,2016-07-10,20,energy-management,written,1,,heat-steam-thermodynamics,열·증기·열역학 기초,existing-slug,boiler-operation-basics,boiler-operation-basics,existing,pending-owner-activation,frontmatter 관계 활성화 승인 필요,automatic,high,proposal-only-not-applied
20160710_021,2016-07-10,21,energy-management,written,1,,safety-devices,안전장치·연소안전,existing-slug,boiler-protection-devices,boiler-protection-devices,existing,pending-owner-activation,frontmatter 관계 활성화 승인 필요,automatic,high,proposal-only-not-applied
20160710_022,2016-07-10,22,energy-management,written,1,,heat-steam-thermodynamics,열·증기·열역학 기초,existing-slug,boiler-operation-basics,boiler-operation-basics,existing,pending-owner-activation,frontmatter 관계 활성화 승인 필요,automatic,high,proposal-only-not-applied
20160710_023,2016-07-10,23,energy-management,written,1,,efficiency-output-heat-balance,효율·증발량·열정산,existing-slug,boiler-efficiency-heat-balance,boiler-efficiency-heat-balance,existing,pending-owner-activation,frontmatter 관계 활성화 승인 필요,automatic,high,proposal-only-not-applied
20160710_024,2016-07-10,24,energy-management,written,1,,water-treatment-corrosion,수질관리·스케일·부식,existing-slug,boiler-water-treatment,boiler-water-treatment,existing,pending-owner-activation,frontmatter 관계 활성화 승인 필요,automatic,high,proposal-only-not-applied
20160710_025,2016-07-10,25,energy-management,written,1,,automatic-control-interlocks,자동제어·인터록,existing-slug,boiler-control-systems,boiler-control-systems,existing,pending-owner-activation,frontmatter 관계 활성화 승인 필요,automatic,medium,proposal-only-not-applied
20160710_026,2016-07-10,26,energy-management,written,1,,environmental-pollution-control,집진·환경설비,split-candidate,boiler-accessory-equipment,environmental-pollution-control,proposal-not-created,pending-owner-activation,신규 slug Owner 승인 필요,automatic,high,proposal-only-not-applied
20160710_027,2016-07-10,27,energy-management,written,1,,environmental-pollution-control,집진·환경설비,split-candidate,boiler-accessory-equipment,environmental-pollution-control,proposal-not-created,pending-owner-activation,신규 slug Owner 승인 필요,automatic,high,proposal-only-not-applied
20160710_028,2016-07-10,28,energy-management,written,1,,water-treatment-corrosion,수질관리·스케일·부식,existing-slug,boiler-water-treatment,boiler-water-treatment,existing,pending-owner-activation,frontmatter 관계 활성화 승인 필요,pdf-reviewed,low,proposal-only-not-applied
20160710_029,2016-07-10,29,energy-management,written,1,,draft-flue-gas,통풍·연도·굴뚝,split-candidate,boiler-installation-combustion,draft-flue-gas,proposal-not-created,pending-owner-activation,신규 slug Owner 승인 필요,automatic,high,proposal-only-not-applied
20160710_030,2016-07-10,30,energy-management,written,1,,water-treatment-corrosion,수질관리·스케일·부식,existing-slug,boiler-water-treatment,boiler-water-treatment,existing,pending-owner-activation,frontmatter 관계 활성화 승인 필요,automatic,high,proposal-only-not-applied
20160710_031,2016-07-10,31,energy-management,written,1,,water-treatment-corrosion,수질관리·스케일·부식,existing-slug,boiler-water-treatment,boiler-water-treatment,existing,pending-owner-activation,frontmatter 관계 활성화 승인 필요,automatic,high,proposal-only-not-applied
20160710_032,2016-07-10,32,energy-management,written,1,,water-treatment-corrosion,수질관리·스케일·부식,existing-slug,boiler-water-treatment,boiler-water-treatment,existing,pending-owner-activation,frontmatter 관계 활성화 승인 필요,automatic,high,proposal-only-not-applied
20160710_033,2016-07-10,33,energy-management,written,1,,heating-systems,증기·온수·복사난방,split-candidate,boiler-piping-insulation,heating-systems,proposal-not-created,pending-owner-activation,신규 slug Owner 승인 필요,automatic,high,proposal-only-not-applied
20160710_034,2016-07-10,34,energy-management,written,1,,piping-fittings-valves,배관·이음쇠·밸브,existing-slug,boiler-piping-insulation,boiler-piping-insulation,existing,pending-owner-activation,frontmatter 관계 활성화 승인 필요,automatic,high,proposal-only-not-applied
20160710_035,2016-07-10,35,energy-management,written,1,,heating-systems,증기·온수·복사난방,split-candidate,boiler-piping-insulation,heating-systems,proposal-not-created,pending-owner-activation,신규 slug Owner 승인 필요,automatic,high,proposal-only-not-applied
20160710_036,2016-07-10,36,energy-management,written,1,,insulation-materials,보온·단열재,split-candidate,boiler-piping-insulation,insulation-materials,proposal-not-created,pending-owner-activation,신규 slug Owner 승인 필요,automatic,high,proposal-only-not-applied
20160710_037,2016-07-10,37,energy-management,written,1,,piping-fittings-valves,배관·이음쇠·밸브,existing-slug,boiler-piping-insulation,boiler-piping-insulation,existing,pending-owner-activation,frontmatter 관계 활성화 승인 필요,automatic,high,proposal-only-not-applied
20160710_038,2016-07-10,38,energy-management,written,1,,heat-steam-thermodynamics,열·증기·열역학 기초,existing-slug,boiler-operation-basics,boiler-operation-basics,existing,pending-owner-activation,frontmatter 관계 활성화 승인 필요,automatic,high,proposal-only-not-applied
20160710_039,2016-07-10,39,energy-management,written,1,,heating-systems,증기·온수·복사난방,split-candidate,boiler-piping-insulation,heating-systems,proposal-not-created,pending-owner-activation,신규 slug Owner 승인 필요,automatic,high,proposal-only-not-applied
20160710_040,2016-07-10,40,energy-management,written,1,,water-treatment-corrosion,수질관리·스케일·부식,existing-slug,boiler-water-treatment,boiler-water-treatment,existing,pending-owner-activation,frontmatter 관계 활성화 승인 필요,automatic,medium,proposal-only-not-applied
20160710_041,2016-07-10,41,energy-management,written,1,,failures-accidents-safety,고장·사고·작업안전,existing-slug,boiler-work-safety,boiler-work-safety,existing,pending-owner-activation,frontmatter 관계 활성화 승인 필요,automatic,high,proposal-only-not-applied
20160710_042,2016-07-10,42,energy-management,written,1,,heating-systems,증기·온수·복사난방,split-candidate,boiler-piping-insulation,heating-systems,proposal-not-created,pending-owner-activation,신규 slug Owner 승인 필요,automatic,high,proposal-only-not-applied
20160710_043,2016-07-10,43,energy-management,written,1,,boiler-types-construction,보일러 형식·구조·재료,split-candidate,boiler-operation-basics,boiler-types-construction,proposal-not-created,pending-owner-activation,신규 slug Owner 승인 필요,automatic,high,proposal-only-not-applied
20160710_044,2016-07-10,44,energy-management,written,1,,piping-fittings-valves,배관·이음쇠·밸브,existing-slug,boiler-piping-insulation,boiler-piping-insulation,existing,pending-owner-activation,frontmatter 관계 활성화 승인 필요,automatic,high,proposal-only-not-applied
20160710_045,2016-07-10,45,energy-management,written,1,,piping-fittings-valves,배관·이음쇠·밸브,existing-slug,boiler-piping-insulation,boiler-piping-insulation,existing,pending-owner-activation,frontmatter 관계 활성화 승인 필요,automatic,high,proposal-only-not-applied
20160710_046,2016-07-10,46,energy-management,written,1,,insulation-materials,보온·단열재,split-candidate,boiler-piping-insulation,insulation-materials,proposal-not-created,pending-owner-activation,신규 slug Owner 승인 필요,automatic,high,proposal-only-not-applied
20160710_047,2016-07-10,47,energy-management,written,1,,operation-maintenance-preservation,기동·운전·정지·보존,existing-slug,boiler-operation-maintenance,boiler-operation-maintenance,existing,pending-owner-activation,frontmatter 관계 활성화 승인 필요,automatic,medium,proposal-only-not-applied
20160710_048,2016-07-10,48,energy-management,written,1,,heating-load-radiators,난방부하·방열기 계산,split-candidate,boiler-installation-combustion,heating-load-radiators,proposal-not-created,pending-owner-activation,신규 slug Owner 승인 필요,automatic,high,proposal-only-not-applied
20160710_049,2016-07-10,49,energy-management,written,1,,heating-load-radiators,난방부하·방열기 계산,split-candidate,boiler-installation-combustion,heating-load-radiators,proposal-not-created,pending-owner-activation,신규 slug Owner 승인 필요,automatic,high,proposal-only-not-applied
20160710_050,2016-07-10,50,energy-management,written,1,,water-treatment-corrosion,수질관리·스케일·부식,existing-slug,boiler-water-treatment,boiler-water-treatment,existing,pending-owner-activation,frontmatter 관계 활성화 승인 필요,automatic,high,proposal-only-not-applied
20160710_051,2016-07-10,51,energy-management,written,1,,failures-accidents-safety,고장·사고·작업안전,existing-slug,boiler-work-safety,boiler-work-safety,existing,pending-owner-activation,frontmatter 관계 활성화 승인 필요,automatic,high,proposal-only-not-applied
20160710_052,2016-07-10,52,energy-management,written,1,,steam-traps-condensate,증기트랩·응축수 환수,split-candidate,boiler-piping-insulation,steam-traps-condensate,proposal-not-created,pending-owner-activation,신규 slug Owner 승인 필요,automatic,high,proposal-only-not-applied
20160710_053,2016-07-10,53,energy-management,written,1,,piping-fittings-valves,배관·이음쇠·밸브,existing-slug,boiler-piping-insulation,boiler-piping-insulation,existing,pending-owner-activation,frontmatter 관계 활성화 승인 필요,automatic,high,proposal-only-not-applied
20160710_054,2016-07-10,54,energy-management,written,1,,piping-fittings-valves,배관·이음쇠·밸브,existing-slug,boiler-piping-insulation,boiler-piping-insulation,existing,pending-owner-activation,frontmatter 관계 활성화 승인 필요,automatic,high,proposal-only-not-applied
20160710_055,2016-07-10,55,energy-management,written,1,jpg 확필,energy-laws-inspection,에너지 관계법규·검사,existing-slug,energy-laws-and-inspection,energy-laws-and-inspection,existing,exclude,그림 문항 공개 검토 유지,pdf-reviewed,high,proposal-only-not-applied
20160710_056,2016-07-10,56,energy-management,written,1,,energy-laws-inspection,에너지 관계법규·검사,existing-slug,energy-laws-and-inspection,energy-laws-and-inspection,existing,pending-owner-activation,frontmatter 관계 활성화 승인 필요,automatic,high,proposal-only-not-applied
20160710_057,2016-07-10,57,energy-management,written,1,,energy-laws-inspection,에너지 관계법규·검사,existing-slug,energy-laws-and-inspection,energy-laws-and-inspection,existing,pending-owner-activation,frontmatter 관계 활성화 승인 필요,automatic,high,proposal-only-not-applied
20160710_058,2016-07-10,58,energy-management,written,1,,energy-laws-inspection,에너지 관계법규·검사,existing-slug,energy-laws-and-inspection,energy-laws-and-inspection,existing,pending-owner-activation,frontmatter 관계 활성화 승인 필요,automatic,high,proposal-only-not-applied
20160710_059,2016-07-10,59,energy-management,written,1,,energy-laws-inspection,에너지 관계법규·검사,existing-slug,energy-laws-and-inspection,energy-laws-and-inspection,existing,pending-owner-activation,frontmatter 관계 활성화 승인 필요,automatic,high,proposal-only-not-applied
20160710_060,2016-07-10,60,energy-management,written,1,,energy-laws-inspection,에너지 관계법규·검사,existing-slug,energy-laws-and-inspection,energy-laws-and-inspection,existing,pending-owner-activation,frontmatter 관계 활성화 승인 필요,automatic,high,proposal-only-not-applied
