question_id,date,number,review,primary_topic,primary_title,current_slug,final_topic,final_title,final_current_slug,review_resolution,score,runner_up,runner_up_score,confidence,tied,secondary_topics,matched_terms,body
20100131_001,2010-01-31,1,,auxiliary-feedwater-equipment,급수·부대설비,boiler-auxiliary-equipment,auxiliary-feedwater-equipment,급수·부대설비,boiler-auxiliary-equipment,automatic,16,piping-fittings-valves,14,medium,false,piping-fittings-valves:14 | boiler-types-construction:12,본문:공기예열기,"수직의 다수 강관이나 주철관을 사용하여 연소가스는 관내를, 공기는 관 외부를 직각으로 흐르게 하여 관의 열전도로 공기를 가열하는 공기예열기는?"
20100131_002,2010-01-31,2,,fuel-properties,연료 특성·발열량,boiler-installation-combustion,fuel-properties,연료 특성·발열량,boiler-installation-combustion,automatic,16,heat-steam-thermodynamics,7,high,false,,본문:인화·발화,연료의 인화점에 대한 설명으로 가장 옳은 것은?
20100131_003,2010-01-31,3,,efficiency-output-heat-balance,효율·증발량·열정산,boiler-efficiency-heat-balance,efficiency-output-heat-balance,효율·증발량·열정산,boiler-efficiency-heat-balance,automatic,20,heat-steam-thermodynamics,7,high,false,,본문:열정산,보일러 열정산의 조건과 관련된 설명으로 틀린 것은?
20100131_004,2010-01-31,4,,fuel-properties,연료 특성·발열량,boiler-installation-combustion,fuel-properties,연료 특성·발열량,boiler-installation-combustion,automatic,35,combustion-air-calculation,3,high,false,,본문:연료 종류 | 선택지:석탄 | 선택지:발열량 | 선택지:연료 성분,보일러 연료의 구비조건으로 틀린 것은?
20100131_005,2010-01-31,5,,automatic-control-interlocks,자동제어·인터록,boiler-control-systems,automatic-control-interlocks,자동제어·인터록,boiler-control-systems,automatic,36,auxiliary-feedwater-equipment,0,high,false,,본문:자동제어 | 본문:제어동작,보일러의 자동제어를 제어동작에 따라 구분할 때 연속동작에 해당되는 것은?
20100131_006,2010-01-31,6,jpg 확필,draft-flue-gas,통풍·연도·굴뚝,boiler-installation-combustion,draft-flue-gas,통풍·연도·굴뚝,boiler-installation-combustion,pdf-reviewed,44,automatic-control-interlocks,0,high,false,,본문:통풍 | 본문:송풍기 | 본문:풍량,"통풍기의 소요동력을 구하는 식으로 옳은 것은? (단, Q : 풍량(㎥/min), P : 통풍압(㎜Aq), η : 효율)"
20100131_007,2010-01-31,7,,burners-furnaces-atomization,버너·화격자·연소장치,boiler-installation-combustion,burners-furnaces-atomization,버너·화격자·연소장치,boiler-installation-combustion,automatic,20,automatic-control-interlocks,0,high,false,,본문:버너,가스버너의 종류를 혼합방식에 따라 세분할 때 강제혼합식에 해당되지 않는 것은?
20100131_008,2010-01-31,8,,fuel-properties,연료 특성·발열량,boiler-installation-combustion,fuel-properties,연료 특성·발열량,boiler-installation-combustion,automatic,35,heat-steam-thermodynamics,7,high,false,,본문:연료 종류 | 선택지:석탄 | 선택지:발열량 | 선택지:연료 성분,보일러 액체 연료의 특징 설명으로 틀린 것은?
20100131_009,2010-01-31,9,,heat-steam-thermodynamics,열·증기·열역학 기초,boiler-operation-basics,heat-steam-thermodynamics,열·증기·열역학 기초,boiler-operation-basics,automatic,39,automatic-control-interlocks,0,high,false,,선택지:엔탈피·잠열 | 본문:열역학 상태변화 | 본문:비열·열량,상태변화 없이 물체의 온도 변화에만 소요되는 열량은?
20100131_010,2010-01-31,10,,heat-steam-thermodynamics,열·증기·열역학 기초,boiler-operation-basics,heat-steam-thermodynamics,열·증기·열역학 기초,boiler-operation-basics,automatic,9,automatic-control-interlocks,0,medium,false,,선택지:증기 상태,액체가 모두 증기가 된 상태이며 이때의 온도는 포화온도이고 증기만 존재한다. 이러한 상태의 증기를 무슨 증기라고 하는가?
20100131_011,2010-01-31,11,,boiler-types-construction,보일러 형식·구조·재료,boiler-operation-basics,boiler-types-construction,보일러 형식·구조·재료,boiler-operation-basics,automatic,20,operation-maintenance-preservation,6,high,false,,선택지:보일러 구조 | 본문:급수내관·수위,보일러의 안전 저수면 이란?
20100131_012,2010-01-31,12,,efficiency-output-heat-balance,효율·증발량·열정산,boiler-efficiency-heat-balance,efficiency-output-heat-balance,효율·증발량·열정산,boiler-efficiency-heat-balance,automatic,20,heat-steam-thermodynamics,9,high,false,,본문:열정산,보일러의 열손실에 해당되지 않는 것은?
20100131_013,2010-01-31,13,,boiler-types-construction,보일러 형식·구조·재료,boiler-operation-basics,boiler-types-construction,보일러 형식·구조·재료,boiler-operation-basics,automatic,30,automatic-control-interlocks,0,high,false,,본문:보일러 형식 | 본문:보일러 구조,"수관식 보일러에서 전열면적을 구하는 식으로 옳은 것은? (단, 수관의 외경 : d, 수관의 길이 : L, 개수 : n이다.)"
20100131_014,2010-01-31,14,,auxiliary-feedwater-equipment,급수·부대설비,boiler-auxiliary-equipment,auxiliary-feedwater-equipment,급수·부대설비,boiler-auxiliary-equipment,automatic,28,water-treatment-corrosion,16,high,false,water-treatment-corrosion:16,선택지:절탄기 | 선택지:공기예열기 | 선택지:과열·재열,재의 부착으로 생기는 고온부식이 잘 일어나는 장치는?
20100131_015,2010-01-31,15,,burners-furnaces-atomization,버너·화격자·연소장치,boiler-installation-combustion,burners-furnaces-atomization,버너·화격자·연소장치,boiler-installation-combustion,automatic,26,draft-flue-gas,7,high,false,,선택지:버너 | 본문:화격자·연소장치,보일러 연소장치와 가장 거리가 먼 것은?
20100131_016,2010-01-31,16,,safety-devices,안전장치·연소안전,boiler-protection-devices,safety-devices,안전장치·연소안전,boiler-protection-devices,automatic,32,heat-steam-thermodynamics,14,high,false,,선택지:안전밸브·방출밸브 | 선택지:저수위 보호 | 선택지:화염 감시 | 선택지:압력 보호,보일러의 증기압력은 증기 사용량과 증기 발생량의 균형이 유지되지 않을 때에 변동이 일어난다. 이러한 변동에 대해 연료량과 공기량을 비례 조절하거나 최고사용압력에 도달하기 전에 연료의 공급을 중지시키는 장치는?
20100131_017,2010-01-31,17,,heat-steam-thermodynamics,열·증기·열역학 기초,boiler-operation-basics,heat-steam-thermodynamics,열·증기·열역학 기초,boiler-operation-basics,automatic,16,insulation-materials,8,high,false,,본문:열역학 상태변화,동작유체의 상태변화에서 에너지의 이동이 없는 변화는?
20100131_018,2010-01-31,18,,heat-steam-thermodynamics,열·증기·열역학 기초,boiler-operation-basics,heat-steam-thermodynamics,열·증기·열역학 기초,boiler-operation-basics,automatic,14,automatic-control-interlocks,0,high,false,,본문:기체 법칙,"표준상태(온도 0℃, 기압 760㎜Hg)에 있어서 기체의 용적단위로 맞는 것은?"
20100131_019,2010-01-31,19,,automatic-control-interlocks,자동제어·인터록,boiler-control-systems,automatic-control-interlocks,자동제어·인터록,boiler-control-systems,automatic,42,piping-fittings-valves,5,high,false,,본문:자동제어 | 본문:제어량·조작량 | 선택지:수위·압력 제어,보일러 자동제어 신호전달 방식 중 공기압 신호전송의 특징 설명으로 틀린 것은?
20100131_020,2010-01-31,20,,efficiency-output-heat-balance,효율·증발량·열정산,boiler-efficiency-heat-balance,efficiency-output-heat-balance,효율·증발량·열정산,boiler-efficiency-heat-balance,automatic,32,boiler-types-construction,18,high,false,boiler-types-construction:18,본문:보일러 효율 | 본문:출력·부하율,"최고사용압력 0.35MPa이하이고, 전열면적이 5㎡ 이하인 소용량보일러로의 열효율은 표시정격용량 이상의 부하에서 고위발열량 기준 몇 % 이상이어야 하는가?"
20100131_021,2010-01-31,21,,boiler-types-construction,보일러 형식·구조·재료,boiler-operation-basics,boiler-types-construction,보일러 형식·구조·재료,boiler-operation-basics,automatic,30,water-treatment-corrosion,10,high,false,,본문:보일러 형식 | 본문:보일러 구조,수관식 보일러의 특징 설명으로 틀린 것은?
20100131_022,2010-01-31,22,,auxiliary-feedwater-equipment,급수·부대설비,boiler-auxiliary-equipment,auxiliary-feedwater-equipment,급수·부대설비,boiler-auxiliary-equipment,automatic,18,automatic-control-interlocks,0,high,false,,본문:급수펌프,웨어펌프의 특징으로 틀린 것은?
20100131_023,2010-01-31,23,,water-treatment-corrosion,수질관리·스케일·부식,boiler-water-treatment,water-treatment-corrosion,수질관리·스케일·부식,boiler-water-treatment,automatic,28,fuel-properties,10,high,false,,본문:수처리 | 선택지:캐리오버,보일러수 중에 용해되어 있는 고형분이나 수분이 증기의 흐름에 따라 발생증기에 포함되어 분출되는 현상은?
20100131_024,2010-01-31,24,,instruments-accessories,계측·부속장치,boiler-accessory-equipment,instruments-accessories,계측·부속장치,boiler-accessory-equipment,automatic,23,auxiliary-feedwater-equipment,7,high,false,,본문:부속장치 | 선택지:분출장치,보일러 부속장치가 아닌 것은?
20100131_025,2010-01-31,25,,safety-devices,안전장치·연소안전,boiler-protection-devices,safety-devices,안전장치·연소안전,boiler-protection-devices,automatic,53,piping-fittings-valves,8,high,false,,본문:안전장치 | 선택지:안전밸브·방출밸브 | 선택지:저수위 보호 | 선택지:수위경보기 | 선택지:화염 감시,보일러의 안전장치와 가장 관계가 없는 것은?
20100131_026,2010-01-31,26,,instruments-accessories,계측·부속장치,boiler-accessory-equipment,instruments-accessories,계측·부속장치,boiler-accessory-equipment,automatic,18,operation-maintenance-preservation,10,high,false,operation-maintenance-preservation:10,본문:수트블로워,수트블로워(soot blower)시 주의 사항으로 틀린 것은?
20100131_027,2010-01-31,27,,environmental-pollution-control,집진·환경설비,boiler-accessory-equipment,environmental-pollution-control,집진·환경설비,boiler-accessory-equipment,automatic,29,automatic-control-interlocks,0,high,false,,본문:집진장치 | 선택지:집진 방식,집진장치 중 집진효율은 높으나 압력손실이 낮은 형식은?
20100131_028,2010-01-31,28,,boiler-types-construction,보일러 형식·구조·재료,boiler-operation-basics,boiler-types-construction,보일러 형식·구조·재료,boiler-operation-basics,automatic,38,automatic-control-interlocks,0,high,false,,본문:보일러 형식 | 선택지:형식 고유명 | 본문:보일러 구조,수관식 보일러 중 관류식에 해당되는 것은?
20100131_029,2010-01-31,29,,instruments-accessories,계측·부속장치,boiler-accessory-equipment,instruments-accessories,계측·부속장치,boiler-accessory-equipment,automatic,18,boiler-types-construction,12,high,false,boiler-types-construction:12,본문:분출장치,분출밸브의 크기는 전열면적이 10m2 이하의 경우 호칭지름 몇 ㎜ 이상으로 할 수 있는가?
20100131_030,2010-01-31,30,,operation-maintenance-preservation,기동·운전·정지·보존,boiler-operation-maintenance,operation-maintenance-preservation,기동·운전·정지·보존,boiler-operation-maintenance,automatic,19,draft-flue-gas,16,medium,false,draft-flue-gas:16 | failures-accidents-safety:12,선택지:기동·점화 | 본문:정상운전·송기,보일러 연소 조작중의 역화의 원인에 해당되지 않는 것은?
20100131_031,2010-01-31,31,,heating-systems,증기·온수·복사난방,boiler-piping-insulation,heating-systems,증기·온수·복사난방,boiler-piping-insulation,automatic,15,automatic-control-interlocks,0,high,false,,선택지:난방 방식 | 본문:방열기,건물의 각 실내에 방열기를 설치하여 증기 또는 온수로 난방하는 방식은?
20100131_032,2010-01-31,32,,water-treatment-corrosion,수질관리·스케일·부식,boiler-water-treatment,water-treatment-corrosion,수질관리·스케일·부식,boiler-water-treatment,automatic,38,auxiliary-feedwater-equipment,17,high,false,,본문:수처리 | 본문:스케일,보일러의 수처리에서 진공탈기기의 감압장치로 쓰이는 것은?
20100131_033,2010-01-31,33,,heating-load-radiators,난방부하·방열기 계산,boiler-installation-combustion,heating-load-radiators,난방부하·방열기 계산,boiler-installation-combustion,automatic,38,heat-steam-thermodynamics,14,high,false,,본문:방열기 계산 | 본문:난방 계산,"어떤 주철제 방열기 내의 증기의 평균온도가 110℃이고, 실내온도가 18℃일 때, 방열기의 방열량은? (단, 방열기의 방열계수는 7.2kcal/m2·h·℃이다.)"
20100131_034,2010-01-31,34,,auxiliary-feedwater-equipment,급수·부대설비,boiler-auxiliary-equipment,auxiliary-feedwater-equipment,급수·부대설비,boiler-auxiliary-equipment,automatic,16,fuel-properties,5,high,false,,선택지:과열·재열 | 선택지:급수장치,보일러내의 급수 시 주의시항으로 틀린 것은?
20100131_035,2010-01-31,35,,failures-accidents-safety,고장·사고·작업안전,boiler-work-safety,failures-accidents-safety,고장·사고·작업안전,boiler-work-safety,automatic,12,combustion-air-calculation,9,medium,false,combustion-air-calculation:9 | draft-flue-gas:7,본문:연소 이상,보일러 점화불량의 원인에 해당되지 않는 것은?
20100131_036,2010-01-31,36,,heat-steam-thermodynamics,열·증기·열역학 기초,boiler-operation-basics,heating-load-radiators,난방부하·방열기 계산,boiler-installation-combustion,pdf-reviewed,14,heating-load-radiators,14,low,true,heating-load-radiators:14,본문:비열·열량,냉각된 보일러를 운전 온도가 될 때까지 가열하는데 필요한 열량과 장치 내에 보유하는 물을 가열하는데 필요한 열량의 합을 무엇이라고 하는가?
20100131_037,2010-01-31,37,,operation-maintenance-preservation,기동·운전·정지·보존,boiler-operation-maintenance,operation-maintenance-preservation,기동·운전·정지·보존,boiler-operation-maintenance,automatic,16,draft-flue-gas,7,high,false,,본문:정지,보일러 운전정지 순서에 들어갈 내용으로 틀린 것은?
20100131_038,2010-01-31,38,,boiler-types-construction,보일러 형식·구조·재료,boiler-operation-basics,boiler-types-construction,보일러 형식·구조·재료,boiler-operation-basics,automatic,12,failures-accidents-safety,7,high,false,failures-accidents-safety:7,본문:보일러 구조,과열된 보일러 동체가 내부 압력에 견디지 못하고 외부로 부풀어 나오는 현상은?
20100131_039,2010-01-31,39,,instruments-accessories,계측·부속장치,boiler-accessory-equipment,instruments-accessories,계측·부속장치,boiler-accessory-equipment,automatic,20,operation-maintenance-preservation,8,high,false,,본문:수면계,증기 보일러에서 수면계의 점검시기에 대한 설명으로 틀린 것은?
20100131_040,2010-01-31,40,,heating-systems,증기·온수·복사난방,boiler-piping-insulation,heating-systems,증기·온수·복사난방,boiler-piping-insulation,automatic,21,heating-load-radiators,10,high,false,,본문:난방 방식 | 선택지:방열기,증기난방의 특징에 대한 설명으로 틀린 것은?
20100131_041,2010-01-31,41,,operation-maintenance-preservation,기동·운전·정지·보존,boiler-operation-maintenance,operation-maintenance-preservation,기동·운전·정지·보존,boiler-operation-maintenance,automatic,18,automatic-control-interlocks,0,high,false,,본문:보존,보일러 만수보존법의 설명으로 틀린 것은?
20100131_042,2010-01-31,42,,safety-devices,안전장치·연소안전,boiler-protection-devices,safety-devices,안전장치·연소안전,boiler-protection-devices,automatic,18,automatic-control-interlocks,0,high,false,,본문:안전밸브·방출밸브,액상식 열매체보일러 및 온도 120℃이하의 온수 발생 보일러에 설치하는 방출밸브의 지름은 몇 ㎜ 이상으로 해야 하는가?
20100131_043,2010-01-31,43,,instruments-accessories,계측·부속장치,boiler-accessory-equipment,instruments-accessories,계측·부속장치,boiler-accessory-equipment,automatic,16,piping-fittings-valves,12,high,false,piping-fittings-valves:12,본문:압력·온도·유량계,증기보일러의 압력계 부착에 대한 설명으로 틀린 것은?
20100131_044,2010-01-31,44,,safety-devices,안전장치·연소안전,boiler-protection-devices,safety-devices,안전장치·연소안전,boiler-protection-devices,automatic,36,automatic-control-interlocks,0,high,false,,본문:안전장치 | 본문:저수위 보호,저수위안전장치는 연료차단 전에 경보가 울려야 한다. 이때 경보음은 몇 dB이상이어야 하는가?
20100131_045,2010-01-31,45,,heating-systems,증기·온수·복사난방,boiler-piping-insulation,heating-systems,증기·온수·복사난방,boiler-piping-insulation,automatic,18,insulation-materials,10,high,false,insulation-materials:10,본문:난방 방식,온수온돌의 설치 시 단점에 해당되지 않는 것은?
20100131_046,2010-01-31,46,,heating-systems,증기·온수·복사난방,boiler-piping-insulation,heating-systems,증기·온수·복사난방,boiler-piping-insulation,automatic,18,efficiency-output-heat-balance,10,high,false,efficiency-output-heat-balance:10,본문:난방 방식,복사난방에 대한 특징을 설명한 것으로 틀린 것은?
20100131_047,2010-01-31,47,,water-treatment-corrosion,수질관리·스케일·부식,boiler-water-treatment,water-treatment-corrosion,수질관리·스케일·부식,boiler-water-treatment,automatic,16,automatic-control-interlocks,0,high,false,,본문:부식,보일러 부식 중 용융재가 부착한 환경에서 일어나는 부식은?
20100131_048,2010-01-31,48,,steam-traps-condensate,증기트랩·응축수 환수,boiler-piping-insulation,steam-traps-condensate,증기트랩·응축수 환수,boiler-piping-insulation,automatic,7,automatic-control-interlocks,0,medium,false,,선택지:응축수,"트랩과 같이 주요 부품이나 기기 등의 고장, 수리, 교체 등에 대비하여 설치하는 것은?"
20100131_049,2010-01-31,49,,efficiency-output-heat-balance,효율·증발량·열정산,boiler-efficiency-heat-balance,efficiency-output-heat-balance,효율·증발량·열정산,boiler-efficiency-heat-balance,automatic,10,auxiliary-feedwater-equipment,7,medium,false,auxiliary-feedwater-equipment:7 | combustion-air-calculation:6,선택지:보일러 효율,보일러의 연소 시 주의사항 중 급격한 연소가 되어서는 안 되는 이유로 가장 옳은 것은?
20100131_050,2010-01-31,50,,safety-devices,안전장치·연소안전,boiler-protection-devices,safety-devices,안전장치·연소안전,boiler-protection-devices,automatic,18,boiler-types-construction,12,high,false,boiler-types-construction:12,본문:안전밸브·방출밸브,보일러의 전열면적이 20㎡ 이상일 경우 방출관의 안지름은 몇 ㎜ 이상이어야 하는가?
20100131_051,2010-01-31,51,,instruments-accessories,계측·부속장치,boiler-accessory-equipment,instruments-accessories,계측·부속장치,boiler-accessory-equipment,automatic,20,operation-maintenance-preservation,8,high,false,,본문:수면계,플로트식 수위검출기 보수 및 점검에 관한 내용으로 가장 거리가 먼 것은?
20100131_052,2010-01-31,52,,boiler-types-construction,보일러 형식·구조·재료,boiler-operation-basics,boiler-types-construction,보일러 형식·구조·재료,boiler-operation-basics,automatic,46,automatic-control-interlocks,0,high,false,,본문:보일러 형식 | 본문:재료·제작 | 본문:수압시험 | 본문:최고사용압력,주철제 보일러의 최고사용압력이 0.30MPa인 경우 수압시험압력은?
20100131_053,2010-01-31,53,,heating-systems,증기·온수·복사난방,boiler-piping-insulation,heating-systems,증기·온수·복사난방,boiler-piping-insulation,automatic,21,heating-load-radiators,19,medium,false,heating-load-radiators:19,본문:난방 방식 | 선택지:방열기,온수난방의 설명으로 맞는 것은?
20100131_054,2010-01-31,54,,heating-load-radiators,난방부하·방열기 계산,boiler-installation-combustion,heating-load-radiators,난방부하·방열기 계산,boiler-installation-combustion,automatic,18,efficiency-output-heat-balance,10,high,false,efficiency-output-heat-balance:10,본문:난방부하,난방부하의 계산 방법으로 맞지 않는 것은?
20100131_055,2010-01-31,55,,energy-laws-inspection,에너지 관계법규·검사,energy-laws-and-inspection,energy-laws-inspection,에너지 관계법규·검사,energy-laws-and-inspection,automatic,32,automatic-control-interlocks,0,high,false,,본문:에너지이용합리화법 | 본문:효율관리,에너지이용합리화법상 효율관리 기자재의 에너지 사용량을 측정 받아 에너지소비효율 등급 또는 에너지소비효율을 해당 효율관리 기자재에 표시할 수 있도록 측정하는 기관은?
20100131_056,2010-01-31,56,,energy-laws-inspection,에너지 관계법규·검사,energy-laws-and-inspection,energy-laws-inspection,에너지 관계법규·검사,energy-laws-and-inspection,automatic,40,automatic-control-interlocks,0,high,false,,본문:에너지이용합리화법 | 선택지:법령·행정 | 본문:열사용기자재,"에너지이용합리화법상 시공업자단체의 설립, 정관의 기재사항과 감독에 관하여 필요한 사항을 정하는 령은?"
20100131_057,2010-01-31,57,,energy-laws-inspection,에너지 관계법규·검사,energy-laws-and-inspection,energy-laws-inspection,에너지 관계법규·검사,energy-laws-and-inspection,automatic,26,automatic-control-interlocks,0,high,false,,본문:열사용기자재 | 본문:검사 행정,검사대상기기의 검사의 종류 중 계속사용검사의 종류에 해당되지 않는 것은?
20100131_058,2010-01-31,58,,energy-laws-inspection,에너지 관계법규·검사,energy-laws-and-inspection,energy-laws-inspection,에너지 관계법규·검사,energy-laws-and-inspection,automatic,42,automatic-control-interlocks,0,high,false,,본문:에너지이용합리화법 | 본문:법령·행정 | 본문:에너지사용·진단,에너지이용합리화법 시행령에서 에너지다소비사업자라 함은 연료·열 및 전력의 연간 사용량 합계가 얼마 이상 인 경우인가?
20100131_059,2010-01-31,59,,energy-laws-inspection,에너지 관계법규·검사,energy-laws-and-inspection,energy-laws-inspection,에너지 관계법규·검사,energy-laws-and-inspection,automatic,22,draft-flue-gas,7,high,false,,본문:법령·행정 | 본문:에너지사용·진단,에너지다소비업자가 지식경제부령으로 정하는 바에 따라 시·도지사에게 신고해야 하는 사항과 관련이 없는 것은?
20100131_060,2010-01-31,60,,energy-laws-inspection,에너지 관계법규·검사,energy-laws-and-inspection,energy-laws-inspection,에너지 관계법규·검사,energy-laws-and-inspection,automatic,20,automatic-control-interlocks,0,high,false,,본문:에너지이용합리화법,에너지이용합리화법의 기본 목적이 아닌 것은?
20100328_001,2010-03-28,1,,piping-fittings-valves,배관·이음쇠·밸브,boiler-piping-insulation,piping-fittings-valves,배관·이음쇠·밸브,boiler-piping-insulation,automatic,16,automatic-control-interlocks,0,high,false,,본문:밸브 일반,보일러 주증기 밸브의 일반적인 형식으로 증기의 흐름방향을 90°바꾸어 주는 밸브는?
20100328_002,2010-03-28,2,,auxiliary-feedwater-equipment,급수·부대설비,boiler-auxiliary-equipment,auxiliary-feedwater-equipment,급수·부대설비,boiler-auxiliary-equipment,automatic,18,automatic-control-interlocks,0,high,false,,본문:급수펌프,급수펌프 중 왕복식 펌프가 아닌 것은?
20100328_003,2010-03-28,3,,burners-furnaces-atomization,버너·화격자·연소장치,boiler-installation-combustion,burners-furnaces-atomization,버너·화격자·연소장치,boiler-installation-combustion,automatic,8,combustion-air-calculation,3,medium,false,,선택지:화격자·연소장치,보일러의 3대 구성요소에 해당하지 않는 것은?
20100328_004,2010-03-28,4,,heat-steam-thermodynamics,열·증기·열역학 기초,boiler-operation-basics,heat-steam-thermodynamics,열·증기·열역학 기초,boiler-operation-basics,automatic,18,automatic-control-interlocks,0,high,false,,본문:증기 상태,포화온도상태에서 증기의 건조도가 1이면 어떤 증기인가?
20100328_005,2010-03-28,5,,fuel-properties,연료 특성·발열량,boiler-installation-combustion,fuel-properties,연료 특성·발열량,boiler-installation-combustion,automatic,49,combustion-air-calculation,19,high,false,,본문:연료 종류 | 선택지:석탄 | 본문:가스 연료 | 선택지:발열량 | 선택지:연료 성분,기체연료의 특징에 대한 설명으로 틀린 것은?
20100328_006,2010-03-28,6,,efficiency-output-heat-balance,효율·증발량·열정산,boiler-efficiency-heat-balance,efficiency-output-heat-balance,효율·증발량·열정산,boiler-efficiency-heat-balance,automatic,40,draft-flue-gas,8,high,false,,본문:보일러 효율 | 본문:열정산,"보일러 열효율 정산방법에서 보일러 열정산의 기준온도로 주로 사용되는 것은? (단, 육상용 보일러의 열정산방식 KS B 6205 기준)"
20100328_007,2010-03-28,7,,burners-furnaces-atomization,버너·화격자·연소장치,boiler-installation-combustion,burners-furnaces-atomization,버너·화격자·연소장치,boiler-installation-combustion,pdf-reviewed,16,combustion-air-calculation,15,low,false,combustion-air-calculation:15 | efficiency-output-heat-balance:10,본문:화격자·연소장치,보일러 연소장치의 선정기준에 대한 설명으로 틀린 것은?
20100328_008,2010-03-28,8,,efficiency-output-heat-balance,효율·증발량·열정산,boiler-efficiency-heat-balance,efficiency-output-heat-balance,효율·증발량·열정산,boiler-efficiency-heat-balance,automatic,22,heat-steam-thermodynamics,18,high,false,heat-steam-thermodynamics:18,본문:증발량,"증기보일러의 상당증발량 계산식으로 옳은 것은? (단, G : 실제증발량(kg/h), i1 : 급수의 엔탈피(kcal/kg), i2 : 발생증기의 엔탈피(kcal/kg))"
20100328_009,2010-03-28,9,,environmental-pollution-control,집진·환경설비,boiler-accessory-equipment,environmental-pollution-control,집진·환경설비,boiler-accessory-equipment,automatic,20,automatic-control-interlocks,0,high,false,,본문:집진장치,집진장치의 종류 중 건식집진장치 종류가 아닌 것은?
20100328_010,2010-03-28,10,,fuel-properties,연료 특성·발열량,boiler-installation-combustion,fuel-properties,연료 특성·발열량,boiler-installation-combustion,automatic,36,automatic-control-interlocks,0,high,false,,본문:유류·중유 | 본문:발열량 | 본문:연료 성분,"수소 13%, 수분 0.5%가 포함되어 있는 어떤 중유의 고위 발열량이 9,700Kcal/Kg이다. 이 중유의 저위 발열량은?"
20100328_011,2010-03-28,11,,draft-flue-gas,통풍·연도·굴뚝,boiler-installation-combustion,draft-flue-gas,통풍·연도·굴뚝,boiler-installation-combustion,automatic,26,automatic-control-interlocks,0,high,false,,본문:송풍기 | 본문:풍량,"풍량이 120m3/min, 풍압 35㎜Aq, 송풍기의 소요동력은 약 얼마인가? (단, 효율은 60%이다.)"
20100328_012,2010-03-28,12,,safety-devices,안전장치·연소안전,boiler-protection-devices,safety-devices,안전장치·연소안전,boiler-protection-devices,automatic,18,automatic-control-interlocks,0,high,false,,본문:안전밸브·방출밸브,보일러에서 안전밸브의 분출면적은 고압일수록 저압일 때보다 어떠해야 하는가?
20100328_013,2010-03-28,13,,efficiency-output-heat-balance,효율·증발량·열정산,boiler-efficiency-heat-balance,efficiency-output-heat-balance,효율·증발량·열정산,boiler-efficiency-heat-balance,automatic,16,automatic-control-interlocks,0,high,false,,본문:보일러마력,보일러 1마력에 대한 설명으로 옳은 것은?
20100328_014,2010-03-28,14,,boiler-types-construction,보일러 형식·구조·재료,boiler-operation-basics,boiler-types-construction,보일러 형식·구조·재료,boiler-operation-basics,automatic,12,heat-steam-thermodynamics,9,medium,false,heat-steam-thermodynamics:9,본문:보일러 구조,수관보일러에서 강제 순환식으로 하는 가장 큰 이유는?
20100328_015,2010-03-28,15,,boiler-types-construction,보일러 형식·구조·재료,boiler-operation-basics,boiler-types-construction,보일러 형식·구조·재료,boiler-operation-basics,automatic,24,automatic-control-interlocks,0,high,false,,본문:내분·외분식 | 선택지:보일러 구조,원통보일러 중 외분식 보일러인 것은?
20100328_016,2010-03-28,16,,efficiency-output-heat-balance,효율·증발량·열정산,boiler-efficiency-heat-balance,efficiency-output-heat-balance,효율·증발량·열정산,boiler-efficiency-heat-balance,automatic,20,auxiliary-feedwater-equipment,16,high,false,auxiliary-feedwater-equipment:16,선택지:보일러 효율 | 선택지:열정산,공기예열기에 대한 설명으로 틀린 것은?
20100328_017,2010-03-28,17,,boiler-types-construction,보일러 형식·구조·재료,boiler-operation-basics,boiler-types-construction,보일러 형식·구조·재료,boiler-operation-basics,automatic,39,automatic-control-interlocks,0,high,false,,본문:보일러 형식 | 선택지:내분·외분식 | 본문:보일러 구조,수관식 보일러의 구성을 설명한 것으로 틀린 것은?
20100328_018,2010-03-28,18,,automatic-control-interlocks,자동제어·인터록,boiler-control-systems,automatic-control-interlocks,자동제어·인터록,boiler-control-systems,automatic,36,auxiliary-feedwater-equipment,0,high,false,,본문:자동제어 | 본문:제어동작,"자동제어 동작 중 이 동작은 잔류편차가 남지 않아서 비례동작과 조합하여 쓰여지는데, 제어의 안정성이 떨어지고, 진동하는 경향이 있는 동작은?"
20100328_019,2010-03-28,19,,heat-steam-thermodynamics,열·증기·열역학 기초,boiler-operation-basics,heat-steam-thermodynamics,열·증기·열역학 기초,boiler-operation-basics,automatic,23,automatic-control-interlocks,0,high,false,,선택지:증기 상태 | 본문:압력·온도 기초,대기압 하에서 1kg의 열용량이 가장 큰 것은?
20100328_020,2010-03-28,20,,automatic-control-interlocks,자동제어·인터록,boiler-control-systems,automatic-control-interlocks,자동제어·인터록,boiler-control-systems,automatic,18,draft-flue-gas,16,medium,false,draft-flue-gas:16,본문:인터록,대형보일러인 경우 송풍기가 작동하지 않으면 전자밸브가 열리지 않아 점화를 차단하는 인터록은?
20100328_021,2010-03-28,21,,auxiliary-feedwater-equipment,급수·부대설비,boiler-auxiliary-equipment,auxiliary-feedwater-equipment,급수·부대설비,boiler-auxiliary-equipment,automatic,24,automatic-control-interlocks,0,high,false,,선택지:공기예열기 | 선택지:오일프리히터 | 선택지:증기 부대설비,보일러 가동 중 저부하시에 남은 잉여증기를 저장하였다가 과부하시에 방출하여 증기 부족을 보충시키는 장치는?
20100328_022,2010-03-28,22,,automatic-control-interlocks,자동제어·인터록,boiler-control-systems,automatic-control-interlocks,자동제어·인터록,boiler-control-systems,automatic,28,auxiliary-feedwater-equipment,0,high,false,,본문:자동제어 | 선택지:제어량·조작량,자동제어 용어에 관한 설명 중 틀린 것은?
20100328_023,2010-03-28,23,,combustion-air-calculation,연소·공기비·배기가스 계산,boiler-installation-combustion,combustion-air-calculation,연소·공기비·배기가스 계산,boiler-installation-combustion,automatic,24,automatic-control-interlocks,0,high,false,,본문:연소 계산 | 본문:연소,연료의 연소 시 과잉공기계수(공기비)를 구하는 올바른 식은?
20100328_024,2010-03-28,24,,fuel-properties,연료 특성·발열량,boiler-installation-combustion,fuel-properties,연료 특성·발열량,boiler-installation-combustion,automatic,30,failures-accidents-safety,12,high,false,,본문:연료 종류 | 본문:가스 연료,"기체연료의 연소방식 중 화염이 짧고, 높은 화염온도를 얻을 수 있으나 역화 등의 위험이 있는 방식은?"
20100328_025,2010-03-28,25,,instruments-accessories,계측·부속장치,boiler-accessory-equipment,instruments-accessories,계측·부속장치,boiler-accessory-equipment,automatic,16,automatic-control-interlocks,0,high,false,,본문:압력·온도·유량계,보일러에 부착하는 압력계의 취급상 주의 사항으로 틀린 것은?
20100328_026,2010-03-28,26,,efficiency-output-heat-balance,효율·증발량·열정산,boiler-efficiency-heat-balance,efficiency-output-heat-balance,효율·증발량·열정산,boiler-efficiency-heat-balance,automatic,32,fuel-properties,12,high,false,,본문:보일러 효율 | 본문:출력·부하율,"보일러 정격출력이 300,000kcal/h, 연료 발열량이 10,000kcal/kg, 보일러효율이 80%일 때 연료소비량은?"
20100328_027,2010-03-28,27,,instruments-accessories,계측·부속장치,boiler-accessory-equipment,instruments-accessories,계측·부속장치,boiler-accessory-equipment,automatic,20,water-treatment-corrosion,8,high,false,,본문:수면계,수면계의 기능시험 시기로 틀린 것은?
20100328_028,2010-03-28,28,,heat-steam-thermodynamics,열·증기·열역학 기초,boiler-operation-basics,heat-steam-thermodynamics,열·증기·열역학 기초,boiler-operation-basics,automatic,9,automatic-control-interlocks,0,medium,false,,선택지:엔탈피·잠열,"증발열이나 용해열과 같이 열을 가하여도 물체의 온도 변화는 없고, 상(相)변화에만 관계하는 열은?"
20100328_029,2010-03-28,29,,instruments-accessories,계측·부속장치,boiler-accessory-equipment,instruments-accessories,계측·부속장치,boiler-accessory-equipment,automatic,18,draft-flue-gas,16,medium,false,draft-flue-gas:16 | operation-maintenance-preservation:10,본문:수트블로워,수트블로워에 관한 설명으로 잘못 된 것은?
20100328_030,2010-03-28,30,,heating-systems,증기·온수·복사난방,boiler-piping-insulation,heating-systems,증기·온수·복사난방,boiler-piping-insulation,automatic,16,piping-fittings-valves,5,high,false,,본문:지역·급탕 난방,지역난방의 특징에 대한 설명으로 틀린 것은?
20100328_031,2010-03-28,31,,water-treatment-corrosion,수질관리·스케일·부식,boiler-water-treatment,water-treatment-corrosion,수질관리·스케일·부식,boiler-water-treatment,automatic,16,fuel-properties,7,high,false,,본문:부식,보일러의 고온부식을 방지하는 방법 설명으로 잘못된 것은?
20100328_032,2010-03-28,32,,energy-laws-inspection,에너지 관계법규·검사,energy-laws-and-inspection,energy-laws-inspection,에너지 관계법규·검사,energy-laws-and-inspection,automatic,12,automatic-control-interlocks,0,high,false,,본문:검사 행정,보일러 계속사용검사 중 운전성능 검사는 어떤 부하상태에서 실시하는가?
20100328_033,2010-03-28,33,,instruments-accessories,계측·부속장치,boiler-accessory-equipment,instruments-accessories,계측·부속장치,boiler-accessory-equipment,automatic,15,auxiliary-feedwater-equipment,13,medium,false,auxiliary-feedwater-equipment:13 | operation-maintenance-preservation:13,선택지:압력·온도·유량계 | 선택지:부속장치,신설보일러의 사용 전 점검사항으로 틀린 것은?
20100328_034,2010-03-28,34,,failures-accidents-safety,고장·사고·작업안전,boiler-work-safety,failures-accidents-safety,고장·사고·작업안전,boiler-work-safety,automatic,28,water-treatment-corrosion,8,high,false,,본문:사고·안전 | 본문:취급상 사고,보일러 사고의 원인 중 취급상의 원인이 아닌 것은?
20100328_035,2010-03-28,35,,operation-maintenance-preservation,기동·운전·정지·보존,boiler-operation-maintenance,operation-maintenance-preservation,기동·운전·정지·보존,boiler-operation-maintenance,automatic,16,water-treatment-corrosion,8,high,false,,본문:운전 취급,보일러의 안전관리상 가장 중요한 것은?
20100328_036,2010-03-28,36,,operation-maintenance-preservation,기동·운전·정지·보존,boiler-operation-maintenance,operation-maintenance-preservation,기동·운전·정지·보존,boiler-operation-maintenance,automatic,18,automatic-control-interlocks,0,high,false,,선택지:점검·정비 | 본문:취급자·관리,보일러 취급 책임자가 지켜야 할 사항과 거리가 먼 것은?
20100328_037,2010-03-28,37,,heating-load-radiators,난방부하·방열기 계산,boiler-installation-combustion,heating-load-radiators,난방부하·방열기 계산,boiler-installation-combustion,automatic,56,heat-steam-thermodynamics,14,high,false,,본문:난방부하 | 본문:방열기 계산 | 본문:난방 계산,"온수방열기의 입구 온수온도 92℃, 출구 온수온도 70℃, 실내 공기온도 18℃일 때의 주철제 방열기의 방열량은 약 얼마인가? (단, 실내온도와 방열기 온수의 평균온도와의 차가 62℃일 때 표준방열량이 적용된다.)"
20100328_038,2010-03-28,38,,water-treatment-corrosion,수질관리·스케일·부식,boiler-water-treatment,water-treatment-corrosion,수질관리·스케일·부식,boiler-water-treatment,automatic,20,heating-systems,18,medium,false,heating-systems:18,본문:수처리,온수온돌의 방수처리에 대한 설명으로 적절하지 않은 것은?
20100328_039,2010-03-28,39,,heating-systems,증기·온수·복사난방,boiler-piping-insulation,heating-systems,증기·온수·복사난방,boiler-piping-insulation,automatic,21,auxiliary-feedwater-equipment,5,high,false,,본문:난방 방식 | 선택지:방열기,강제순환식 온수난방법에 대한 설명과 관계가 없는 것은?
20100328_040,2010-03-28,40,,heating-load-radiators,난방부하·방열기 계산,boiler-installation-combustion,heating-load-radiators,난방부하·방열기 계산,boiler-installation-combustion,automatic,56,boiler-types-construction,12,high,false,,본문:난방부하 | 본문:방열기 계산 | 본문:난방 계산,"어느 응접실의 난방부하가 6,000kcal/h이라 할 때, 온수를 열매체로 하는 3세주 650㎜의 주철제 방열기를 설치한다면 섹션수가 최소한 어느 정도면 되는가? (단, 방열기의 방열량은 표준으로 하고, 3세주 650㎜의 1섹션당 표면적을 0.15m2라 한다.)"
20100328_041,2010-03-28,41,,instruments-accessories,계측·부속장치,boiler-accessory-equipment,instruments-accessories,계측·부속장치,boiler-accessory-equipment,automatic,9,automatic-control-interlocks,0,medium,false,,선택지:분출장치,보일러 분출작업시의 주의사항으로 틀린 것은?
20100328_042,2010-03-28,42,,heating-systems,증기·온수·복사난방,boiler-piping-insulation,heating-systems,증기·온수·복사난방,boiler-piping-insulation,automatic,32,automatic-control-interlocks,0,high,false,,본문:난방 방식 | 본문:난방 일반,난방방식을 분류할 때 중앙식 난방법의 종류가 아닌 것은?
20100328_043,2010-03-28,43,,insulation-materials,보온·단열재,boiler-piping-insulation,insulation-materials,보온·단열재,boiler-piping-insulation,automatic,35,automatic-control-interlocks,0,high,false,,본문:보온재 | 선택지:단열 | 선택지:보온재 종류,다음 보온재 중 안전사용온도가 가장 낮은 것은?
20100328_044,2010-03-28,44,,operation-maintenance-preservation,기동·운전·정지·보존,boiler-operation-maintenance,operation-maintenance-preservation,기동·운전·정지·보존,boiler-operation-maintenance,automatic,37,instruments-accessories,20,high,false,,선택지:기동·점화 | 본문:운전 조치 | 본문:정상운전·송기,증기보일러의 운전 중 수면계가 파손된 경우 제일 먼저 조치할 사항은?
20100328_045,2010-03-28,45,,operation-maintenance-preservation,기동·운전·정지·보존,boiler-operation-maintenance,operation-maintenance-preservation,기동·운전·정지·보존,boiler-operation-maintenance,automatic,36,combustion-air-calculation,19,high,false,,본문:정상운전·송기 | 본문:점검·정비 | 본문:운전 취급,보일러 운전 중 취급 및 점검사항 설명으로 잘못된 것은?
20100328_046,2010-03-28,46,,draft-flue-gas,통풍·연도·굴뚝,boiler-installation-combustion,draft-flue-gas,통풍·연도·굴뚝,boiler-installation-combustion,automatic,30,fuel-properties,18,high,false,fuel-properties:18,본문:송풍기 | 본문:연도·굴뚝,점화전 댐퍼를 열고 노내와 연도에 체류하고 있는 가연성가스를 송풍기로 취출시키는 작업은?
20100328_047,2010-03-28,47,,steam-traps-condensate,증기트랩·응축수 환수,boiler-piping-insulation,steam-traps-condensate,증기트랩·응축수 환수,boiler-piping-insulation,automatic,32,heating-systems,29,medium,false,heating-systems:29 | heating-load-radiators:20,본문:응축수 | 본문:환수 계통,응축수 환수방식 중 환수관내 유속이 타 방식에 비해 빠르고 방열기 내의 공기도 배제할 수 있을 뿐 아니라 방열량을 광범위하게 조절할 수 있어 대규모 난방에 적합한 방식은?
20100328_048,2010-03-28,48,,environmental-pollution-control,집진·환경설비,boiler-accessory-equipment,environmental-pollution-control,집진·환경설비,boiler-accessory-equipment,automatic,8,automatic-control-interlocks,0,medium,false,,선택지:대기오염,보일러 운전자는 대기환경 규제물질을 최소화시켜 배출시켜야 한다. 규제대상 물질이 아닌 것은?
20100328_049,2010-03-28,49,,safety-devices,안전장치·연소안전,boiler-protection-devices,safety-devices,안전장치·연소안전,boiler-protection-devices,automatic,18,energy-laws-inspection,12,high,false,energy-laws-inspection:12,본문:안전밸브·방출밸브,강철제 증기보일러의 설치검사 기준상 안전밸브 작동시험을 하는 경우 안전밸브가 1개만 부착되어 있다면 그 분출압력은?
20100328_050,2010-03-28,50,,water-treatment-corrosion,수질관리·스케일·부식,boiler-water-treatment,water-treatment-corrosion,수질관리·스케일·부식,boiler-water-treatment,automatic,28,fuel-properties,10,high,false,,본문:수처리 | 선택지:캐리오버,보일러수 중에 용해되어 있는 고형분이나 수분이 증기의 흐름에 따라 발생증기에 포함되어 분출되는 현상은?
20100328_051,2010-03-28,51,,piping-fittings-valves,배관·이음쇠·밸브,boiler-piping-insulation,piping-fittings-valves,배관·이음쇠·밸브,boiler-piping-insulation,automatic,26,instruments-accessories,8,high,false,,본문:배관 | 본문:밸브 일반,바이패스 배관으로 증기배관 중에 감압밸브를 설치하는 경우 필요 없는 것은?
20100328_052,2010-03-28,52,,auxiliary-feedwater-equipment,급수·부대설비,boiler-auxiliary-equipment,safety-devices,안전장치·연소안전,boiler-protection-devices,pdf-reviewed,18,safety-devices,18,low,true,safety-devices:18 | efficiency-output-heat-balance:11,본문:과열·재열,과열기가 부착된 보일러의 안전밸브에 관한 설명이다. 잘못된 것은?
20100328_053,2010-03-28,53,,energy-laws-inspection,에너지 관계법규·검사,energy-laws-and-inspection,energy-laws-inspection,에너지 관계법규·검사,energy-laws-and-inspection,automatic,24,automatic-control-interlocks,0,high,false,,본문:검사 행정 | 본문:검사 성능 기준,보일러 설치·검사기준상 용량이 10ton/h인 강철제 보일러의 배기가스와 외기의 온도차는 몇 ℃이하여야 하는가?
20100328_054,2010-03-28,54,,water-treatment-corrosion,수질관리·스케일·부식,boiler-water-treatment,water-treatment-corrosion,수질관리·스케일·부식,boiler-water-treatment,automatic,17,boiler-types-construction,12,high,false,boiler-types-construction:12,선택지:스케일 | 선택지:캐리오버,보일러 용수관리가 불량한 경우 보일러에 미치는 장해의 설명으로 잘못된 것은?
20100328_055,2010-03-28,55,,energy-laws-inspection,에너지 관계법규·검사,energy-laws-and-inspection,energy-laws-inspection,에너지 관계법규·검사,energy-laws-and-inspection,automatic,42,automatic-control-interlocks,0,high,false,,본문:에너지이용합리화법 | 본문:법령·행정 | 본문:에너지사용·진단,에너지이용합리화법시행령에서 정한 국가에너지절약추진위원회의 위원장이 위촉하는 위원의 임기는 몇 년인가?
20100328_056,2010-03-28,56,,energy-laws-inspection,에너지 관계법규·검사,energy-laws-and-inspection,energy-laws-inspection,에너지 관계법규·검사,energy-laws-and-inspection,automatic,10,automatic-control-interlocks,0,high,false,,본문:에너지사용·진단,에너지진단결과 에너지다소비사업자가 에너지관리기준을 지키고 있지 아니한 경우 에너지관리기준의 이행을 위한 에너지관리지도를 실시하는 기관은?
20100328_057,2010-03-28,57,,energy-laws-inspection,에너지 관계법규·검사,energy-laws-and-inspection,energy-laws-inspection,에너지 관계법규·검사,energy-laws-and-inspection,automatic,18,automatic-control-interlocks,0,high,false,,선택지:법령·행정 | 본문:효율관리,대기전력저감대상제품의 제조업자 또는 수입업자가 대기전력저감대상제품이 대기전력저감기준에 미달하는 경우 그 시정명령을 이행하지 아니하였을 때 그 사실을 공표할 수 있는 자는 누구인가?(관련규정 개정전 문제로 여기서는 기존 정답인 1번을 누르면 정답 처리 됩니다.)
20100328_058,2010-03-28,58,,energy-laws-inspection,에너지 관계법규·검사,energy-laws-and-inspection,energy-laws-inspection,에너지 관계법규·검사,energy-laws-and-inspection,automatic,18,automatic-control-interlocks,0,high,false,,본문:에너지법,에너지기본법상 지역에너지계획은 몇 년마다 몇 년 이상을 계획기간으로 수립 시행하는가?
20100328_059,2010-03-28,59,,energy-laws-inspection,에너지 관계법규·검사,energy-laws-and-inspection,energy-laws-inspection,에너지 관계법규·검사,energy-laws-and-inspection,automatic,42,automatic-control-interlocks,0,high,false,,본문:에너지이용합리화법 | 본문:법령·행정 | 본문:에너지사용·진단,에너지이용합리화법 시행령에서 연료·열 및 전력의 연간 사용량의 합계가 몇 티·오·이 이상인 자를 “에너지다소비사업자”라 하는가?
20100328_060,2010-03-28,60,,energy-laws-inspection,에너지 관계법규·검사,energy-laws-and-inspection,energy-laws-inspection,에너지 관계법규·검사,energy-laws-and-inspection,automatic,44,automatic-control-interlocks,0,high,false,,본문:에너지이용합리화법 | 선택지:법령·행정 | 본문:효율관리 | 선택지:검사 행정,에너지이용합리화법에서 효율관리기자재의 제조업자 또는 수입업자가 효율관리기자재의 에너지 사용량을 측정 받는 기관은?(관련규정 개정전 문제로 여기서는 기존 정답인 2번을 누르면 정답 처리 됩니다.)
20100711_001,2010-07-11,1,,water-treatment-corrosion,수질관리·스케일·부식,boiler-water-treatment,water-treatment-corrosion,수질관리·스케일·부식,boiler-water-treatment,automatic,24,instruments-accessories,18,high,false,instruments-accessories:18,선택지:수처리 | 선택지:스케일 | 선택지:분출·농축,보일러 분출장치의 설치목적과 가장 관계가 없는 것은?
20100711_002,2010-07-11,2,,boiler-types-construction,보일러 형식·구조·재료,boiler-operation-basics,boiler-types-construction,보일러 형식·구조·재료,boiler-operation-basics,automatic,20,automatic-control-interlocks,0,high,false,,선택지:형식 고유명 | 본문:보일러 구조,보일러에서 노통의 약한 단점을 보완하기 위해 설치하는 약 1m정도의 노통이음을 무엇이라고 하는가?
20100711_003,2010-07-11,3,,boiler-types-construction,보일러 형식·구조·재료,boiler-operation-basics,boiler-types-construction,보일러 형식·구조·재료,boiler-operation-basics,automatic,30,failures-accidents-safety,7,high,false,,본문:보일러 형식 | 본문:재료·제작,주철제 보일러에 대한 특징 설명으로 틀린 것은?
20100711_004,2010-07-11,4,,automatic-control-interlocks,자동제어·인터록,boiler-control-systems,automatic-control-interlocks,자동제어·인터록,boiler-control-systems,automatic,36,auxiliary-feedwater-equipment,0,high,false,,본문:자동제어 | 본문:제어량·조작량,"자동제어의 신호전달방법 중 신호전송 시 시간지연이 다른 형식에 비하여 크며, 전송거리가 100~150m정도인 것은?"
20100711_005,2010-07-11,5,,boiler-types-construction,보일러 형식·구조·재료,boiler-operation-basics,boiler-types-construction,보일러 형식·구조·재료,boiler-operation-basics,automatic,30,efficiency-output-heat-balance,21,high,false,efficiency-output-heat-balance:21,본문:보일러 형식 | 본문:보일러 구조,수관식 보일러의 특징 설명으로 틀린 것은?
20100711_006,2010-07-11,6,,auxiliary-feedwater-equipment,급수·부대설비,boiler-auxiliary-equipment,efficiency-output-heat-balance,효율·증발량·열정산,boiler-efficiency-heat-balance,pdf-reviewed,20,efficiency-output-heat-balance,20,low,true,efficiency-output-heat-balance:20,선택지:절탄기 | 선택지:과열·재열,열정산시 측정방법에 대한 설명으로 틀린 것은?
20100711_007,2010-07-11,7,,fuel-properties,연료 특성·발열량,boiler-installation-combustion,fuel-properties,연료 특성·발열량,boiler-installation-combustion,automatic,16,combustion-air-calculation,6,high,false,,본문:연료 종류,액체연료 중 경질유 연소방식에는 기화연소 방식이 있다. 그 종류 중 틀린 것은?
20100711_008,2010-07-11,8,,heat-steam-thermodynamics,열·증기·열역학 기초,boiler-operation-basics,heat-steam-thermodynamics,열·증기·열역학 기초,boiler-operation-basics,automatic,18,automatic-control-interlocks,0,high,false,,선택지:증기 상태 | 선택지:엔탈피·잠열,물의 임계점에 관한 설명으로 맞지 않는 것은?
20100711_009,2010-07-11,9,,auxiliary-feedwater-equipment,급수·부대설비,boiler-auxiliary-equipment,auxiliary-feedwater-equipment,급수·부대설비,boiler-auxiliary-equipment,automatic,18,automatic-control-interlocks,0,high,false,,본문:과열·재열,전열방식에 따른 보일러 과열기의 종류가 아닌 것은?
20100711_010,2010-07-11,10,,environmental-pollution-control,집진·환경설비,boiler-accessory-equipment,environmental-pollution-control,집진·환경설비,boiler-accessory-equipment,automatic,20,automatic-control-interlocks,0,high,false,,본문:집진장치,전기식 집진장치에 해당되는 것은?
20100711_011,2010-07-11,11,,combustion-air-calculation,연소·공기비·배기가스 계산,boiler-installation-combustion,combustion-air-calculation,연소·공기비·배기가스 계산,boiler-installation-combustion,automatic,38,fuel-properties,7,high,false,,본문:연소 계산 | 본문:연소 반응 | 본문:연소,완전연소시의 실제 공기비가 가장 낮은 연료는?
20100711_012,2010-07-11,12,,combustion-air-calculation,연소·공기비·배기가스 계산,boiler-installation-combustion,combustion-air-calculation,연소·공기비·배기가스 계산,boiler-installation-combustion,automatic,24,automatic-control-interlocks,0,high,false,,본문:연소 계산 | 본문:연소,"연료를 연소시키는데 필요한 실제공기량과 이론공기량의 비 즉, 공기를 m이라 할 때, (m-1)×100% 식이 뜻하는 것은?"
20100711_013,2010-07-11,13,,boiler-types-construction,보일러 형식·구조·재료,boiler-operation-basics,boiler-types-construction,보일러 형식·구조·재료,boiler-operation-basics,automatic,12,fuel-properties,10,medium,false,fuel-properties:10 | piping-fittings-valves:10,본문:보일러 구조,증기의 발생이 활발해지면 증기와 함께 물방울이 같이 비산하여 증기관으로 취출되는데 이때 드럼 내에 증기 취출구에 부착하여 증기 속에 포함된 수분취출을 방지해주는 관은?
20100711_014,2010-07-11,14,,burners-furnaces-atomization,버너·화격자·연소장치,boiler-installation-combustion,burners-furnaces-atomization,버너·화격자·연소장치,boiler-installation-combustion,automatic,20,safety-devices,16,high,false,safety-devices:16,본문:버너,"보일러 화염검출기 종류 중 화염 검출의 응답이 느려 버너분사, 정지에 시간이 많이 걸리므로 주로 소용량 보일러에 사용되는 것은?"
20100711_015,2010-07-11,15,,fuel-properties,연료 특성·발열량,boiler-installation-combustion,fuel-properties,연료 특성·발열량,boiler-installation-combustion,automatic,36,combustion-air-calculation,10,high,false,,본문:유류·중유 | 본문:발열량 | 본문:연료 성분,"수소 12%, 수분 0.4%인 중유의 저위발열량이 9,850kcal/kg이다. 이 중유의 고위발열량은 약 몇 kcal/kg인가?"
20100711_016,2010-07-11,16,,piping-fittings-valves,배관·이음쇠·밸브,boiler-piping-insulation,piping-fittings-valves,배관·이음쇠·밸브,boiler-piping-insulation,automatic,10,automatic-control-interlocks,0,high,false,,본문:배관,"가스용 보일러의 연료배관 굵기가 25㎜인 경우, 배관의 고정 장치는 몇 m마다 설치하는가?"
20100711_017,2010-07-11,17,,heat-steam-thermodynamics,열·증기·열역학 기초,boiler-operation-basics,heat-steam-thermodynamics,열·증기·열역학 기초,boiler-operation-basics,automatic,14,automatic-control-interlocks,0,high,false,,본문:기체 법칙,이상기체 상태 방정식에서 “모든 가스는 온도가 일정할 때 가스의 비체적은 압력에 반비례한다.”는 법칙은?
20100711_018,2010-07-11,18,,automatic-control-interlocks,자동제어·인터록,boiler-control-systems,automatic-control-interlocks,자동제어·인터록,boiler-control-systems,automatic,38,operation-maintenance-preservation,7,high,false,,본문:자동제어 | 본문:인터록,자동제어 중 인터록 제어의 종류가 아닌 것은?
20100711_019,2010-07-11,19,,combustion-air-calculation,연소·공기비·배기가스 계산,boiler-installation-combustion,combustion-air-calculation,연소·공기비·배기가스 계산,boiler-installation-combustion,automatic,14,automatic-control-interlocks,0,high,false,,본문:배기가스 분석,"배기가스 중에 함유되어 있는 CO2, O2, CO 3가지 성분을 순서대로 측정하는 가스 분석계는?"
20100711_020,2010-07-11,20,,heat-steam-thermodynamics,열·증기·열역학 기초,boiler-operation-basics,heat-steam-thermodynamics,열·증기·열역학 기초,boiler-operation-basics,automatic,16,insulation-materials,8,high,false,,선택지:비열·열량 | 선택지:열전달,물체의 열의 이동과 관련된 설명 중 옳은 것은?
20100711_021,2010-07-11,21,,efficiency-output-heat-balance,효율·증발량·열정산,boiler-efficiency-heat-balance,efficiency-output-heat-balance,효율·증발량·열정산,boiler-efficiency-heat-balance,automatic,22,heat-steam-thermodynamics,9,high,false,,본문:증발량,보일러의 상당증발량 계산식에 필요한 값에 해당되지 않는 것은?
20100711_022,2010-07-11,22,,heat-steam-thermodynamics,열·증기·열역학 기초,boiler-operation-basics,heat-steam-thermodynamics,열·증기·열역학 기초,boiler-operation-basics,automatic,14,automatic-control-interlocks,0,high,false,,본문:압력·온도 기초,압력(壓力)에 대한 설명으로 옳은 것은?
20100711_023,2010-07-11,23,,draft-flue-gas,통풍·연도·굴뚝,boiler-installation-combustion,draft-flue-gas,통풍·연도·굴뚝,boiler-installation-combustion,automatic,18,automatic-control-interlocks,0,high,false,,본문:통풍,통풍장치에서 통풍저항이 큰 대형 보일러나 고성능 보일러에 널리 사용되고 있는 통풍방식은?
20100711_024,2010-07-11,24,,efficiency-output-heat-balance,효율·증발량·열정산,boiler-efficiency-heat-balance,efficiency-output-heat-balance,효율·증발량·열정산,boiler-efficiency-heat-balance,automatic,20,automatic-control-interlocks,0,high,false,,본문:보일러 효율,"400kg의 물을 20℃에서 80℃로 가열하는데 40,000kcal의 열을 공급했을 경우 이 설비의 열효율은?"
20100711_025,2010-07-11,25,,efficiency-output-heat-balance,효율·증발량·열정산,boiler-efficiency-heat-balance,efficiency-output-heat-balance,효율·증발량·열정산,boiler-efficiency-heat-balance,automatic,16,heat-steam-thermodynamics,14,medium,false,heat-steam-thermodynamics:14,본문:용량 환산,50KW의 전기 온수보일러 용량을 kcal/h로 환산하면?
20100711_026,2010-07-11,26,,heat-steam-thermodynamics,열·증기·열역학 기초,boiler-operation-basics,heat-steam-thermodynamics,열·증기·열역학 기초,boiler-operation-basics,automatic,14,automatic-control-interlocks,0,high,false,,본문:압력·온도 기초,"액체가 어느 온도이상으로 가열되어, 그 증기압이 주위의 압력보다 커져서 액체의 표면뿐만 아니라 내부에서도 기화하는 현상을 무엇이라고 하는가?"
20100711_027,2010-07-11,27,,instruments-accessories,계측·부속장치,boiler-accessory-equipment,instruments-accessories,계측·부속장치,boiler-accessory-equipment,automatic,16,piping-fittings-valves,14,medium,false,piping-fittings-valves:14 | safety-devices:9,본문:압력·온도·유량계,고온의 증기로부터 부르동관식 압력계의 부르동관을 보호하기 위하여 설치하는 것은?
20100711_028,2010-07-11,28,,burners-furnaces-atomization,버너·화격자·연소장치,boiler-installation-combustion,burners-furnaces-atomization,버너·화격자·연소장치,boiler-installation-combustion,automatic,44,fuel-properties,30,high,false,fuel-properties:30,본문:버너 | 선택지:분무·미립화 | 본문:화격자·연소장치,기체연료의 연소장치에서 예혼합 연소방식의 버너 종류가 아닌 것은?
20100711_029,2010-07-11,29,,automatic-control-interlocks,자동제어·인터록,boiler-control-systems,automatic-control-interlocks,자동제어·인터록,boiler-control-systems,automatic,36,auxiliary-feedwater-equipment,0,high,false,,본문:자동제어 | 본문:제어량·조작량,"보일러 자동제어에서 1차 제어장치가 제어명령을 하고, 2차 제어장치가 1차 명령을 바탕으로 제어량을 조절하는 측정제어는?"
20100711_030,2010-07-11,30,,energy-laws-inspection,에너지 관계법규·검사,energy-laws-and-inspection,energy-laws-inspection,에너지 관계법규·검사,energy-laws-and-inspection,automatic,12,automatic-control-interlocks,0,high,false,,본문:검사 성능 기준,"강철제 보일러의 소음은 보일러 측면, 후면에서 1.5m떨어진 곳의 1.2m높이에서 측정하여야 하며, 몇 dB 이하이어야 하는가?"
20100711_031,2010-07-11,31,,piping-fittings-valves,배관·이음쇠·밸브,boiler-piping-insulation,piping-fittings-valves,배관·이음쇠·밸브,boiler-piping-insulation,automatic,22,heating-systems,3,high,false,,선택지:밸브 일반 | 본문:패킹·가스켓,글랜드 패킹을 사용하지 않고 금속제의 벨로우즈로 밸브축을 감싸고 공기의 침입이나 누설을 방지하며 증기나 온수의 유량을 수동으로 조절하는 밸브로서 팩리스 밸브라고도 하는 것은?
20100711_032,2010-07-11,32,,steam-traps-condensate,증기트랩·응축수 환수,boiler-piping-insulation,steam-traps-condensate,증기트랩·응축수 환수,boiler-piping-insulation,automatic,21,piping-fittings-valves,13,high,false,piping-fittings-valves:13,선택지:응축수 | 본문:워터해머,보일러의 압력상승에 따라 닫혀 있는 주증기 스톱밸브를 처음 열어 사용처로 증기를 보낼 때 워터해머 발생방지를 위한 조치로 틀린 것은?
20100711_033,2010-07-11,33,,heating-systems,증기·온수·복사난방,boiler-piping-insulation,heating-systems,증기·온수·복사난방,boiler-piping-insulation,automatic,25,steam-traps-condensate,14,high,false,steam-traps-condensate:14,본문:난방 방식 | 선택지:환수 방식,"증기난방에서 응축수의 환수방법에 따른 분류 중 증기의 순환과 응축수의 배출이 빠르며, 방열량도 광범위하게 조절할 수 있어서 대규모 난방에서 많이 채택하는 방식은?"
20100711_034,2010-07-11,34,,safety-devices,안전장치·연소안전,boiler-protection-devices,safety-devices,안전장치·연소안전,boiler-protection-devices,automatic,18,boiler-types-construction,12,high,false,boiler-types-construction:12,본문:안전밸브·방출밸브,증기보일러에는 2개 이상의 안전밸브를 설치하여야 하지만 전열면적이 얼마 이하인 경우에는 1개 이상으로 해도 되는가?
20100711_035,2010-07-11,35,,water-treatment-corrosion,수질관리·스케일·부식,boiler-water-treatment,water-treatment-corrosion,수질관리·스케일·부식,boiler-water-treatment,automatic,8,automatic-control-interlocks,0,medium,false,,선택지:부식,보일러 수리시의 안전사항으로 틀린 것은?
20100711_036,2010-07-11,36,,efficiency-output-heat-balance,효율·증발량·열정산,boiler-efficiency-heat-balance,efficiency-output-heat-balance,효율·증발량·열정산,boiler-efficiency-heat-balance,automatic,30,burners-furnaces-atomization,12,high,false,,본문:보일러 효율 | 선택지:열정산,보일러에서 열효율의 향상대책 방법으로 틀린 것은?
20100711_037,2010-07-11,37,,heating-load-radiators,난방부하·방열기 계산,boiler-installation-combustion,heating-load-radiators,난방부하·방열기 계산,boiler-installation-combustion,automatic,18,draft-flue-gas,5,high,false,,본문:난방부하,난방부하 계산 시 반드시 고려해야 할 사항으로 가장 거리가 먼 것은?
20100711_038,2010-07-11,38,,energy-laws-inspection,에너지 관계법규·검사,energy-laws-and-inspection,energy-laws-inspection,에너지 관계법규·검사,energy-laws-and-inspection,automatic,30,efficiency-output-heat-balance,12,high,false,,본문:검사 행정 | 본문:가열로 기준,철금속가열로란 단조가 가능하도록 가열하는 것을 주목적으로 하는 노로써 정격용량이 몇 kcal/h를 초과하는 것을 말하는가?
20100711_039,2010-07-11,39,,safety-devices,안전장치·연소안전,boiler-protection-devices,safety-devices,안전장치·연소안전,boiler-protection-devices,automatic,9,operation-maintenance-preservation,4,medium,false,,선택지:안전장치,보일러조종자의 준수사항으로 틀린 것은?
20100711_040,2010-07-11,40,,operation-maintenance-preservation,기동·운전·정지·보존,boiler-operation-maintenance,operation-maintenance-preservation,기동·운전·정지·보존,boiler-operation-maintenance,automatic,16,piping-fittings-valves,8,high,false,,본문:정지,보일러 운전정지의 순서 중 1차적으로 연료의 공급을 차단한 다음 2차적으로 조치를 취해야 하는 것은?
20100711_041,2010-07-11,41,,heating-load-radiators,난방부하·방열기 계산,boiler-installation-combustion,heating-load-radiators,난방부하·방열기 계산,boiler-installation-combustion,automatic,38,heating-systems,6,high,false,,본문:난방부하 | 본문:방열기 계산,"어떤 건물의 난방부하가 15,000kcal/h이다. 이 건물에 설치할 증기 방열기의 섹션 수는? (단, 방열기 1섹션당 표면적은 0.15m2이며, 방열량은 표준방열량으로 한다.)"
20100711_042,2010-07-11,42,,heating-systems,증기·온수·복사난방,boiler-piping-insulation,heating-systems,증기·온수·복사난방,boiler-piping-insulation,automatic,18,automatic-control-interlocks,0,high,false,,본문:난방 방식,증기난방의 분류 중 증기공급법에 속하는 것은?
20100711_043,2010-07-11,43,,water-treatment-corrosion,수질관리·스케일·부식,boiler-water-treatment,water-treatment-corrosion,수질관리·스케일·부식,boiler-water-treatment,automatic,28,heating-systems,18,high,false,heating-systems:18 | insulation-materials:16,본문:수처리 | 선택지:부식,온수온돌에서 기초바닥이 지면과 접하는 곳에는 방수처리가 필요하다. 이 방수처리의 목적에 해당되지 않는 것은?
20100711_044,2010-07-11,44,,draft-flue-gas,통풍·연도·굴뚝,boiler-installation-combustion,draft-flue-gas,통풍·연도·굴뚝,boiler-installation-combustion,automatic,24,auxiliary-feedwater-equipment,20,high,false,auxiliary-feedwater-equipment:20 | instruments-accessories:14,선택지:통풍 | 선택지:송풍기 | 선택지:연도·굴뚝,장시간 사용을 중지하고 있던 보일러의 점화준비에서 부속장치 조작 및 시동으로 틀린 것은?
20100711_045,2010-07-11,45,,heating-systems,증기·온수·복사난방,boiler-piping-insulation,heating-systems,증기·온수·복사난방,boiler-piping-insulation,pdf-reviewed,14,operation-maintenance-preservation,14,low,true,operation-maintenance-preservation:14 | efficiency-output-heat-balance:10,본문:팽창탱크,온수보일러에서 팽창탱크의 설치목적으로 틀린 것은?
20100711_046,2010-07-11,46,,water-treatment-corrosion,수질관리·스케일·부식,boiler-water-treatment,water-treatment-corrosion,수질관리·스케일·부식,boiler-water-treatment,automatic,37,steam-traps-condensate,7,high,false,,본문:수처리 | 선택지:스케일 | 선택지:부식,보일러 급수처리의 직접적인 목적과 가장 거리가 먼 것은?
20100711_047,2010-07-11,47,,instruments-accessories,계측·부속장치,boiler-accessory-equipment,instruments-accessories,계측·부속장치,boiler-accessory-equipment,automatic,20,operation-maintenance-preservation,8,high,false,,본문:수면계,수면계의 점검순서 중 가장 먼저 해야 하는 사항으로 적당한 것은?
20100711_048,2010-07-11,48,,boiler-types-construction,보일러 형식·구조·재료,boiler-operation-basics,boiler-types-construction,보일러 형식·구조·재료,boiler-operation-basics,automatic,30,piping-fittings-valves,10,high,false,,본문:보일러 형식 | 본문:재료·제작,"보일러를 옥내설치 할 때 소형보일러 및 주철제보일러의 경우 보일러의 동체 최상부로부터 천장, 배관 등 보일러 상부에 있는 구조물까지 거리는 몇 m이상으로 할 수 있는가?"
20100711_049,2010-07-11,49,,heat-steam-thermodynamics,열·증기·열역학 기초,boiler-operation-basics,heat-steam-thermodynamics,열·증기·열역학 기초,boiler-operation-basics,automatic,18,efficiency-output-heat-balance,10,high,false,efficiency-output-heat-balance:10,본문:증기 상태,보일러성능시험에서 강철제 증기보일러의 증기건도는 몇 %이상이어야 하는가?
20100711_050,2010-07-11,50,,burners-furnaces-atomization,버너·화격자·연소장치,boiler-installation-combustion,burners-furnaces-atomization,버너·화격자·연소장치,boiler-installation-combustion,automatic,22,operation-maintenance-preservation,14,high,false,operation-maintenance-preservation:14,선택지:버너 | 선택지:분무·미립화 | 선택지:연소실·노,보일러를 수동조작으로 점화할 대 방법으로 틀린 것은?
20100711_051,2010-07-11,51,,heating-systems,증기·온수·복사난방,boiler-piping-insulation,heating-systems,증기·온수·복사난방,boiler-piping-insulation,automatic,18,efficiency-output-heat-balance,10,high,false,efficiency-output-heat-balance:10,본문:난방 방식,복사난방의 장점을 설명한 것 중 틀린 것은?
20100711_052,2010-07-11,52,,water-treatment-corrosion,수질관리·스케일·부식,boiler-water-treatment,water-treatment-corrosion,수질관리·스케일·부식,boiler-water-treatment,automatic,20,automatic-control-interlocks,0,high,false,,본문:외처리,보일러 수(水) 외처리의 종류에 해당되지 않는 것은?
20100711_053,2010-07-11,53,,efficiency-output-heat-balance,효율·증발량·열정산,boiler-efficiency-heat-balance,efficiency-output-heat-balance,효율·증발량·열정산,boiler-efficiency-heat-balance,automatic,22,automatic-control-interlocks,0,high,false,,본문:증발량,보일러의 증발량과 그 증기를 발생시키기 위해 사용된 연료량과의 비를 무엇이라고 하는가?
20100711_054,2010-07-11,54,,piping-fittings-valves,배관·이음쇠·밸브,boiler-piping-insulation,piping-fittings-valves,배관·이음쇠·밸브,boiler-piping-insulation,automatic,10,heating-systems,8,medium,false,heating-systems:8,본문:배관,난방배관에서 배관의 관경을 결정하는 요소와 가장 관계가 없는 것은?
20100711_055,2010-07-11,55,,energy-laws-inspection,에너지 관계법규·검사,energy-laws-and-inspection,energy-laws-inspection,에너지 관계법규·검사,energy-laws-and-inspection,automatic,20,automatic-control-interlocks,0,high,false,,본문:열사용기자재 | 선택지:검사 행정,열사용기자재 관리규칙에 의한 특정열사용기자재 중 검사를 받아야할 검사대상기기의 검사의 종류가 아닌 것은?
20100711_056,2010-07-11,56,,energy-laws-inspection,에너지 관계법규·검사,energy-laws-and-inspection,energy-laws-inspection,에너지 관계법규·검사,energy-laws-and-inspection,automatic,24,automatic-control-interlocks,0,high,false,,본문:법령·행정 | 선택지:에너지사용·진단 | 선택지:열사용기자재,지식경제부장관 또는 시·도지사의 업무 중 에너지관리공단에 위탁한 업무가 아닌 것은?
20100711_057,2010-07-11,57,,energy-laws-inspection,에너지 관계법규·검사,energy-laws-and-inspection,energy-laws-inspection,에너지 관계법규·검사,energy-laws-and-inspection,automatic,34,boiler-types-construction,9,high,false,,본문:에너지이용합리화법 | 본문:열사용기자재,에너지이용합리화법에 따른 열사용기자재 중 소형온수보일러의 적용 범위로 옳은 것은?
20100711_058,2010-07-11,58,,energy-laws-inspection,에너지 관계법규·검사,energy-laws-and-inspection,energy-laws-inspection,에너지 관계법규·검사,energy-laws-and-inspection,automatic,10,automatic-control-interlocks,0,high,false,,본문:에너지사용·진단,에너지사용계획에 포함되지 않는 사항은?
20100711_059,2010-07-11,59,,energy-laws-inspection,에너지 관계법규·검사,energy-laws-and-inspection,energy-laws-inspection,에너지 관계법규·검사,energy-laws-and-inspection,automatic,42,automatic-control-interlocks,0,high,false,,본문:에너지이용합리화법 | 본문:법령·행정 | 본문:에너지사용·진단,에너지이용합리화법시행령상 “에너지다소비사업자”라 함은 연료·열 및 전력의 연간 사용량의 합계가 몇 티오이 이상인 자를 말하는가?
20100711_060,2010-07-11,60,,energy-laws-inspection,에너지 관계법규·검사,energy-laws-and-inspection,energy-laws-inspection,에너지 관계법규·검사,energy-laws-and-inspection,automatic,20,automatic-control-interlocks,0,high,false,,본문:에너지이용합리화법,에너지이용합리화법의 목적이 아닌 것은?
20101003_001,2010-10-03,1,,water-treatment-corrosion,수질관리·스케일·부식,boiler-water-treatment,water-treatment-corrosion,수질관리·스케일·부식,boiler-water-treatment,automatic,24,instruments-accessories,18,high,false,instruments-accessories:18,선택지:수처리 | 선택지:스케일 | 선택지:분출·농축,보일러 분출장치의 설치목적과 가장 관계가 없는 것은?
20101003_002,2010-10-03,2,,boiler-types-construction,보일러 형식·구조·재료,boiler-operation-basics,boiler-types-construction,보일러 형식·구조·재료,boiler-operation-basics,automatic,20,automatic-control-interlocks,0,high,false,,선택지:형식 고유명 | 본문:보일러 구조,보일러에서 노통의 약한 단점을 보완하기 위해 설치하는 약 1m정도의 노통이음을 무엇이라고 하는가?
20101003_003,2010-10-03,3,,boiler-types-construction,보일러 형식·구조·재료,boiler-operation-basics,boiler-types-construction,보일러 형식·구조·재료,boiler-operation-basics,automatic,30,failures-accidents-safety,7,high,false,,본문:보일러 형식 | 본문:재료·제작,주철제 보일러에 대한 특징 설명으로 틀린 것은?
20101003_004,2010-10-03,4,,automatic-control-interlocks,자동제어·인터록,boiler-control-systems,automatic-control-interlocks,자동제어·인터록,boiler-control-systems,automatic,36,auxiliary-feedwater-equipment,0,high,false,,본문:자동제어 | 본문:제어량·조작량,"자동제어의 신호전달방법 중 신호전송 시 시간지연이 다른 형식에 비하여 크며, 전송거리가 100~150m정도인 것은?"
20101003_005,2010-10-03,5,,boiler-types-construction,보일러 형식·구조·재료,boiler-operation-basics,boiler-types-construction,보일러 형식·구조·재료,boiler-operation-basics,automatic,30,efficiency-output-heat-balance,21,high,false,efficiency-output-heat-balance:21,본문:보일러 형식 | 본문:보일러 구조,수관식 보일러의 특징 설명으로 틀린 것은?
20101003_006,2010-10-03,6,,auxiliary-feedwater-equipment,급수·부대설비,boiler-auxiliary-equipment,efficiency-output-heat-balance,효율·증발량·열정산,boiler-efficiency-heat-balance,pdf-reviewed,20,efficiency-output-heat-balance,20,low,true,efficiency-output-heat-balance:20,선택지:절탄기 | 선택지:과열·재열,열정산시 측정방법에 대한 설명으로 틀린 것은?
20101003_007,2010-10-03,7,,fuel-properties,연료 특성·발열량,boiler-installation-combustion,fuel-properties,연료 특성·발열량,boiler-installation-combustion,automatic,16,combustion-air-calculation,6,high,false,,본문:연료 종류,액체연료 중 경질유 연소방식에는 기화연소 방식이 있다. 그 종류 중 틀린 것은?
20101003_008,2010-10-03,8,,heat-steam-thermodynamics,열·증기·열역학 기초,boiler-operation-basics,heat-steam-thermodynamics,열·증기·열역학 기초,boiler-operation-basics,automatic,18,automatic-control-interlocks,0,high,false,,선택지:증기 상태 | 선택지:엔탈피·잠열,물의 임계점에 관한 설명으로 맞지 않는 것은?
20101003_009,2010-10-03,9,,auxiliary-feedwater-equipment,급수·부대설비,boiler-auxiliary-equipment,auxiliary-feedwater-equipment,급수·부대설비,boiler-auxiliary-equipment,automatic,18,automatic-control-interlocks,0,high,false,,본문:과열·재열,전열방식에 따른 보일러 과열기의 종류가 아닌 것은?
20101003_010,2010-10-03,10,,environmental-pollution-control,집진·환경설비,boiler-accessory-equipment,environmental-pollution-control,집진·환경설비,boiler-accessory-equipment,automatic,20,automatic-control-interlocks,0,high,false,,본문:집진장치,전기식 집진장치에 해당되는 것은?
20101003_011,2010-10-03,11,,combustion-air-calculation,연소·공기비·배기가스 계산,boiler-installation-combustion,combustion-air-calculation,연소·공기비·배기가스 계산,boiler-installation-combustion,automatic,38,fuel-properties,7,high,false,,본문:연소 계산 | 본문:연소 반응 | 본문:연소,완전연소시의 실제 공기비가 가장 낮은 연료는?
20101003_012,2010-10-03,12,,combustion-air-calculation,연소·공기비·배기가스 계산,boiler-installation-combustion,combustion-air-calculation,연소·공기비·배기가스 계산,boiler-installation-combustion,automatic,24,automatic-control-interlocks,0,high,false,,본문:연소 계산 | 본문:연소,"연료를 연소시키는데 필요한 실제공기량과 이론공기량의 비 즉, 공기를 m이라 할 때, (m-1)×100% 식이 뜻하는 것은?"
20101003_013,2010-10-03,13,,boiler-types-construction,보일러 형식·구조·재료,boiler-operation-basics,boiler-types-construction,보일러 형식·구조·재료,boiler-operation-basics,automatic,12,fuel-properties,10,medium,false,fuel-properties:10 | piping-fittings-valves:10,본문:보일러 구조,증기의 발생이 활발해지면 증기와 함께 물방울이 같이 비산하여 증기관으로 취출되는데 이때 드럼 내에 증기 취출구에 부착하여 증기 속에 포함된 수분취출을 방지해주는 관은?
20101003_014,2010-10-03,14,,burners-furnaces-atomization,버너·화격자·연소장치,boiler-installation-combustion,burners-furnaces-atomization,버너·화격자·연소장치,boiler-installation-combustion,automatic,20,safety-devices,16,high,false,safety-devices:16,본문:버너,"보일러 화염검출기 종류 중 화염 검출의 응답이 느려 버너분사, 정지에 시간이 많이 걸리므로 주로 소용량 보일러에 사용되는 것은?"
20101003_015,2010-10-03,15,,fuel-properties,연료 특성·발열량,boiler-installation-combustion,fuel-properties,연료 특성·발열량,boiler-installation-combustion,automatic,36,combustion-air-calculation,10,high,false,,본문:유류·중유 | 본문:발열량 | 본문:연료 성분,"수소 12%, 수분 0.4%인 중유의 저위발열량이 9,850kcal/kg이다. 이 중유의 고위발열량은 약 몇 kcal/kg인가?"
20101003_016,2010-10-03,16,,piping-fittings-valves,배관·이음쇠·밸브,boiler-piping-insulation,piping-fittings-valves,배관·이음쇠·밸브,boiler-piping-insulation,automatic,10,automatic-control-interlocks,0,high,false,,본문:배관,"가스용 보일러의 연료배관 굵기가 25㎜인 경우, 배관의 고정 장치는 몇 m마다 설치하는가?"
20101003_017,2010-10-03,17,,heat-steam-thermodynamics,열·증기·열역학 기초,boiler-operation-basics,heat-steam-thermodynamics,열·증기·열역학 기초,boiler-operation-basics,automatic,14,automatic-control-interlocks,0,high,false,,본문:기체 법칙,이상기체 상태 방정식에서 “모든 가스는 온도가 일정할 때 가스의 비체적은 압력에 반비례한다.”는 법칙은?
20101003_018,2010-10-03,18,,automatic-control-interlocks,자동제어·인터록,boiler-control-systems,automatic-control-interlocks,자동제어·인터록,boiler-control-systems,automatic,38,operation-maintenance-preservation,7,high,false,,본문:자동제어 | 본문:인터록,자동제어 중 인터록 제어의 종류가 아닌 것은?
20101003_019,2010-10-03,19,,combustion-air-calculation,연소·공기비·배기가스 계산,boiler-installation-combustion,combustion-air-calculation,연소·공기비·배기가스 계산,boiler-installation-combustion,automatic,14,automatic-control-interlocks,0,high,false,,본문:배기가스 분석,"배기가스 중에 함유되어 있는 CO2, O2, CO 3가지 성분을 순서대로 측정하는 가스 분석계는?"
20101003_020,2010-10-03,20,,heat-steam-thermodynamics,열·증기·열역학 기초,boiler-operation-basics,heat-steam-thermodynamics,열·증기·열역학 기초,boiler-operation-basics,automatic,16,insulation-materials,8,high,false,,선택지:비열·열량 | 선택지:열전달,물체의 열의 이동과 관련된 설명 중 옳은 것은?
20101003_021,2010-10-03,21,,efficiency-output-heat-balance,효율·증발량·열정산,boiler-efficiency-heat-balance,efficiency-output-heat-balance,효율·증발량·열정산,boiler-efficiency-heat-balance,automatic,22,heat-steam-thermodynamics,9,high,false,,본문:증발량,보일러의 상당증발량 계산식에 필요한 값에 해당되지 않는 것은?
20101003_022,2010-10-03,22,,heat-steam-thermodynamics,열·증기·열역학 기초,boiler-operation-basics,heat-steam-thermodynamics,열·증기·열역학 기초,boiler-operation-basics,automatic,14,automatic-control-interlocks,0,high,false,,본문:압력·온도 기초,압력(壓力)에 대한 설명으로 옳은 것은?
20101003_023,2010-10-03,23,,draft-flue-gas,통풍·연도·굴뚝,boiler-installation-combustion,draft-flue-gas,통풍·연도·굴뚝,boiler-installation-combustion,automatic,18,automatic-control-interlocks,0,high,false,,본문:통풍,통풍장치에서 통풍저항이 큰 대형 보일러나 고성능 보일러에 널리 사용되고 있는 통풍방식은?
20101003_024,2010-10-03,24,,efficiency-output-heat-balance,효율·증발량·열정산,boiler-efficiency-heat-balance,efficiency-output-heat-balance,효율·증발량·열정산,boiler-efficiency-heat-balance,automatic,20,automatic-control-interlocks,0,high,false,,본문:보일러 효율,"400kg의 물을 20℃에서 80℃로 가열하는데 40,000kcal의 열을 공급했을 경우 이 설비의 열효율은?"
20101003_025,2010-10-03,25,,efficiency-output-heat-balance,효율·증발량·열정산,boiler-efficiency-heat-balance,efficiency-output-heat-balance,효율·증발량·열정산,boiler-efficiency-heat-balance,automatic,16,heat-steam-thermodynamics,14,medium,false,heat-steam-thermodynamics:14,본문:용량 환산,50KW의 전기 온수보일러 용량을 kcal/h로 환산하면?
20101003_026,2010-10-03,26,,heat-steam-thermodynamics,열·증기·열역학 기초,boiler-operation-basics,heat-steam-thermodynamics,열·증기·열역학 기초,boiler-operation-basics,automatic,14,automatic-control-interlocks,0,high,false,,본문:압력·온도 기초,"액체가 어느 온도이상으로 가열되어, 그 증기압이 주위의 압력보다 커져서 액체의 표면뿐만 아니라 내부에서도 기화하는 현상을 무엇이라고 하는가?"
20101003_027,2010-10-03,27,,instruments-accessories,계측·부속장치,boiler-accessory-equipment,instruments-accessories,계측·부속장치,boiler-accessory-equipment,automatic,16,piping-fittings-valves,14,medium,false,piping-fittings-valves:14 | safety-devices:9,본문:압력·온도·유량계,고온의 증기로부터 부르동관식 압력계의 부르동관을 보호하기 위하여 설치하는 것은?
20101003_028,2010-10-03,28,,burners-furnaces-atomization,버너·화격자·연소장치,boiler-installation-combustion,burners-furnaces-atomization,버너·화격자·연소장치,boiler-installation-combustion,automatic,44,fuel-properties,30,high,false,fuel-properties:30,본문:버너 | 선택지:분무·미립화 | 본문:화격자·연소장치,기체연료의 연소장치에서 예혼합 연소방식의 버너 종류가 아닌 것은?
20101003_029,2010-10-03,29,,automatic-control-interlocks,자동제어·인터록,boiler-control-systems,automatic-control-interlocks,자동제어·인터록,boiler-control-systems,automatic,36,auxiliary-feedwater-equipment,0,high,false,,본문:자동제어 | 본문:제어량·조작량,"보일러 자동제어에서 1차 제어장치가 제어명령을 하고, 2차 제어장치가 1차 명령을 바탕으로 제어량을 조절하는 측정제어는?"
20101003_030,2010-10-03,30,,energy-laws-inspection,에너지 관계법규·검사,energy-laws-and-inspection,energy-laws-inspection,에너지 관계법규·검사,energy-laws-and-inspection,automatic,12,automatic-control-interlocks,0,high,false,,본문:검사 성능 기준,"강철제 보일러의 소음은 보일러 측면, 후면에서 1.5m떨어진 곳의 1.2m높이에서 측정하여야 하며, 몇 dB 이하이어야 하는가?"
20101003_031,2010-10-03,31,,piping-fittings-valves,배관·이음쇠·밸브,boiler-piping-insulation,piping-fittings-valves,배관·이음쇠·밸브,boiler-piping-insulation,automatic,22,heating-systems,3,high,false,,선택지:밸브 일반 | 본문:패킹·가스켓,글랜드 패킹을 사용하지 않고 금속제의 벨로우즈로 밸브축을 감싸고 공기의 침입이나 누설을 방지하며 증기나 온수의 유량을 수동으로 조절하는 밸브로서 팩리스 밸브라고도 하는 것은?
20101003_032,2010-10-03,32,,steam-traps-condensate,증기트랩·응축수 환수,boiler-piping-insulation,steam-traps-condensate,증기트랩·응축수 환수,boiler-piping-insulation,automatic,21,piping-fittings-valves,13,high,false,piping-fittings-valves:13,선택지:응축수 | 본문:워터해머,보일러의 압력상승에 따라 닫혀 있는 주증기 스톱밸브를 처음 열어 사용처로 증기를 보낼 때 워터해머 발생방지를 위한 조치로 틀린 것은?
20101003_033,2010-10-03,33,,heating-systems,증기·온수·복사난방,boiler-piping-insulation,heating-systems,증기·온수·복사난방,boiler-piping-insulation,automatic,25,steam-traps-condensate,14,high,false,steam-traps-condensate:14,본문:난방 방식 | 선택지:환수 방식,"증기난방에서 응축수의 환수방법에 따른 분류 중 증기의 순환과 응축수의 배출이 빠르며, 방열량도 광범위하게 조절할 수 있어서 대규모 난방에서 많이 채택하는 방식은?"
20101003_034,2010-10-03,34,,safety-devices,안전장치·연소안전,boiler-protection-devices,safety-devices,안전장치·연소안전,boiler-protection-devices,automatic,18,boiler-types-construction,12,high,false,boiler-types-construction:12,본문:안전밸브·방출밸브,증기보일러에는 2개 이상의 안전밸브를 설치하여야 하지만 전열면적이 얼마 이하인 경우에는 1개 이상으로 해도 되는가?
20101003_035,2010-10-03,35,,water-treatment-corrosion,수질관리·스케일·부식,boiler-water-treatment,water-treatment-corrosion,수질관리·스케일·부식,boiler-water-treatment,automatic,8,automatic-control-interlocks,0,medium,false,,선택지:부식,보일러 수리시의 안전사항으로 틀린 것은?
20101003_036,2010-10-03,36,,efficiency-output-heat-balance,효율·증발량·열정산,boiler-efficiency-heat-balance,efficiency-output-heat-balance,효율·증발량·열정산,boiler-efficiency-heat-balance,automatic,30,burners-furnaces-atomization,12,high,false,,본문:보일러 효율 | 선택지:열정산,보일러에서 열효율의 향상대책 방법으로 틀린 것은?
20101003_037,2010-10-03,37,,heating-load-radiators,난방부하·방열기 계산,boiler-installation-combustion,heating-load-radiators,난방부하·방열기 계산,boiler-installation-combustion,automatic,18,draft-flue-gas,5,high,false,,본문:난방부하,난방부하 계산 시 반드시 고려해야 할 사항으로 가장 거리가 먼 것은?
20101003_038,2010-10-03,38,,energy-laws-inspection,에너지 관계법규·검사,energy-laws-and-inspection,energy-laws-inspection,에너지 관계법규·검사,energy-laws-and-inspection,automatic,30,efficiency-output-heat-balance,12,high,false,,본문:검사 행정 | 본문:가열로 기준,철금속가열로란 단조가 가능하도록 가열하는 것을 주목적으로 하는 노로써 정격용량이 몇 kcal/h를 초과하는 것을 말하는가?
20101003_039,2010-10-03,39,,safety-devices,안전장치·연소안전,boiler-protection-devices,safety-devices,안전장치·연소안전,boiler-protection-devices,automatic,9,operation-maintenance-preservation,4,medium,false,,선택지:안전장치,보일러조종자의 준수사항으로 틀린 것은?
20101003_040,2010-10-03,40,,operation-maintenance-preservation,기동·운전·정지·보존,boiler-operation-maintenance,operation-maintenance-preservation,기동·운전·정지·보존,boiler-operation-maintenance,automatic,16,piping-fittings-valves,8,high,false,,본문:정지,보일러 운전정지의 순서 중 1차적으로 연료의 공급을 차단한 다음 2차적으로 조치를 취해야 하는 것은?
20101003_041,2010-10-03,41,,heating-load-radiators,난방부하·방열기 계산,boiler-installation-combustion,heating-load-radiators,난방부하·방열기 계산,boiler-installation-combustion,automatic,38,heating-systems,6,high,false,,본문:난방부하 | 본문:방열기 계산,"어떤 건물의 난방부하가 15,000kcal/h이다. 이 건물에 설치할 증기 방열기의 섹션 수는? (단, 방열기 1섹션당 표면적은 0.15㎡이며, 방열량은 표준방열량으로 한다.)"
20101003_042,2010-10-03,42,,heating-systems,증기·온수·복사난방,boiler-piping-insulation,heating-systems,증기·온수·복사난방,boiler-piping-insulation,automatic,18,automatic-control-interlocks,0,high,false,,본문:난방 방식,증기난방의 분류 중 증기공급법에 속하는 것은?
20101003_043,2010-10-03,43,,water-treatment-corrosion,수질관리·스케일·부식,boiler-water-treatment,water-treatment-corrosion,수질관리·스케일·부식,boiler-water-treatment,automatic,28,heating-systems,18,high,false,heating-systems:18 | insulation-materials:16,본문:수처리 | 선택지:부식,온수온돌에서 기초바닥이 지면과 접하는 곳에는 방수처리가 필요하다. 이 방수처리의 목적에 해당되지 않는 것은?
20101003_044,2010-10-03,44,,draft-flue-gas,통풍·연도·굴뚝,boiler-installation-combustion,draft-flue-gas,통풍·연도·굴뚝,boiler-installation-combustion,automatic,24,auxiliary-feedwater-equipment,20,high,false,auxiliary-feedwater-equipment:20 | instruments-accessories:14,선택지:통풍 | 선택지:송풍기 | 선택지:연도·굴뚝,장시간 사용을 중지하고 있던 보일러의 점화준비에서 부속장치 조작 및 시동으로 틀린 것은?
20101003_045,2010-10-03,45,,heating-systems,증기·온수·복사난방,boiler-piping-insulation,heating-systems,증기·온수·복사난방,boiler-piping-insulation,pdf-reviewed,14,operation-maintenance-preservation,14,low,true,operation-maintenance-preservation:14 | efficiency-output-heat-balance:10,본문:팽창탱크,온수보일러에서 팽창탱크의 설치목적으로 틀린 것은?
20101003_046,2010-10-03,46,,water-treatment-corrosion,수질관리·스케일·부식,boiler-water-treatment,water-treatment-corrosion,수질관리·스케일·부식,boiler-water-treatment,automatic,37,steam-traps-condensate,7,high,false,,본문:수처리 | 선택지:스케일 | 선택지:부식,보일러 급수처리의 직접적인 목적과 가장 거리가 먼 것은?
20101003_047,2010-10-03,47,,instruments-accessories,계측·부속장치,boiler-accessory-equipment,instruments-accessories,계측·부속장치,boiler-accessory-equipment,automatic,20,operation-maintenance-preservation,8,high,false,,본문:수면계,수면계의 점검순서 중 가장 먼저 해야 하는 사항으로 적당한 것은?
20101003_048,2010-10-03,48,,boiler-types-construction,보일러 형식·구조·재료,boiler-operation-basics,boiler-types-construction,보일러 형식·구조·재료,boiler-operation-basics,automatic,30,piping-fittings-valves,10,high,false,,본문:보일러 형식 | 본문:재료·제작,"보일러를 옥내설치 할 때 소형보일러 및 주철제보일러의 경우 보일러의 동체 최상부로부터 천장, 배관 등 보일러 상부에 있는 구조물까지 거리는 몇 m이상으로 할 수 있는가?"
20101003_049,2010-10-03,49,,heat-steam-thermodynamics,열·증기·열역학 기초,boiler-operation-basics,heat-steam-thermodynamics,열·증기·열역학 기초,boiler-operation-basics,automatic,18,efficiency-output-heat-balance,10,high,false,efficiency-output-heat-balance:10,본문:증기 상태,보일러성능시험에서 강철제 증기보일러의 증기건도는 몇 %이상이어야 하는가?
20101003_050,2010-10-03,50,,burners-furnaces-atomization,버너·화격자·연소장치,boiler-installation-combustion,burners-furnaces-atomization,버너·화격자·연소장치,boiler-installation-combustion,automatic,22,operation-maintenance-preservation,14,high,false,operation-maintenance-preservation:14,선택지:버너 | 선택지:분무·미립화 | 선택지:연소실·노,보일러를 수동조작으로 점화할 대 방법으로 틀린 것은?
20101003_051,2010-10-03,51,,heating-systems,증기·온수·복사난방,boiler-piping-insulation,heating-systems,증기·온수·복사난방,boiler-piping-insulation,automatic,18,efficiency-output-heat-balance,10,high,false,efficiency-output-heat-balance:10,본문:난방 방식,복사난방의 장점을 설명한 것 중 틀린 것은?
20101003_052,2010-10-03,52,,water-treatment-corrosion,수질관리·스케일·부식,boiler-water-treatment,water-treatment-corrosion,수질관리·스케일·부식,boiler-water-treatment,automatic,20,automatic-control-interlocks,0,high,false,,본문:외처리,보일러 수(水) 외처리의 종류에 해당되지 않는 것은?
20101003_053,2010-10-03,53,,efficiency-output-heat-balance,효율·증발량·열정산,boiler-efficiency-heat-balance,efficiency-output-heat-balance,효율·증발량·열정산,boiler-efficiency-heat-balance,automatic,22,automatic-control-interlocks,0,high,false,,본문:증발량,보일러의 증발량과 그 증기를 발생시키기 위해 사용된 연료량과의 비를 무엇이라고 하는가?
20101003_054,2010-10-03,54,,piping-fittings-valves,배관·이음쇠·밸브,boiler-piping-insulation,piping-fittings-valves,배관·이음쇠·밸브,boiler-piping-insulation,automatic,10,heating-systems,8,medium,false,heating-systems:8,본문:배관,난방배관에서 배관의 관경을 결정하는 요소와 가장 관계가 없는 것은?
20101003_055,2010-10-03,55,,energy-laws-inspection,에너지 관계법규·검사,energy-laws-and-inspection,energy-laws-inspection,에너지 관계법규·검사,energy-laws-and-inspection,automatic,20,automatic-control-interlocks,0,high,false,,본문:열사용기자재 | 선택지:검사 행정,열사용기자재 관리규칙에 의한 특정열사용기자재 중 검사를 받아야할 검사대상기기의 검사의 종류가 아닌 것은?
20101003_056,2010-10-03,56,,energy-laws-inspection,에너지 관계법규·검사,energy-laws-and-inspection,energy-laws-inspection,에너지 관계법규·검사,energy-laws-and-inspection,automatic,24,automatic-control-interlocks,0,high,false,,본문:법령·행정 | 선택지:에너지사용·진단 | 선택지:열사용기자재,지식경제부장관 또는 시·도지사의 업무 중 에너지관리공단에 위탁한 업무가 아닌 것은?
20101003_057,2010-10-03,57,,energy-laws-inspection,에너지 관계법규·검사,energy-laws-and-inspection,energy-laws-inspection,에너지 관계법규·검사,energy-laws-and-inspection,automatic,34,boiler-types-construction,9,high,false,,본문:에너지이용합리화법 | 본문:열사용기자재,에너지이용합리화법에 따른 열사용기자재 중 소형온수보일러의 적용 범위로 옳은 것은?
20101003_058,2010-10-03,58,,energy-laws-inspection,에너지 관계법규·검사,energy-laws-and-inspection,energy-laws-inspection,에너지 관계법규·검사,energy-laws-and-inspection,automatic,10,automatic-control-interlocks,0,high,false,,본문:에너지사용·진단,에너지사용계획에 포함되지 않는 사항은?
20101003_059,2010-10-03,59,,energy-laws-inspection,에너지 관계법규·검사,energy-laws-and-inspection,energy-laws-inspection,에너지 관계법규·검사,energy-laws-and-inspection,automatic,42,automatic-control-interlocks,0,high,false,,본문:에너지이용합리화법 | 본문:법령·행정 | 본문:에너지사용·진단,에너지이용합리화법시행령상 “에너지다소비사업자”라 함은 연료·열 및 전력의 연간 사용량의 합계가 몇 티오이 이상인 자를 말하는가?
20101003_060,2010-10-03,60,,energy-laws-inspection,에너지 관계법규·검사,energy-laws-and-inspection,energy-laws-inspection,에너지 관계법규·검사,energy-laws-and-inspection,automatic,20,automatic-control-interlocks,0,high,false,,본문:에너지이용합리화법,에너지이용합리화법의 목적이 아닌 것은?
20110213_001,2011-02-13,1,,combustion-air-calculation,연소·공기비·배기가스 계산,boiler-installation-combustion,combustion-air-calculation,연소·공기비·배기가스 계산,boiler-installation-combustion,automatic,24,automatic-control-interlocks,0,high,false,,본문:연소 계산 | 본문:연소,"보일러의 배기가스 성분을 측정하여 공기비를 계산하여 실제 건배기 가스량을 계산하는 공식으로 맞는 것은? (단, G : 실제 건배기가스량, Go : 이론 건배기가스량, Ao : 이론연소공기량, m : 공기비)"
20110213_002,2011-02-13,2,,automatic-control-interlocks,자동제어·인터록,boiler-control-systems,automatic-control-interlocks,자동제어·인터록,boiler-control-systems,automatic,26,heat-steam-thermodynamics,7,high,false,,선택지:제어량·조작량 | 본문:인터록,제어장치에서 인터록(inter lock)이란?
20110213_003,2011-02-13,3,,heat-steam-thermodynamics,열·증기·열역학 기초,boiler-operation-basics,heat-steam-thermodynamics,열·증기·열역학 기초,boiler-operation-basics,automatic,18,efficiency-output-heat-balance,16,medium,false,efficiency-output-heat-balance:16,본문:엔탈피·잠열,15℃의 물을 보일러에 급수하여 엔탈피 655.15kcal/kg인 증기를 한 시간에 150kg만들 때의 보일러 마력은?
20110213_004,2011-02-13,4,,safety-devices,안전장치·연소안전,boiler-protection-devices,safety-devices,안전장치·연소안전,boiler-protection-devices,automatic,18,boiler-types-construction,6,high,false,,본문:안전밸브·방출밸브,보일러 안전밸브 부착에 관한 설명으로 잘못된 것은?
20110213_005,2011-02-13,5,,heat-steam-thermodynamics,열·증기·열역학 기초,boiler-operation-basics,heat-steam-thermodynamics,열·증기·열역학 기초,boiler-operation-basics,automatic,30,insulation-materials,8,high,false,,본문:열역학 상태변화 | 본문:기체 법칙,이상기체가 상태변화를 하는 동안 외부와의 사이에 열의 출입이 없는 변화는?
20110213_006,2011-02-13,6,,fuel-properties,연료 특성·발열량,boiler-installation-combustion,fuel-properties,연료 특성·발열량,boiler-installation-combustion,automatic,14,efficiency-output-heat-balance,10,high,false,efficiency-output-heat-balance:10 | burners-furnaces-atomization:8,본문:유류·중유,중유 연소보일러에서 중유를 예열하는 목적 설명으로 잘못된 것은?
20110213_007,2011-02-13,7,,boiler-types-construction,보일러 형식·구조·재료,boiler-operation-basics,boiler-types-construction,보일러 형식·구조·재료,boiler-operation-basics,automatic,12,combustion-air-calculation,3,high,false,,본문:보일러 구조,보일러의 연관에 대한 설명으로 옳은 것은?
20110213_008,2011-02-13,8,,water-treatment-corrosion,수질관리·스케일·부식,boiler-water-treatment,water-treatment-corrosion,수질관리·스케일·부식,boiler-water-treatment,automatic,26,operation-maintenance-preservation,12,high,false,,선택지:수처리 | 본문:캐리오버,보일러 운전 중 프라이밍(priming)이 발생하는 경우는?
20110213_009,2011-02-13,9,,instruments-accessories,계측·부속장치,boiler-accessory-equipment,instruments-accessories,계측·부속장치,boiler-accessory-equipment,automatic,16,automatic-control-interlocks,0,high,false,,본문:압력·온도·유량계,다음 중 용적식 유량계가 아닌 것은?
20110213_010,2011-02-13,10,,burners-furnaces-atomization,버너·화격자·연소장치,boiler-installation-combustion,burners-furnaces-atomization,버너·화격자·연소장치,boiler-installation-combustion,automatic,20,fuel-properties,14,high,false,fuel-properties:14 | combustion-air-calculation:13,본문:버너,가스연료 연소 시 화염이 버너에서 일정거리 떨어져서 연소하는 현상은?
20110213_011,2011-02-13,11,,fuel-properties,연료 특성·발열량,boiler-installation-combustion,fuel-properties,연료 특성·발열량,boiler-installation-combustion,automatic,26,heating-load-radiators,18,high,false,heating-load-radiators:18,본문:유류·중유 | 본문:발열량,"난방부하가 24,000kcal/h인 아파트에 효율이 80%인 유류 보일러로 난방하는 경우 연료의 소모량은 약 몇 kg/h인가? (단, 유류의 저위 발열량은 9,750kcal/kg이다.)"
20110213_012,2011-02-13,12,,efficiency-output-heat-balance,효율·증발량·열정산,boiler-efficiency-heat-balance,efficiency-output-heat-balance,효율·증발량·열정산,boiler-efficiency-heat-balance,automatic,10,automatic-control-interlocks,0,high,false,,선택지:열정산,보일러의 증기헤더(steam header)에 관한 설명으로 틀린 것은?
20110213_013,2011-02-13,13,,auxiliary-feedwater-equipment,급수·부대설비,boiler-auxiliary-equipment,auxiliary-feedwater-equipment,급수·부대설비,boiler-auxiliary-equipment,automatic,25,instruments-accessories,23,medium,false,instruments-accessories:23,선택지:절탄기 | 선택지:공기예열기 | 선택지:증기 부대설비,보일러 부속장치 설명 중 틀린 것은?
20110213_014,2011-02-13,14,,fuel-properties,연료 특성·발열량,boiler-installation-combustion,fuel-properties,연료 특성·발열량,boiler-installation-combustion,automatic,18,automatic-control-interlocks,0,high,false,,본문:가연성 성분,다음 중 가연성가스가 아닌 것은?
20110213_015,2011-02-13,15,,fuel-properties,연료 특성·발열량,boiler-installation-combustion,fuel-properties,연료 특성·발열량,boiler-installation-combustion,automatic,22,combustion-air-calculation,16,high,false,combustion-air-calculation:16,본문:발열량 | 본문:연료 성분,"고위발열량 9,800kcal/kg인 연료 3kg을 연소시킬 때 발생되는 총 저위발열량은 약 몇 kcal/kg인가? (단, 연료 1kg당 수소(H)분은 15%, 수분은 1%의 비율로 들어있다.)"
20110213_016,2011-02-13,16,,draft-flue-gas,통풍·연도·굴뚝,boiler-installation-combustion,draft-flue-gas,통풍·연도·굴뚝,boiler-installation-combustion,automatic,34,operation-maintenance-preservation,8,high,false,,본문:통풍 | 본문:송풍기,연소용 공기를 노의 앞에서 불어 넣으므로 공기가 차고 깨끗하며 송풍기의 고장이 적고 점검 수리가 용이한 보일러의 강제통풍 방식은?
20110213_017,2011-02-13,17,,efficiency-output-heat-balance,효율·증발량·열정산,boiler-efficiency-heat-balance,efficiency-output-heat-balance,효율·증발량·열정산,boiler-efficiency-heat-balance,automatic,16,automatic-control-interlocks,0,high,false,,본문:보일러마력,1보일러 마력을 시간당 발생 열량으로 환산하면?
20110213_018,2011-02-13,18,,automatic-control-interlocks,자동제어·인터록,boiler-control-systems,automatic-control-interlocks,자동제어·인터록,boiler-control-systems,automatic,39,auxiliary-feedwater-equipment,0,high,false,,본문:자동제어 | 선택지:피드백·목표값 | 선택지:인터록,보일러 자동제어에서 목표치와 결과치의 차이 값을 처음으로 되돌려 계속적으로 정정동작을 행하는 제어는?
20110213_019,2011-02-13,19,,burners-furnaces-atomization,버너·화격자·연소장치,boiler-installation-combustion,burners-furnaces-atomization,버너·화격자·연소장치,boiler-installation-combustion,automatic,10,automatic-control-interlocks,0,high,false,,선택지:버너,연료 공급 장치에서 서비스탱크의 설치 위치로 적당한 것은?
20110213_020,2011-02-13,20,,boiler-types-construction,보일러 형식·구조·재료,boiler-operation-basics,boiler-types-construction,보일러 형식·구조·재료,boiler-operation-basics,automatic,8,automatic-control-interlocks,0,medium,false,,선택지:형식 고유명,다음 중 원통형 보일러가 아닌 것은?
20110213_021,2011-02-13,21,,heat-steam-thermodynamics,열·증기·열역학 기초,boiler-operation-basics,heat-steam-thermodynamics,열·증기·열역학 기초,boiler-operation-basics,automatic,18,automatic-control-interlocks,0,high,false,,본문:증기 상태,증기건도(X)에 대한 설명으로 틀린 것은?
20110213_022,2011-02-13,22,,efficiency-output-heat-balance,효율·증발량·열정산,boiler-efficiency-heat-balance,efficiency-output-heat-balance,효율·증발량·열정산,boiler-efficiency-heat-balance,automatic,29,combustion-air-calculation,10,high,false,,선택지:보일러 효율 | 선택지:증발량 | 선택지:보일러마력,보일러의 성능에 관한 설명으로 틀린 것은?
20110213_023,2011-02-13,23,,heat-steam-thermodynamics,열·증기·열역학 기초,boiler-operation-basics,heat-steam-thermodynamics,열·증기·열역학 기초,boiler-operation-basics,automatic,18,boiler-types-construction,6,high,false,,본문:증기 상태,"긴 관의 한 끝에서 펌프로 압송된 급수가 관을 지나는 동안 차례로 가열, 증발, 과열되어 다른 끝에서는 과열증기가 나가는 형식의 보일러는?"
20110213_024,2011-02-13,24,,automatic-control-interlocks,자동제어·인터록,boiler-control-systems,automatic-control-interlocks,자동제어·인터록,boiler-control-systems,automatic,20,combustion-air-calculation,6,high,false,,본문:자동제어,보일러 연소 자동제어를 하는 경우 연소 공기량은 어느 값에 따라 주로 조절되는가?
20110213_025,2011-02-13,25,,auxiliary-feedwater-equipment,급수·부대설비,boiler-auxiliary-equipment,auxiliary-feedwater-equipment,급수·부대설비,boiler-auxiliary-equipment,pdf-reviewed,22,efficiency-output-heat-balance,21,low,false,efficiency-output-heat-balance:21 | water-treatment-corrosion:18,본문:절탄기,보일러에 절탄기를 설치하였을 때의 특징으로 틀린 것은?
20110213_026,2011-02-13,26,,environmental-pollution-control,집진·환경설비,boiler-accessory-equipment,environmental-pollution-control,집진·환경설비,boiler-accessory-equipment,automatic,20,automatic-control-interlocks,0,high,false,,본문:집진장치,보일러의 집진장치 중 집진효율이 가장 높은 것은?
20110213_027,2011-02-13,27,,auxiliary-feedwater-equipment,급수·부대설비,boiler-auxiliary-equipment,auxiliary-feedwater-equipment,급수·부대설비,boiler-auxiliary-equipment,automatic,28,steam-traps-condensate,16,high,false,steam-traps-condensate:16,선택지:급수펌프 | 선택지:펌프 | 본문:급수장치,보일러 급수장치의 설명 중 옳은 것은?
20110213_028,2011-02-13,28,,automatic-control-interlocks,자동제어·인터록,boiler-control-systems,automatic-control-interlocks,자동제어·인터록,boiler-control-systems,automatic,36,combustion-air-calculation,12,high,false,,본문:자동제어 | 본문:제어량·조작량,보일러의 자동제어에서 제어량에 따른 조작량의 대상으로 맞는 것은?
20110213_029,2011-02-13,29,,efficiency-output-heat-balance,효율·증발량·열정산,boiler-efficiency-heat-balance,efficiency-output-heat-balance,효율·증발량·열정산,boiler-efficiency-heat-balance,automatic,22,heat-steam-thermodynamics,18,high,false,heat-steam-thermodynamics:18,본문:증발량,"보일러의 상당증발량을 구하는 식으로 옳은 것은? (단 h1 : 급수엔탈피, h2 : 발생증기엔탈피)"
20110213_030,2011-02-13,30,,boiler-types-construction,보일러 형식·구조·재료,boiler-operation-basics,boiler-types-construction,보일러 형식·구조·재료,boiler-operation-basics,automatic,18,automatic-control-interlocks,0,high,false,,본문:보일러 분류,보일러의 매체별 분류 시 해당하지 않는 것은?
20110213_031,2011-02-13,31,,draft-flue-gas,통풍·연도·굴뚝,boiler-installation-combustion,draft-flue-gas,통풍·연도·굴뚝,boiler-installation-combustion,automatic,8,automatic-control-interlocks,0,medium,false,,선택지:송풍기,보일러에서 이상 폭발음이 있다면 가장 먼저 해야 할 조치사항으로 맞는 것은?
20110213_032,2011-02-13,32,,water-treatment-corrosion,수질관리·스케일·부식,boiler-water-treatment,water-treatment-corrosion,수질관리·스케일·부식,boiler-water-treatment,automatic,16,failures-accidents-safety,7,high,false,,본문:부식,보일러의 부식에서 가성취화를 올바르게 설명한 것은?
20110213_033,2011-02-13,33,,failures-accidents-safety,고장·사고·작업안전,boiler-work-safety,failures-accidents-safety,고장·사고·작업안전,boiler-work-safety,automatic,34,draft-flue-gas,16,high,false,,본문:폭발·화재 | 본문:가스 폭발 예방,가스보일러에서 가스폭발의 예방을 위한 유의사항 중 틀린 것은?
20110213_034,2011-02-13,34,,safety-devices,안전장치·연소안전,boiler-protection-devices,safety-devices,안전장치·연소안전,boiler-protection-devices,automatic,18,boiler-types-construction,12,high,false,boiler-types-construction:12,본문:안전밸브·방출밸브,온수발생 보일러의 전열면적이 10m2미만일 때 방출관의 안지름의 크기는?
20110213_035,2011-02-13,35,jpg 확필,operation-maintenance-preservation,기동·운전·정지·보존,boiler-operation-maintenance,operation-maintenance-preservation,기동·운전·정지·보존,boiler-operation-maintenance,pdf-reviewed,20,automatic-control-interlocks,0,high,false,,본문:수동점화,다음 보기를 보고 기름보일러의 수동조작 점화요령 순서로 가장 적합한 것은?
20110213_036,2011-02-13,36,,heating-systems,증기·온수·복사난방,boiler-piping-insulation,heating-systems,증기·온수·복사난방,boiler-piping-insulation,automatic,18,automatic-control-interlocks,0,high,false,,본문:난방 방식,"온수난방설비에서 온수, 온도차에 의한 비중력차로 순환하는 방식으로 단독주택이나 소규모 난방에 사용되는 것은?"
20110213_037,2011-02-13,37,,efficiency-output-heat-balance,효율·증발량·열정산,boiler-efficiency-heat-balance,efficiency-output-heat-balance,효율·증발량·열정산,boiler-efficiency-heat-balance,automatic,20,heating-load-radiators,18,medium,false,heating-load-radiators:18,본문:열정산,"난방면적이 100㎡, 열손실지수 90kcal/㎡·h, 온수온도 80℃, 실내온도 20℃ 일 때 난방부하(kcal/h)는?"
20110213_038,2011-02-13,38,,boiler-types-construction,보일러 형식·구조·재료,boiler-operation-basics,boiler-types-construction,보일러 형식·구조·재료,boiler-operation-basics,automatic,12,heating-systems,6,high,false,,본문:재료·제작,기둥형 주철제 방열기는 벽과 얼마정도의 간격을 두고 설치하는 것이 좋은가?
20110213_039,2011-02-13,39,,instruments-accessories,계측·부속장치,boiler-accessory-equipment,instruments-accessories,계측·부속장치,boiler-accessory-equipment,automatic,18,boiler-types-construction,12,high,false,boiler-types-construction:12,본문:분출장치,전열면적이 10㎡ 이하의 보일러에는 분출밸브의 크기를 호칭지름 몇 ㎜이상으로 할 수 있는가?
20110213_040,2011-02-13,40,,draft-flue-gas,통풍·연도·굴뚝,boiler-installation-combustion,draft-flue-gas,통풍·연도·굴뚝,boiler-installation-combustion,automatic,14,burners-furnaces-atomization,8,high,false,burners-furnaces-atomization:8,본문:연도·굴뚝,노내의 미연가스가 돌연 착화해서 급격한 연소(폭발연소)를 일으켜 화염이나 연소가스가 전부 연도로 흐르지 않고 연소실 입구나 감시창으로부터 밖으로 분출하는 현상은?
20110213_041,2011-02-13,41,,steam-traps-condensate,증기트랩·응축수 환수,boiler-piping-insulation,steam-traps-condensate,증기트랩·응축수 환수,boiler-piping-insulation,automatic,21,piping-fittings-valves,5,high,false,,선택지:응축수 | 본문:워터해머,보일러의 설비면에서 수격작용의 예방조치로 틀린 것은?
20110213_042,2011-02-13,42,,heating-systems,증기·온수·복사난방,boiler-piping-insulation,heating-systems,증기·온수·복사난방,boiler-piping-insulation,automatic,22,piping-fittings-valves,5,high,false,,본문:난방 방식 | 선택지:난방 배관,강제순환식 온수난방에 대한 설명으로 잘못된 것은?
20110213_043,2011-02-13,43,,heating-load-radiators,난방부하·방열기 계산,boiler-installation-combustion,heating-load-radiators,난방부하·방열기 계산,boiler-installation-combustion,automatic,38,heat-steam-thermodynamics,14,high,false,,본문:방열기 계산 | 본문:난방 계산,"어떤 온수방열기의 입구 온수온도가 85℃, 출구 온수온도가 65℃, 실내온도가 18℃일 때 방열기의 방열량은? (단, 방열기의 방열계수는 7.4m2h℃이다.)"
20110213_044,2011-02-13,44,,operation-maintenance-preservation,기동·운전·정지·보존,boiler-operation-maintenance,operation-maintenance-preservation,기동·운전·정지·보존,boiler-operation-maintenance,automatic,18,automatic-control-interlocks,0,high,false,,본문:보존,보일러를 6개월 이상 장기간 사용하지 않고 보존할 때 가장 적합한 보존방법은?
20110213_045,2011-02-13,45,,energy-laws-inspection,에너지 관계법규·검사,energy-laws-and-inspection,energy-laws-inspection,에너지 관계법규·검사,energy-laws-and-inspection,automatic,12,automatic-control-interlocks,0,high,false,,본문:검사 행정,보일러설치검사 기준상 보일러의 외벽온도는 주위온도보다 몇 ℃를 초과해서는 안 되는가?
20110213_046,2011-02-13,46,,burners-furnaces-atomization,버너·화격자·연소장치,boiler-installation-combustion,burners-furnaces-atomization,버너·화격자·연소장치,boiler-installation-combustion,automatic,20,operation-maintenance-preservation,7,high,false,,본문:화격자·연소장치 | 선택지:연소실·노,가스연소장치의 점화요령으로 맞는 것은?
20110213_047,2011-02-13,47,,auxiliary-feedwater-equipment,급수·부대설비,boiler-auxiliary-equipment,auxiliary-feedwater-equipment,급수·부대설비,boiler-auxiliary-equipment,automatic,9,draft-flue-gas,7,medium,false,draft-flue-gas:7,선택지:급수펌프,다음 중 보일러의 운정정지 시 가장 뒤에 조작하는 작업은?
20110213_048,2011-02-13,48,,steam-traps-condensate,증기트랩·응축수 환수,boiler-piping-insulation,steam-traps-condensate,증기트랩·응축수 환수,boiler-piping-insulation,automatic,14,water-treatment-corrosion,10,high,false,water-treatment-corrosion:10 | heating-systems:9,본문:응축수,하트포드 접속에 대한 설명으로 맞지 않는 것은?
20110213_049,2011-02-13,49,,water-treatment-corrosion,수질관리·스케일·부식,boiler-water-treatment,water-treatment-corrosion,수질관리·스케일·부식,boiler-water-treatment,automatic,20,combustion-air-calculation,14,high,false,combustion-air-calculation:14,본문:수처리,보일러 급수 중의 탄산가스(CO2)를 제거하는 급수처리 방법으로 가장 적합한 것은?
20110213_050,2011-02-13,50,,heating-systems,증기·온수·복사난방,boiler-piping-insulation,heating-systems,증기·온수·복사난방,boiler-piping-insulation,automatic,9,automatic-control-interlocks,0,medium,false,,선택지:난방 방식,벽이나 바닥 등에 가열용 코일을 묻고 여기에 온수를 보내 열로 난방하는 방법은?
20110213_051,2011-02-13,51,,boiler-types-construction,보일러 형식·구조·재료,boiler-operation-basics,boiler-types-construction,보일러 형식·구조·재료,boiler-operation-basics,automatic,10,automatic-control-interlocks,0,high,false,,본문:수압시험,강철제 보일러 수압시험시의 시험수압은 규정된 압력의 몇 %이상을 초과하지 않도록 하여야 하는가?
20110213_052,2011-02-13,52,,draft-flue-gas,통풍·연도·굴뚝,boiler-installation-combustion,draft-flue-gas,통풍·연도·굴뚝,boiler-installation-combustion,automatic,16,combustion-air-calculation,6,high,false,,선택지:통풍 | 선택지:연도·굴뚝,보일러 연소 시 가마울림 현상을 방지하기 위한 대책으로 잘못된 것은?
20110213_053,2011-02-13,53,,heating-systems,증기·온수·복사난방,boiler-piping-insulation,heating-systems,증기·온수·복사난방,boiler-piping-insulation,automatic,16,efficiency-output-heat-balance,10,high,false,efficiency-output-heat-balance:10,본문:지역·급탕 난방,지역난방의 특징 설명으로 잘못된 것은?
20110213_054,2011-02-13,54,,heating-systems,증기·온수·복사난방,boiler-piping-insulation,heating-systems,증기·온수·복사난방,boiler-piping-insulation,automatic,18,automatic-control-interlocks,0,high,false,,본문:난방 방식,온수난방의 분류를 사용온수에 의해 분류할 때 고온수식 온수온도의 범위는 보통 몇 ℃정도인가?
20110213_055,2011-02-13,55,,energy-laws-inspection,에너지 관계법규·검사,energy-laws-and-inspection,energy-laws-inspection,에너지 관계법규·검사,energy-laws-and-inspection,automatic,14,automatic-control-interlocks,0,high,false,,본문:열사용기자재,열사용 기자재 관리 규칙에 의한 검사대상기기 중 소형온수보일러의 검사대상기기 적용범위에 해당하는 가스사용량은 몇 kg/h를 초과하는 것부터 인가?
20110213_056,2011-02-13,56,,energy-laws-inspection,에너지 관계법규·검사,energy-laws-and-inspection,energy-laws-inspection,에너지 관계법규·검사,energy-laws-and-inspection,automatic,27,automatic-control-interlocks,0,high,false,,본문:에너지이용합리화법 | 선택지:열사용기자재,에너지이용합리화법상 에너지이용 합리화 기본계획 사항에 포함되지 않는 것은?
20110213_057,2011-02-13,57,,energy-laws-inspection,에너지 관계법규·검사,energy-laws-and-inspection,energy-laws-inspection,에너지 관계법규·검사,energy-laws-and-inspection,automatic,16,automatic-control-interlocks,0,high,false,,선택지:법령·행정 | 본문:에너지사용·진단,에너지절약전문기업의 등록은 누구에게 하는가?
20110213_058,2011-02-13,58,,energy-laws-inspection,에너지 관계법규·검사,energy-laws-and-inspection,energy-laws-inspection,에너지 관계법규·검사,energy-laws-and-inspection,automatic,36,piping-fittings-valves,6,high,false,,본문:에너지이용합리화법 | 본문:에너지원단위,에너지이용 합리화법상 목표에너지원단위란?
20110213_059,2011-02-13,59,,energy-laws-inspection,에너지 관계법규·검사,energy-laws-and-inspection,energy-laws-inspection,에너지 관계법규·검사,energy-laws-and-inspection,automatic,20,automatic-control-interlocks,0,high,false,,본문:에너지이용합리화법,에너지이용합리화법상 에너지사용자와 에너지공급자의 책무로 맞는 것은?
20110213_060,2011-02-13,60,,energy-laws-inspection,에너지 관계법규·검사,energy-laws-and-inspection,energy-laws-inspection,에너지 관계법규·검사,energy-laws-and-inspection,automatic,38,automatic-control-interlocks,0,high,false,,본문:에너지이용합리화법 | 선택지:법령·행정 | 본문:효율관리,에너지이용합리화법상 평균효율관리기자재를 제조하거나 수입하여 판매하는 자는 에너지소비효율 산정에 필요하다고 인정되는 판매에 관한 자료와 효율측정에 관한 자료를 누구에게 제출하여야 하는가?
20110417_001,2011-04-17,1,,environmental-pollution-control,집진·환경설비,boiler-accessory-equipment,environmental-pollution-control,집진·환경설비,boiler-accessory-equipment,automatic,29,automatic-control-interlocks,0,high,false,,본문:집진장치 | 선택지:집진 방식,다음 중 가압수식 집진장치에 해당되지 않는 것은?
20110417_002,2011-04-17,2,,safety-devices,안전장치·연소안전,boiler-protection-devices,safety-devices,안전장치·연소안전,boiler-protection-devices,automatic,27,piping-fittings-valves,8,high,false,,본문:안전장치 | 선택지:안전밸브·방출밸브,보일러의 안전장치가 아닌 것은?
20110417_003,2011-04-17,3,,automatic-control-interlocks,자동제어·인터록,boiler-control-systems,automatic-control-interlocks,자동제어·인터록,boiler-control-systems,automatic,18,auxiliary-feedwater-equipment,0,high,false,,선택지:피드백·목표값 | 선택지:제어량·조작량,미리 정해진 순서에 따라 순차적으로 제어의 각 단계를 진행하는 제어는?
20110417_004,2011-04-17,4,,safety-devices,안전장치·연소안전,boiler-protection-devices,safety-devices,안전장치·연소안전,boiler-protection-devices,automatic,33,automatic-control-interlocks,0,high,false,,본문:안전장치 | 선택지:안전밸브·방출밸브 | 선택지:압력 보호,보일러의 압력에 관한 안전장치 중 설정압이 낮은 것부터 높은 순으로 열거된 것은?
20110417_005,2011-04-17,5,,automatic-control-interlocks,자동제어·인터록,boiler-control-systems,automatic-control-interlocks,자동제어·인터록,boiler-control-systems,automatic,20,auxiliary-feedwater-equipment,0,high,false,,본문:자동제어,보일러 자동제어의 목적과 무관한 것은?
20110417_006,2011-04-17,6,,safety-devices,안전장치·연소안전,boiler-protection-devices,safety-devices,안전장치·연소안전,boiler-protection-devices,automatic,16,automatic-control-interlocks,0,high,false,,본문:화염 감시,보일러의 화염검출기 중 스택 스위치는 화염의 어떠한 성질을 이용하여 화염을 검출하는가?
20110417_007,2011-04-17,7,,boiler-types-construction,보일러 형식·구조·재료,boiler-operation-basics,boiler-types-construction,보일러 형식·구조·재료,boiler-operation-basics,automatic,36,automatic-control-interlocks,0,high,false,,본문:보일러 형식 | 선택지:보일러 구조 | 본문:재료·제작,주철제 보일러의 장점(長點)으로 틀린 것은?
20110417_008,2011-04-17,8,,boiler-types-construction,보일러 형식·구조·재료,boiler-operation-basics,boiler-types-construction,보일러 형식·구조·재료,boiler-operation-basics,automatic,30,efficiency-output-heat-balance,10,high,false,,본문:보일러 형식 | 본문:보일러 구조,노통 연관식 보일러의 특징에 대한 설명으로 틀린 것은?
20110417_009,2011-04-17,9,,instruments-accessories,계측·부속장치,boiler-accessory-equipment,instruments-accessories,계측·부속장치,boiler-accessory-equipment,automatic,16,efficiency-output-heat-balance,11,high,false,efficiency-output-heat-balance:11,본문:압력·온도·유량계,보일러에 부착하는 압력계에 대한 설명으로 맞는 것은?
20110417_010,2011-04-17,10,,burners-furnaces-atomization,버너·화격자·연소장치,boiler-installation-combustion,burners-furnaces-atomization,버너·화격자·연소장치,boiler-installation-combustion,automatic,36,automatic-control-interlocks,0,high,false,,본문:버너 | 본문:분무·미립화,구조가 간단하고 자동화에 편리하며 고속으로 회전하는 분무컵으로 연료를 비산·무화시키는 버너는?
20110417_011,2011-04-17,11,,efficiency-output-heat-balance,효율·증발량·열정산,boiler-efficiency-heat-balance,efficiency-output-heat-balance,효율·증발량·열정산,boiler-efficiency-heat-balance,automatic,11,heat-steam-thermodynamics,9,medium,false,heat-steam-thermodynamics:9,선택지:증발량,보일러의 마력을 올바르게 나타낸 것은?
20110417_012,2011-04-17,12,,combustion-air-calculation,연소·공기비·배기가스 계산,boiler-installation-combustion,combustion-air-calculation,연소·공기비·배기가스 계산,boiler-installation-combustion,automatic,22,heat-steam-thermodynamics,7,high,false,,본문:연소 속도 | 본문:연소,연소의 속도에 미치는 인자가 아닌 것은?
20110417_013,2011-04-17,13,,safety-devices,안전장치·연소안전,boiler-protection-devices,safety-devices,안전장치·연소안전,boiler-protection-devices,automatic,16,operation-maintenance-preservation,7,high,false,,본문:화염 감시,화염검출기 기능불량과 대책을 연결한 것으로 잘못된 것은?
20110417_014,2011-04-17,14,,auxiliary-feedwater-equipment,급수·부대설비,boiler-auxiliary-equipment,auxiliary-feedwater-equipment,급수·부대설비,boiler-auxiliary-equipment,automatic,9,automatic-control-interlocks,0,medium,false,,선택지:급수펌프,다음 중 왕복식 펌프에 해당되지 않는 것은?
20110417_015,2011-04-17,15,,instruments-accessories,계측·부속장치,boiler-accessory-equipment,instruments-accessories,계측·부속장치,boiler-accessory-equipment,automatic,18,operation-maintenance-preservation,10,high,false,operation-maintenance-preservation:10,본문:수트블로워,수트블로워(soot blower)시 주의사항으로 틀린 것은?
20110417_016,2011-04-17,16,,instruments-accessories,계측·부속장치,boiler-accessory-equipment,safety-devices,안전장치·연소안전,boiler-protection-devices,pdf-reviewed,8,heat-steam-thermodynamics,7,low,false,heat-steam-thermodynamics:7 | boiler-types-construction:6 | failures-accidents-safety:6,선택지:압력·온도·유량계,보일러와 관련한 다음 설명에서 틀린 것은?
20110417_017,2011-04-17,17,,burners-furnaces-atomization,버너·화격자·연소장치,boiler-installation-combustion,burners-furnaces-atomization,버너·화격자·연소장치,boiler-installation-combustion,automatic,20,automatic-control-interlocks,0,high,false,,본문:버너,보일러용 가스버너 중 외부혼합식에 속하지 않는 것은?
20110417_018,2011-04-17,18,,heat-steam-thermodynamics,열·증기·열역학 기초,boiler-operation-basics,heat-steam-thermodynamics,열·증기·열역학 기초,boiler-operation-basics,automatic,36,efficiency-output-heat-balance,22,high,false,efficiency-output-heat-balance:22,본문:증기 상태 | 본문:엔탈피·잠열,"어떤 보일러에서 포화증기엔탈피가 632kcal/kg인 증기를 매시 150kg을 발생하며, 급수엔탈피가 22kcal/kg, 매시연료소비량이 800kg이라면 이때의 증발계수는 약 얼마인가?"
20110417_019,2011-04-17,19,,heat-steam-thermodynamics,열·증기·열역학 기초,boiler-operation-basics,heat-steam-thermodynamics,열·증기·열역학 기초,boiler-operation-basics,automatic,32,efficiency-output-heat-balance,20,high,false,efficiency-output-heat-balance:20,본문:엔탈피·잠열 | 본문:비열·열량,"저위발열량이 9,750kcal/kg, 기름 80kg/h를 사용하는 보일러에서 급수사용량 800kg/h, 급수온도 60℃, 증기엔탈피가 650kcal/kg일 때 보일러 효율은 약 얼마인가?"
20110417_020,2011-04-17,20,,draft-flue-gas,통풍·연도·굴뚝,boiler-installation-combustion,draft-flue-gas,통풍·연도·굴뚝,boiler-installation-combustion,automatic,34,automatic-control-interlocks,0,high,false,,본문:통풍 | 본문:송풍기,통풍장치 중에서 원심식 송풍기의 종류가 아닌 것은?
20110417_021,2011-04-17,21,,auxiliary-feedwater-equipment,급수·부대설비,boiler-auxiliary-equipment,auxiliary-feedwater-equipment,급수·부대설비,boiler-auxiliary-equipment,automatic,20,combustion-air-calculation,10,high,false,,본문:오일프리히터,오일 프리히터의 사용 목적이 아닌 것은?
20110417_022,2011-04-17,22,,efficiency-output-heat-balance,효율·증발량·열정산,boiler-efficiency-heat-balance,efficiency-output-heat-balance,효율·증발량·열정산,boiler-efficiency-heat-balance,automatic,11,boiler-types-construction,6,high,false,,선택지:증발량,관류 보일러의 특징 설명으로 틀린 것은?
20110417_023,2011-04-17,23,,steam-traps-condensate,증기트랩·응축수 환수,boiler-piping-insulation,steam-traps-condensate,증기트랩·응축수 환수,boiler-piping-insulation,automatic,20,automatic-control-interlocks,0,high,false,,본문:증기트랩,증기트랩의 종류 중 열역학적 트랩은?
20110417_024,2011-04-17,24,,automatic-control-interlocks,자동제어·인터록,boiler-control-systems,automatic-control-interlocks,자동제어·인터록,boiler-control-systems,automatic,20,heat-steam-thermodynamics,7,high,false,,본문:급수 3요소 제어,보일러 급수제어방식 중 3요소식의 검출요소가 아닌 것은?
20110417_025,2011-04-17,25,,combustion-air-calculation,연소·공기비·배기가스 계산,boiler-installation-combustion,combustion-air-calculation,연소·공기비·배기가스 계산,boiler-installation-combustion,automatic,6,automatic-control-interlocks,0,medium,false,,본문:연소,"소형 연소기를 실내에 설치하는 경우, 급배기통을 전용 챔버 내에 접속하여 자연통기력에 의해 급배기하는 방식은?"
20110417_026,2011-04-17,26,,auxiliary-feedwater-equipment,급수·부대설비,boiler-auxiliary-equipment,auxiliary-feedwater-equipment,급수·부대설비,boiler-auxiliary-equipment,automatic,18,automatic-control-interlocks,0,high,false,,본문:급수펌프,보일러 급수펌프의 구비조건으로 틀린 것은?
20110417_027,2011-04-17,27,,burners-furnaces-atomization,버너·화격자·연소장치,boiler-installation-combustion,burners-furnaces-atomization,버너·화격자·연소장치,boiler-installation-combustion,automatic,20,draft-flue-gas,14,high,false,draft-flue-gas:14,본문:버너,"온수보일러 연소가스 배출구의 300㎜ 상단의 연도에 부착하여 연소가스열에 의하여 연도 내부로 삽입되는 바이메탈의 수축팽창으로 접점을 연결, 차단하여 버너의 작동이나 정지를 시키는 온수보일러의 제어장치는?"
20110417_028,2011-04-17,28,,fuel-properties,연료 특성·발열량,boiler-installation-combustion,fuel-properties,연료 특성·발열량,boiler-installation-combustion,automatic,12,combustion-air-calculation,6,high,false,,본문:발열량,"효율이 82%인 보일러로 발열량 9,800kcal/kg의 연료를 15kg연소시키는 경우의 손실 열량은?"
20110417_029,2011-04-17,29,,efficiency-output-heat-balance,효율·증발량·열정산,boiler-efficiency-heat-balance,efficiency-output-heat-balance,효율·증발량·열정산,boiler-efficiency-heat-balance,automatic,10,environmental-pollution-control,7,medium,false,environmental-pollution-control:7 | combustion-air-calculation:6,선택지:보일러 효율,보일러의 연소배기가스를 분석하는 궁극적인 목적으로 가장 알맞은 것은?
20110417_030,2011-04-17,30,,energy-laws-inspection,에너지 관계법규·검사,energy-laws-and-inspection,energy-laws-inspection,에너지 관계법규·검사,energy-laws-and-inspection,automatic,12,efficiency-output-heat-balance,10,medium,false,efficiency-output-heat-balance:10,본문:검사 행정,보일러 계속사용검사 중 보일러의 성능시험 방법에서 측정은 매 몇 분마다 실시하는가?
20110417_031,2011-04-17,31,,draft-flue-gas,통풍·연도·굴뚝,boiler-installation-combustion,draft-flue-gas,통풍·연도·굴뚝,boiler-installation-combustion,automatic,39,fuel-properties,18,high,false,,선택지:통풍 | 본문:송풍기 | 본문:연도·굴뚝,보일러 점화전에 댐퍼를 열고 노 내와 연도에 남아있는 가연성가스를 송풍기로 취출 시키는 것은?
20110417_032,2011-04-17,32,,failures-accidents-safety,고장·사고·작업안전,boiler-work-safety,failures-accidents-safety,고장·사고·작업안전,boiler-work-safety,automatic,16,boiler-types-construction,6,high,false,,본문:사고·안전,보일러 사고의 원인 중 제작상의 원인에 해당되지 않는 것은?
20110417_033,2011-04-17,33,,water-treatment-corrosion,수질관리·스케일·부식,boiler-water-treatment,water-treatment-corrosion,수질관리·스케일·부식,boiler-water-treatment,automatic,16,combustion-air-calculation,7,high,false,,본문:부식,보일러 고온부식을 유발하는 성분은?
20110417_034,2011-04-17,34,,auxiliary-feedwater-equipment,급수·부대설비,boiler-auxiliary-equipment,auxiliary-feedwater-equipment,급수·부대설비,boiler-auxiliary-equipment,automatic,16,fuel-properties,5,high,false,,선택지:과열·재열 | 선택지:급수장치,점화준비에서 보일러내의 급수를 하려고 한다. 이때의 주의사항으로 잘못된 것은?
20110417_035,2011-04-17,35,,burners-furnaces-atomization,버너·화격자·연소장치,boiler-installation-combustion,burners-furnaces-atomization,버너·화격자·연소장치,boiler-installation-combustion,automatic,20,operation-maintenance-preservation,7,high,false,,본문:화격자·연소장치 | 선택지:연소실·노,가스연소장치에서 보일러 자동점화 시에 가장 먼저 확인하여야 하는 사항은?
20110417_036,2011-04-17,36,,heating-systems,증기·온수·복사난방,boiler-piping-insulation,heating-systems,증기·온수·복사난방,boiler-piping-insulation,automatic,32,automatic-control-interlocks,0,high,false,,본문:난방 방식 | 본문:팽창탱크,온수난방에서 팽창탱크의 역할이 아닌 것은?
20110417_037,2011-04-17,37,,heating-load-radiators,난방부하·방열기 계산,boiler-installation-combustion,heating-load-radiators,난방부하·방열기 계산,boiler-installation-combustion,automatic,36,heating-systems,18,high,false,,본문:난방부하 | 본문:난방 계산,"난방부하가 40,000kcal/h일 때 온수난방일 경우 방열면적은 약 몇 ㎡인가? (단, 방열량은 표준 방열량으로 한다.)"
20110417_038,2011-04-17,38,,fuel-properties,연료 특성·발열량,boiler-installation-combustion,fuel-properties,연료 특성·발열량,boiler-installation-combustion,automatic,8,boiler-types-construction,6,medium,false,boiler-types-construction:6 | piping-fittings-valves:5,선택지:석탄,중앙식 급탕법에 대한 설명으로 틀린 것은?
20110417_039,2011-04-17,39,,operation-maintenance-preservation,기동·운전·정지·보존,boiler-operation-maintenance,operation-maintenance-preservation,기동·운전·정지·보존,boiler-operation-maintenance,automatic,16,piping-fittings-valves,13,medium,false,piping-fittings-valves:13,본문:정상운전·송기 | 선택지:점검·정비,보일러에서 발생한 증기를 송기할 때의 주의사항으로 틀린 것은?
20110417_040,2011-04-17,40,,water-treatment-corrosion,수질관리·스케일·부식,boiler-water-treatment,water-treatment-corrosion,수질관리·스케일·부식,boiler-water-treatment,automatic,18,failures-accidents-safety,7,high,false,,본문:스케일,스케일이 보일러에 미치는 영향이 아닌 것은?
20110417_041,2011-04-17,41,,safety-devices,안전장치·연소안전,boiler-protection-devices,safety-devices,안전장치·연소안전,boiler-protection-devices,automatic,18,boiler-types-construction,12,high,false,boiler-types-construction:12,본문:안전밸브·방출밸브,온수발생 강철제 보일러의 전열면적이 25㎡인 경우 방출관의 안지름은 몇 ㎜ 이상으로 해야 하는가?
20110417_042,2011-04-17,42,,draft-flue-gas,통풍·연도·굴뚝,boiler-installation-combustion,operation-maintenance-preservation,기동·운전·정지·보존,boiler-operation-maintenance,pdf-reviewed,9,safety-devices,9,low,true,safety-devices:9,선택지:통풍,보일러 휴지 시 보존방법에 대한 설명으로 옳은 것은?
20110417_043,2011-04-17,43,,heating-systems,증기·온수·복사난방,boiler-piping-insulation,heating-systems,증기·온수·복사난방,boiler-piping-insulation,automatic,26,instruments-accessories,20,high,false,instruments-accessories:20,본문:난방 방식 | 본문:난방 배관,증기난방배관의 환수주관에 대한 설명 중 옳은 것은?
20110417_044,2011-04-17,44,,instruments-accessories,계측·부속장치,boiler-accessory-equipment,instruments-accessories,계측·부속장치,boiler-accessory-equipment,automatic,16,automatic-control-interlocks,0,high,false,,본문:압력·온도·유량계,증기보일러의 압력계에 부착하는 사이폰관의 안지름은 몇 ㎜ 이상으로 하는가?
20110417_045,2011-04-17,45,,burners-furnaces-atomization,버너·화격자·연소장치,boiler-installation-combustion,burners-furnaces-atomization,버너·화격자·연소장치,boiler-installation-combustion,automatic,16,operation-maintenance-preservation,12,high,false,operation-maintenance-preservation:12,선택지:분무·미립화 | 본문:연소실·노,보일러 운전 중에 연소실에서 연소가 급히 중단되는 현상은?
20110417_046,2011-04-17,46,,instruments-accessories,계측·부속장치,boiler-accessory-equipment,instruments-accessories,계측·부속장치,boiler-accessory-equipment,automatic,20,heating-systems,18,medium,false,heating-systems:18 | heat-steam-thermodynamics:14,본문:수면계,"어떤 방의 온수온돌 난방에서 실내온도를 18℃로 유지하려고 하는데 소요되는 열량이 시간당 30,150kcal가 소요된다고 한다. 이때 송수주관의 온도가 85℃이고 환수주관의 온도가 18℃라 한다면 온수의 순환량은? (단, 온수의 비열은 1kcal/kg·℃이다.)"
20110417_047,2011-04-17,47,,boiler-types-construction,보일러 형식·구조·재료,boiler-operation-basics,boiler-types-construction,보일러 형식·구조·재료,boiler-operation-basics,automatic,46,automatic-control-interlocks,0,high,false,,본문:보일러 형식 | 본문:재료·제작 | 본문:수압시험 | 본문:최고사용압력,주철제 보일러의 최고사용압력이 0.4MPa일 경우 이 보일러의 수압시험 압력은?
20110417_048,2011-04-17,48,,heating-systems,증기·온수·복사난방,boiler-piping-insulation,heating-systems,증기·온수·복사난방,boiler-piping-insulation,automatic,18,automatic-control-interlocks,0,high,false,,본문:난방 방식,복사난방의 설명으로 틀린 것은?
20110417_049,2011-04-17,49,,safety-devices,안전장치·연소안전,boiler-protection-devices,safety-devices,안전장치·연소안전,boiler-protection-devices,automatic,18,automatic-control-interlocks,0,high,false,,본문:안전밸브·방출밸브,안전밸브의 누설원인으로 틀린 것은?
20110417_050,2011-04-17,50,,operation-maintenance-preservation,기동·운전·정지·보존,boiler-operation-maintenance,operation-maintenance-preservation,기동·운전·정지·보존,boiler-operation-maintenance,automatic,16,water-treatment-corrosion,8,high,false,,본문:운전 취급,보일러의 안전관리상 가장 중요한 것은?
20110417_051,2011-04-17,51,,heating-load-radiators,난방부하·방열기 계산,boiler-installation-combustion,heating-load-radiators,난방부하·방열기 계산,boiler-installation-combustion,automatic,38,heating-systems,6,high,false,,본문:난방부하 | 본문:방열기 계산,"온수방열기의 쪽당 방열면적이 0.26㎡이다. 난방부하 20,000kcal/h를 처리하기 위한 방열기의 쪽수는? (단, 소수점이 나올 경우 상위 수를 취한다.)"
20110417_052,2011-04-17,52,,heating-systems,증기·온수·복사난방,boiler-piping-insulation,heating-systems,증기·온수·복사난방,boiler-piping-insulation,automatic,25,steam-traps-condensate,14,high,false,steam-traps-condensate:14,본문:난방 방식 | 선택지:환수 방식,응축수와 증기가 동일관 속을 흐르는 방식으로 기울기를 잘못하면 수격현상이 발생되는 문제로 소규모 난방에서만 사용되는 증기난방 방식은?
20110417_053,2011-04-17,53,,operation-maintenance-preservation,기동·운전·정지·보존,boiler-operation-maintenance,operation-maintenance-preservation,기동·운전·정지·보존,boiler-operation-maintenance,automatic,16,draft-flue-gas,7,high,false,,본문:정지,보일러 운전정지 순서에 들어갈 내용으로 틀린 것은?
20110417_054,2011-04-17,54,,heating-systems,증기·온수·복사난방,boiler-piping-insulation,heating-systems,증기·온수·복사난방,boiler-piping-insulation,automatic,17,boiler-types-construction,6,high,false,,본문:팽창탱크 | 선택지:방열기,온수보일러 개방식 팽창탱크 설치 시 주의사항으로 잘못된 것은?
20110417_055,2011-04-17,55,,energy-laws-inspection,에너지 관계법규·검사,energy-laws-and-inspection,energy-laws-inspection,에너지 관계법규·검사,energy-laws-and-inspection,automatic,18,automatic-control-interlocks,0,high,false,,본문:저탄소·녹색성장,"저탄소 녹색성장 기본법에서 화석연료에 대한 의존도를 낮추고 청정에너지의 사용 및 보급을 확대하여 녹색기술 연구개발, 탄소 흡수원 확충 등을 통하여 온실가스를 적정수준 이하로 줄이는 것을 말하는 용어는?"
20110417_056,2011-04-17,56,,energy-laws-inspection,에너지 관계법규·검사,energy-laws-and-inspection,energy-laws-inspection,에너지 관계법규·검사,energy-laws-and-inspection,automatic,22,piping-fittings-valves,10,high,false,,본문:법령·행정 | 본문:에너지사용·진단,공공사업주관자에게 지식경제부장관이 에너지사용계획에 대한 검토결과를 조치 요청하면 해당 공공사업주관자는 이행계획을 작성하여 제출하여야 하는데 이행계획에 포함되지 않는 사항은?
20110417_057,2011-04-17,57,,energy-laws-inspection,에너지 관계법규·검사,energy-laws-and-inspection,energy-laws-inspection,에너지 관계법규·검사,energy-laws-and-inspection,automatic,24,automatic-control-interlocks,0,high,false,,본문:법령·행정 | 선택지:에너지사용·진단 | 선택지:열사용기자재,지식경제부장관 또는 시 · 도지사로부터 에너지관리공단이사장에게 위탁된 업무가 아닌 것은?
20110417_058,2011-04-17,58,,energy-laws-inspection,에너지 관계법규·검사,energy-laws-and-inspection,energy-laws-inspection,에너지 관계법규·검사,energy-laws-and-inspection,automatic,21,automatic-control-interlocks,0,high,false,,선택지:에너지사용·진단 | 본문:에너지원단위,다음 중 목표에너지원단위를 올바르게 설명한 것은?
20110417_059,2011-04-17,59,,energy-laws-inspection,에너지 관계법규·검사,energy-laws-and-inspection,energy-laws-inspection,에너지 관계법규·검사,energy-laws-and-inspection,automatic,30,automatic-control-interlocks,0,high,false,,본문:에너지법 | 본문:법령·행정,에너지법 시행령에서 지식경제부장관이 에너지기술개발을 위한 사업에 투자 또는 출연할 것을 권고할 수 있는 에너지관련 사업자가 아닌 것은?
20110417_060,2011-04-17,60,,energy-laws-inspection,에너지 관계법규·검사,energy-laws-and-inspection,energy-laws-inspection,에너지 관계법규·검사,energy-laws-and-inspection,automatic,40,automatic-control-interlocks,0,high,false,,본문:에너지이용합리화법 | 선택지:효율관리 | 본문:열사용기자재,에너지이용합리화법상 에너지의 효율적인 수행과 특정열사용기자재의 안전관리를 위하여 교육을 받아야 하는 대상이 아닌 자는?
20110731_001,2011-07-31,1,,combustion-air-calculation,연소·공기비·배기가스 계산,boiler-installation-combustion,combustion-air-calculation,연소·공기비·배기가스 계산,boiler-installation-combustion,automatic,38,automatic-control-interlocks,0,high,false,,본문:연소 계산 | 본문:배기가스 분석 | 본문:연소,프로판 가스의 연소식은 C3H₈＋5O2 → 3CO2＋4H2O이다. 프로판 가스 10kg을 완전 연소시키는데 필요한 이론 산소량은?
20110731_002,2011-07-31,2,,automatic-control-interlocks,자동제어·인터록,boiler-control-systems,automatic-control-interlocks,자동제어·인터록,boiler-control-systems,automatic,16,auxiliary-feedwater-equipment,0,high,false,,본문:제어동작,다음 제어동작 중 연속제어 특성과 관계가 없는 것은?
20110731_003,2011-07-31,3,,draft-flue-gas,통풍·연도·굴뚝,boiler-installation-combustion,draft-flue-gas,통풍·연도·굴뚝,boiler-installation-combustion,automatic,32,automatic-control-interlocks,0,high,false,,본문:통풍 | 본문:연도·굴뚝,"외기온도 20℃, 배기가스온도 200℃이고, 연돌높이가 20m일 때 통풍력은 약 얼마인가?"
20110731_004,2011-07-31,4,,combustion-air-calculation,연소·공기비·배기가스 계산,boiler-installation-combustion,combustion-air-calculation,연소·공기비·배기가스 계산,boiler-installation-combustion,automatic,20,automatic-control-interlocks,0,high,false,,본문:연소 반응 | 본문:연소,부탄가스(C4H1₀) 1N㎥을 완전연소 시킬 경우 H2O는 몇 N㎥가 생성되는가?
20110731_005,2011-07-31,5,jpg 확필,piping-fittings-valves,배관·이음쇠·밸브,boiler-piping-insulation,piping-fittings-valves,배관·이음쇠·밸브,boiler-piping-insulation,pdf-reviewed,8,automatic-control-interlocks,0,medium,false,,선택지:이음쇠,아래 그림기호의 관조인트 종류의 명칭으로 맞는 것은?
20110731_006,2011-07-31,6,,instruments-accessories,계측·부속장치,boiler-accessory-equipment,instruments-accessories,계측·부속장치,boiler-accessory-equipment,automatic,8,automatic-control-interlocks,0,medium,false,,선택지:압력·온도·유량계,다음 중 기름여과기(oil strainer)에 대한 설명으로 틀린 것은?
20110731_007,2011-07-31,7,,draft-flue-gas,통풍·연도·굴뚝,boiler-installation-combustion,draft-flue-gas,통풍·연도·굴뚝,boiler-installation-combustion,automatic,16,failures-accidents-safety,12,high,false,failures-accidents-safety:12,선택지:통풍 | 선택지:연도·굴뚝,보일러 점화 시 역화현상이 발생하는 원인이 아닌 것은?
20110731_008,2011-07-31,8,,efficiency-output-heat-balance,효율·증발량·열정산,boiler-efficiency-heat-balance,efficiency-output-heat-balance,효율·증발량·열정산,boiler-efficiency-heat-balance,automatic,20,auxiliary-feedwater-equipment,8,high,false,,본문:열정산,보일러의 열정산의 조건과 측정방법을 설명한 것 중 틀린 것은?
20110731_009,2011-07-31,9,,boiler-types-construction,보일러 형식·구조·재료,boiler-operation-basics,boiler-types-construction,보일러 형식·구조·재료,boiler-operation-basics,automatic,6,automatic-control-interlocks,0,medium,false,,선택지:보일러 구조,소형관류보일러(다관식 관류보일러)를 구성하는 주요구성 요소로 맞는 것은?
20110731_010,2011-07-31,10,,auxiliary-feedwater-equipment,급수·부대설비,boiler-auxiliary-equipment,auxiliary-feedwater-equipment,급수·부대설비,boiler-auxiliary-equipment,automatic,32,automatic-control-interlocks,0,high,false,,본문:급수펌프 | 본문:급수장치,보일러의 급수장치에서 인젝터의 특징 설명으로 틀린 것은?
20110731_011,2011-07-31,11,,boiler-types-construction,보일러 형식·구조·재료,boiler-operation-basics,boiler-types-construction,보일러 형식·구조·재료,boiler-operation-basics,automatic,12,automatic-control-interlocks,0,high,false,,본문:보일러 구조,보일러에 설치되는 스테이의 종류가 아닌 것은?
20110731_012,2011-07-31,12,,efficiency-output-heat-balance,효율·증발량·열정산,boiler-efficiency-heat-balance,efficiency-output-heat-balance,효율·증발량·열정산,boiler-efficiency-heat-balance,automatic,22,automatic-control-interlocks,0,high,false,,본문:증발량,다음 중 증기보일러의 상당증발량의 단위는?
20110731_013,2011-07-31,13,,instruments-accessories,계측·부속장치,boiler-accessory-equipment,instruments-accessories,계측·부속장치,boiler-accessory-equipment,automatic,18,automatic-control-interlocks,0,high,false,,본문:가스미터·액면계,가스유량과 일정한 관계가 있는 다른 양을 측정함으로서 간접적으로 가스유량을 구하는 방식인 추량식 가스미터의 종류가 아닌 것은?
20110731_014,2011-07-31,14,,fuel-properties,연료 특성·발열량,boiler-installation-combustion,fuel-properties,연료 특성·발열량,boiler-installation-combustion,automatic,14,automatic-control-interlocks,0,high,false,,본문:유류·중유,사용 시 예열이 필요 없고 비중이 가장 작은 중유는?
20110731_015,2011-07-31,15,,auxiliary-feedwater-equipment,급수·부대설비,boiler-auxiliary-equipment,auxiliary-feedwater-equipment,급수·부대설비,boiler-auxiliary-equipment,automatic,20,combustion-air-calculation,9,high,false,,본문:오일프리히터,오일예열기의 역할과 특징 설명으로 잘못된 것은?
20110731_016,2011-07-31,16,,instruments-accessories,계측·부속장치,boiler-accessory-equipment,instruments-accessories,계측·부속장치,boiler-accessory-equipment,automatic,18,draft-flue-gas,16,medium,false,draft-flue-gas:16,본문:수트블로워,다음 중 슈트 블로워 사용 시 주의사항으로 틀린 것은?
20110731_017,2011-07-31,17,,efficiency-output-heat-balance,효율·증발량·열정산,boiler-efficiency-heat-balance,efficiency-output-heat-balance,효율·증발량·열정산,boiler-efficiency-heat-balance,automatic,45,boiler-types-construction,9,high,false,,선택지:증발량 | 본문:용량 환산 | 본문:보일러 용량 계산,가정용 온수보일러의 용량표시로 가장 많이 사용되는 것은?
20110731_018,2011-07-31,18,,automatic-control-interlocks,자동제어·인터록,boiler-control-systems,automatic-control-interlocks,자동제어·인터록,boiler-control-systems,automatic,27,auxiliary-feedwater-equipment,0,high,false,,선택지:피드백·목표값 | 선택지:제어량·조작량 | 선택지:인터록,보일러 점화나 소화가 정해진 순서에 따라 진행되는 제어는?
20110731_019,2011-07-31,19,,automatic-control-interlocks,자동제어·인터록,boiler-control-systems,automatic-control-interlocks,자동제어·인터록,boiler-control-systems,automatic,18,burners-furnaces-atomization,10,high,false,burners-furnaces-atomization:10,본문:공기 연료 제어,공기-연료제어장치에서 공기량 조절방법으로 올바르지 않은 것은?
20110731_020,2011-07-31,20,,environmental-pollution-control,집진·환경설비,boiler-accessory-equipment,environmental-pollution-control,집진·환경설비,boiler-accessory-equipment,automatic,20,automatic-control-interlocks,0,high,false,,본문:집진장치,다음 중 가압수식 집진장치의 종류에 속하는 것은?
20110731_021,2011-07-31,21,,piping-fittings-valves,배관·이음쇠·밸브,boiler-piping-insulation,piping-fittings-valves,배관·이음쇠·밸브,boiler-piping-insulation,automatic,16,energy-laws-inspection,12,high,false,energy-laws-inspection:12,본문:밸브 일반,보일러설치검사기준에서 관류보일러에서 보일러와 압력방출장치와의 사이에 체크밸브를 설치할 경우 압력방출장치는 ( )개 이상 이어야 한다. ( )에 들어갈 숫자로 맞는 것은?
20110731_022,2011-07-31,22,,burners-furnaces-atomization,버너·화격자·연소장치,boiler-installation-combustion,burners-furnaces-atomization,버너·화격자·연소장치,boiler-installation-combustion,automatic,10,automatic-control-interlocks,0,high,false,,선택지:버너,다음 중 화염의 유무를 검출하는 것은?
20110731_023,2011-07-31,23,,fuel-properties,연료 특성·발열량,boiler-installation-combustion,fuel-properties,연료 특성·발열량,boiler-installation-combustion,automatic,43,burners-furnaces-atomization,16,high,false,,본문:연료 종류 | 선택지:석탄 | 본문:가스 연료 | 선택지:연료 성분,기체연료 연소장치의 특징 설명으로 틀린 것은?
20110731_024,2011-07-31,24,,water-treatment-corrosion,수질관리·스케일·부식,boiler-water-treatment,water-treatment-corrosion,수질관리·스케일·부식,boiler-water-treatment,automatic,16,operation-maintenance-preservation,6,high,false,,본문:캐리오버,다음 중 캐리오버에 대한 설명으로 틀린 것은?
20110731_025,2011-07-31,25,,heat-steam-thermodynamics,열·증기·열역학 기초,boiler-operation-basics,heat-steam-thermodynamics,열·증기·열역학 기초,boiler-operation-basics,automatic,18,automatic-control-interlocks,0,high,false,,본문:증기 상태,1kg의 습증기 속에 건증기가 0.4kg이라 하면 건도는 얼마인가?
20110731_026,2011-07-31,26,,heat-steam-thermodynamics,열·증기·열역학 기초,boiler-operation-basics,heat-steam-thermodynamics,열·증기·열역학 기초,boiler-operation-basics,automatic,32,efficiency-output-heat-balance,20,high,false,efficiency-output-heat-balance:20,본문:엔탈피·잠열 | 본문:비열·열량,"저위발열량 10,000kcal/kg인 연료를 매시 360kg연소시키는 보일러에서 엔탈피 661.4kcal/kg인 증기를 매시간당 4,500kg발생시킨다. 급수온도 20℃인 경우 보일러 효율은 약 얼마인가?"
20110731_027,2011-07-31,27,jpg 확필,automatic-control-interlocks,자동제어·인터록,boiler-control-systems,automatic-control-interlocks,자동제어·인터록,boiler-control-systems,pdf-reviewed,22,auxiliary-feedwater-equipment,0,high,false,,본문:수위·압력 제어 | 선택지:급수 3요소 제어,다음 아래 그림은 몇 요소 수위제어를 나타낸 것인가?
20110731_028,2011-07-31,28,,boiler-types-construction,보일러 형식·구조·재료,boiler-operation-basics,boiler-types-construction,보일러 형식·구조·재료,boiler-operation-basics,automatic,12,automatic-control-interlocks,0,high,false,,본문:보일러 구조,드럼 없이 초임계 압력 이상에서 고압증기를 발생시키는 보일러는?
20110731_029,2011-07-31,29,,auxiliary-feedwater-equipment,급수·부대설비,boiler-auxiliary-equipment,auxiliary-feedwater-equipment,급수·부대설비,boiler-auxiliary-equipment,pdf-reviewed,18,heat-steam-thermodynamics,18,low,true,heat-steam-thermodynamics:18,본문:과열·재열,과열기가 설치된 경우 과열증기의 온도 조절방법으로 틀린 것은?
20110731_030,2011-07-31,30,,heating-systems,증기·온수·복사난방,boiler-piping-insulation,heating-systems,증기·온수·복사난방,boiler-piping-insulation,automatic,15,automatic-control-interlocks,0,high,false,,선택지:난방 방식 | 본문:방열기,건물의 각 실내에 방열기를 설치하여 증기 또는 온수로 난방하는 방식은?
20110731_031,2011-07-31,31,,water-treatment-corrosion,수질관리·스케일·부식,boiler-water-treatment,water-treatment-corrosion,수질관리·스케일·부식,boiler-water-treatment,automatic,17,energy-laws-inspection,12,high,false,energy-laws-inspection:12,선택지:스케일 | 선택지:부식,보일러 개조검사의 준비에 대한 설명으로 맞는 것은?
20110731_032,2011-07-31,32,,heating-systems,증기·온수·복사난방,boiler-piping-insulation,heating-systems,증기·온수·복사난방,boiler-piping-insulation,automatic,18,failures-accidents-safety,8,high,false,,본문:난방 방식,온수난방의 특징 설명으로 틀린 것은?
20110731_033,2011-07-31,33,,safety-devices,안전장치·연소안전,boiler-protection-devices,safety-devices,안전장치·연소안전,boiler-protection-devices,automatic,38,boiler-types-construction,18,high,false,,본문:안전밸브·방출밸브 | 본문:안전밸브 계산·규격,안전밸브 및 압력방출장치의 크기를 호칭지름 20A이상으로 할 수 있는 보일러에 해당되지 않는 것은?
20110731_034,2011-07-31,34,,water-treatment-corrosion,수질관리·스케일·부식,boiler-water-treatment,water-treatment-corrosion,수질관리·스케일·부식,boiler-water-treatment,automatic,18,automatic-control-interlocks,0,high,false,,본문:스케일,"이온교환처리장치의 운전공정 중 재생탑에 원수를 통과시켜, 수중의 일부 또는 전부의 이온을 제거시키는 공정은?"
20110731_035,2011-07-31,35,,heating-systems,증기·온수·복사난방,boiler-piping-insulation,heating-systems,증기·온수·복사난방,boiler-piping-insulation,automatic,38,automatic-control-interlocks,0,high,false,,본문:난방 방식 | 본문:팽창탱크 | 본문:방열기,온수난방설비에서 개방형 팽창탱크의 수면은 최고층의 방열기와 몇 m 이상이어야 하는가?
20110731_036,2011-07-31,36,,instruments-accessories,계측·부속장치,boiler-accessory-equipment,instruments-accessories,계측·부속장치,boiler-accessory-equipment,automatic,18,operation-maintenance-preservation,12,high,false,operation-maintenance-preservation:12,선택지:수면계 | 선택지:압력·온도·유량계,보일러에서 송기 및 증기사용 중 유의사항으로 틀린 것은?
20110731_037,2011-07-31,37,,insulation-materials,보온·단열재,boiler-piping-insulation,insulation-materials,보온·단열재,boiler-piping-insulation,automatic,27,automatic-control-interlocks,0,high,false,,본문:보온재 | 선택지:보온재 종류,다음 중 유기질 보온재에 해당하는 것은?
20110731_038,2011-07-31,38,,efficiency-output-heat-balance,효율·증발량·열정산,boiler-efficiency-heat-balance,efficiency-output-heat-balance,효율·증발량·열정산,boiler-efficiency-heat-balance,automatic,20,combustion-air-calculation,6,high,false,,본문:보일러 효율,연소효율을 구하는 식으로 맞는 것은?
20110731_039,2011-07-31,39,,water-treatment-corrosion,수질관리·스케일·부식,boiler-water-treatment,water-treatment-corrosion,수질관리·스케일·부식,boiler-water-treatment,automatic,35,automatic-control-interlocks,0,high,false,,선택지:수처리 | 선택지:스케일 | 본문:부식,보일러 내부부식인 점식의 방지대책과 가장 관계가 적은 것은?
20110731_040,2011-07-31,40,,combustion-air-calculation,연소·공기비·배기가스 계산,boiler-installation-combustion,combustion-air-calculation,연소·공기비·배기가스 계산,boiler-installation-combustion,automatic,6,automatic-control-interlocks,0,medium,false,,본문:연소,보일러의 연소 관리에 관한 설명으로 잘못된 것은?
20110731_041,2011-07-31,41,,failures-accidents-safety,고장·사고·작업안전,boiler-work-safety,failures-accidents-safety,고장·사고·작업안전,boiler-work-safety,automatic,18,automatic-control-interlocks,0,high,false,,본문:산업안전 표시,"안전 보건표지의 색체, 색도기준 및 용도에서 화학물질 취급 장소에서의 유해 위험경고를 나타내는 색체는?"
20110731_042,2011-07-31,42,,operation-maintenance-preservation,기동·운전·정지·보존,boiler-operation-maintenance,operation-maintenance-preservation,기동·운전·정지·보존,boiler-operation-maintenance,automatic,22,failures-accidents-safety,6,high,false,,본문:운전 조치 | 선택지:점검·정비,가스보일러 점화시의 주의사항으로 틀린 것은?
20110731_043,2011-07-31,43,,heating-systems,증기·온수·복사난방,boiler-piping-insulation,heating-systems,증기·온수·복사난방,boiler-piping-insulation,automatic,14,instruments-accessories,8,high,false,instruments-accessories:8,본문:팽창탱크,개방식 팽창탱크에 연결되어 있는 것이 아닌 것은?
20110731_044,2011-07-31,44,,heating-systems,증기·온수·복사난방,boiler-piping-insulation,heating-systems,증기·온수·복사난방,boiler-piping-insulation,automatic,16,efficiency-output-heat-balance,10,high,false,efficiency-output-heat-balance:10,본문:지역·급탕 난방,지역난방의 특징 설명으로 틀린 것은?
20110731_045,2011-07-31,45,,operation-maintenance-preservation,기동·운전·정지·보존,boiler-operation-maintenance,operation-maintenance-preservation,기동·운전·정지·보존,boiler-operation-maintenance,pdf-reviewed,8,draft-flue-gas,7,low,false,draft-flue-gas:7,본문:점검·정비,보일러의 점검에서 정기점검의 시기에 대한 설명으로 틀린 것은?
20110731_046,2011-07-31,46,,operation-maintenance-preservation,기동·운전·정지·보존,boiler-operation-maintenance,operation-maintenance-preservation,기동·운전·정지·보존,boiler-operation-maintenance,automatic,20,burners-furnaces-atomization,14,high,false,burners-furnaces-atomization:14 | fuel-properties:14,본문:정지 | 선택지:점검·정비,유류연소 수동보일러의 운전 정지 시 관리 일반사항으로 틀린 것은?
20110731_047,2011-07-31,47,,heating-systems,증기·온수·복사난방,boiler-piping-insulation,heating-systems,증기·온수·복사난방,boiler-piping-insulation,automatic,41,steam-traps-condensate,32,high,false,steam-traps-condensate:32,본문:난방 방식 | 선택지:환수 방식 | 본문:응축수 환수 계통,증기난방의 분류에서 응축수 환수방식에 해당하는 것은?
20110731_048,2011-07-31,48,,boiler-types-construction,보일러 형식·구조·재료,boiler-operation-basics,boiler-types-construction,보일러 형식·구조·재료,boiler-operation-basics,automatic,16,automatic-control-interlocks,0,high,false,,본문:수압시험 | 본문:최고사용압력,강철제 보일러의 수압시험에 관한 사항에서 보일러의 최고사용압력이 0.43MPa초과 1.5MPa 이하일 때에는 그 최고사용압력의 ( (ㄱ) )배에 ( (ㄴ) )MPa를 더한 압력으로 한다. ( )안에 알맞은 것은?
20110731_049,2011-07-31,49,,operation-maintenance-preservation,기동·운전·정지·보존,boiler-operation-maintenance,operation-maintenance-preservation,기동·운전·정지·보존,boiler-operation-maintenance,pdf-reviewed,14,piping-fittings-valves,13,low,false,piping-fittings-valves:13 | instruments-accessories:10,본문:기동·점화,보일러 점화전 수위확인 및 조정에 대한 설명 중 틀린 것은?
20110731_050,2011-07-31,50,,water-treatment-corrosion,수질관리·스케일·부식,boiler-water-treatment,water-treatment-corrosion,수질관리·스케일·부식,boiler-water-treatment,automatic,26,boiler-types-construction,12,high,false,,본문:스케일 | 선택지:부식,보일러 스케일 및 슬러지의 장해에 대한 설명으로 틀린 것은?
20110731_051,2011-07-31,51,,heating-load-radiators,난방부하·방열기 계산,boiler-installation-combustion,heating-load-radiators,난방부하·방열기 계산,boiler-installation-combustion,automatic,38,heating-systems,6,high,false,,본문:난방부하 | 본문:방열기 계산,"난방부하가 9,000kcal/h인 장소에 온수방열기를 설치하는 경우 필요한 방열기 쪽수는? (단, 방열기 1쪽당 표면적은 0.2㎡이고, 방열량은 표준방열량으로 계산한다.)"
20110731_052,2011-07-31,52,,heat-steam-thermodynamics,열·증기·열역학 기초,boiler-operation-basics,operation-maintenance-preservation,기동·운전·정지·보존,boiler-operation-maintenance,pdf-reviewed,14,piping-fittings-valves,13,low,false,piping-fittings-valves:13,본문:압력·온도 기초,증기압력 상승 후의 증기송출 방법에 대한 설명으로 틀린 것은?
20110731_053,2011-07-31,53,,heating-systems,증기·온수·복사난방,boiler-piping-insulation,heating-systems,증기·온수·복사난방,boiler-piping-insulation,automatic,26,piping-fittings-valves,10,high,false,,본문:난방 방식 | 본문:난방 배관,증기난방설비에서 배관 구배를 주는 이유는?
20110731_054,2011-07-31,54,,safety-devices,안전장치·연소안전,boiler-protection-devices,safety-devices,안전장치·연소안전,boiler-protection-devices,pdf-reviewed,17,operation-maintenance-preservation,16,low,false,operation-maintenance-preservation:16 | burners-furnaces-atomization:10,선택지:안전밸브·방출밸브 | 선택지:화염 감시,보일러의 안전관리상 가장 중요한 것은?
20110731_055,2011-07-31,55,,energy-laws-inspection,에너지 관계법규·검사,energy-laws-and-inspection,energy-laws-inspection,에너지 관계법규·검사,energy-laws-and-inspection,automatic,21,automatic-control-interlocks,0,high,false,,선택지:에너지법 | 본문:법령·행정,다음 중 대통령령으로 정하는 에너지공급자가 수립 시행해야 하는 계획으로 맞는 것은?
20110731_056,2011-07-31,56,jpg 확필,energy-laws-inspection,에너지 관계법규·검사,energy-laws-and-inspection,energy-laws-inspection,에너지 관계법규·검사,energy-laws-and-inspection,pdf-reviewed,18,automatic-control-interlocks,0,high,false,,본문:저탄소·녹색성장,다음 보기는 저탄소 녹색성장 기본법의 목적에 관한 내용이다. ( )에 들어갈 내용으로 맞는 것은?
20110731_057,2011-07-31,57,,energy-laws-inspection,에너지 관계법규·검사,energy-laws-and-inspection,energy-laws-inspection,에너지 관계법규·검사,energy-laws-and-inspection,automatic,38,automatic-control-interlocks,0,high,false,,본문:법령·행정 | 본문:열사용기자재 | 본문:검사 행정,검사에 합격하지 아니한 검사대상기기를 사용한 자에 대한 벌칙기준은?
20110731_058,2011-07-31,58,,energy-laws-inspection,에너지 관계법규·검사,energy-laws-and-inspection,energy-laws-inspection,에너지 관계법규·검사,energy-laws-and-inspection,automatic,18,automatic-control-interlocks,0,high,false,,본문:저탄소·녹색성장,저탄소녹색성장기본법상 온실가스에 해당하지 않는 것은?
20110731_059,2011-07-31,59,,energy-laws-inspection,에너지 관계법규·검사,energy-laws-and-inspection,energy-laws-inspection,에너지 관계법규·검사,energy-laws-and-inspection,automatic,6,automatic-control-interlocks,0,medium,false,,선택지:법령·행정,온실가스배출 감축실적의 등록 및 관리는 누가 하는가?
20110731_060,2011-07-31,60,,energy-laws-inspection,에너지 관계법규·검사,energy-laws-and-inspection,energy-laws-inspection,에너지 관계법규·검사,energy-laws-and-inspection,automatic,29,boiler-types-construction,9,high,false,,본문:열사용기자재 | 선택지:검사 행정 | 선택지:가열로 기준,특정열사용기자재 및 설치 시공범위에서 기관에 속하지 않는 것은?
20111009_001,2011-10-09,1,,safety-devices,안전장치·연소안전,boiler-protection-devices,safety-devices,안전장치·연소안전,boiler-protection-devices,automatic,18,automatic-control-interlocks,0,high,false,,본문:안전밸브·방출밸브,보일러에 가장 많이 사용되는 안전밸브의 종류는?
20111009_002,2011-10-09,2,,boiler-types-construction,보일러 형식·구조·재료,boiler-operation-basics,boiler-types-construction,보일러 형식·구조·재료,boiler-operation-basics,automatic,12,combustion-air-calculation,6,high,false,,본문:보일러 구조,"전열면적이 25m2인 연관보일러를 5시간 연소시킨 결과 6,000kg의 증기가 발생했다면, 이 보일러의 전열면 증발율은 얼마인가?"
20111009_003,2011-10-09,3,,burners-furnaces-atomization,버너·화격자·연소장치,boiler-installation-combustion,burners-furnaces-atomization,버너·화격자·연소장치,boiler-installation-combustion,automatic,42,automatic-control-interlocks,0,high,false,,선택지:버너 | 본문:분무·미립화 | 본문:화격자·연소장치,보염장치 중 공기와 분무연료와의 혼합을 촉진시키는 역할을 하는 것은?
20111009_004,2011-10-09,4,,automatic-control-interlocks,자동제어·인터록,boiler-control-systems,automatic-control-interlocks,자동제어·인터록,boiler-control-systems,automatic,18,draft-flue-gas,16,medium,false,draft-flue-gas:16,본문:인터록,대형보일러인 경우 송풍기가 작동하지 않으면 전자밸브가 열리지 않아 점화를 차단하는 인터록은?
20111009_005,2011-10-09,5,,automatic-control-interlocks,자동제어·인터록,boiler-control-systems,automatic-control-interlocks,자동제어·인터록,boiler-control-systems,automatic,16,auxiliary-feedwater-equipment,0,high,false,,본문:제어동작,"제어편차가 설정치에 대하여 정(＋), 부(-)에 따라 제어되는 2위치 동작은?"
20111009_006,2011-10-09,6,,fuel-properties,연료 특성·발열량,boiler-installation-combustion,fuel-properties,연료 특성·발열량,boiler-installation-combustion,automatic,27,water-treatment-corrosion,18,high,false,water-treatment-corrosion:18,선택지:석탄 | 본문:유류·중유 | 선택지:연료 성분,중유의 첨가제 중 슬러지의 생성방지제 역할을 하는 것은?
20111009_007,2011-10-09,7,,boiler-types-construction,보일러 형식·구조·재료,boiler-operation-basics,boiler-types-construction,보일러 형식·구조·재료,boiler-operation-basics,automatic,8,automatic-control-interlocks,0,medium,false,,선택지:형식 고유명,비교적 저압에서 고온의 증기를 얻을 수 있는 특수 열매체 보일러는?
20111009_008,2011-10-09,8,,automatic-control-interlocks,자동제어·인터록,boiler-control-systems,automatic-control-interlocks,자동제어·인터록,boiler-control-systems,automatic,36,auxiliary-feedwater-equipment,0,high,false,,본문:자동제어 | 본문:제어량·조작량,자동제어계에 있어서 신호전달 방법의 종류에 해당되지 않는 것은?
20111009_009,2011-10-09,9,,combustion-air-calculation,연소·공기비·배기가스 계산,boiler-installation-combustion,combustion-air-calculation,연소·공기비·배기가스 계산,boiler-installation-combustion,automatic,6,automatic-control-interlocks,0,medium,false,,본문:연소,단위 중량당 연소열량이 가장 큰 연료 성분은?
20111009_010,2011-10-09,10,,heat-steam-thermodynamics,열·증기·열역학 기초,boiler-operation-basics,heat-steam-thermodynamics,열·증기·열역학 기초,boiler-operation-basics,automatic,18,automatic-control-interlocks,0,high,false,,본문:열·일 단위 환산,50kcal의 열량을 전부 일로 변환시키면 몇 kgf·m의 일을 할 수 있는가?
20111009_011,2011-10-09,11,,environmental-pollution-control,집진·환경설비,boiler-accessory-equipment,environmental-pollution-control,집진·환경설비,boiler-accessory-equipment,automatic,20,automatic-control-interlocks,0,high,false,,본문:집진장치,배기가스의 압력손실이 낮고 집진효율이 가장 좋은 집진기는?
20111009_012,2011-10-09,12,,fuel-properties,연료 특성·발열량,boiler-installation-combustion,fuel-properties,연료 특성·발열량,boiler-installation-combustion,automatic,23,efficiency-output-heat-balance,10,high,false,,선택지:연료 종류 | 선택지:석탄 | 선택지:가스 연료,보일러용 연료에 관한 설명 중 틀린 것은?
20111009_013,2011-10-09,13,,steam-traps-condensate,증기트랩·응축수 환수,boiler-piping-insulation,steam-traps-condensate,증기트랩·응축수 환수,boiler-piping-insulation,automatic,20,heat-steam-thermodynamics,18,medium,false,heat-steam-thermodynamics:18,본문:증기트랩,"증기설비에 사용되는 증기트랩으로 과열증기에 사용할 수 있고, 수격현상에 강하며 배관이 용이하나 소음발생, 공기장해, 증기누설 등의 단점이 있는 트랩은?"
20111009_014,2011-10-09,14,,fuel-properties,연료 특성·발열량,boiler-installation-combustion,fuel-properties,연료 특성·발열량,boiler-installation-combustion,automatic,43,environmental-pollution-control,7,high,false,,본문:연료 종류 | 선택지:석탄 | 본문:가스 연료 | 선택지:연료 성분,다음 중 기체연료의 특징 설명으로 틀린 것은?
20111009_015,2011-10-09,15,,combustion-air-calculation,연소·공기비·배기가스 계산,boiler-installation-combustion,combustion-air-calculation,연소·공기비·배기가스 계산,boiler-installation-combustion,automatic,6,automatic-control-interlocks,0,medium,false,,본문:연소,탄소 12kg을 완전 연소시키는데 필요한 산소량은 약 얼마인가?
20111009_016,2011-10-09,16,,burners-furnaces-atomization,버너·화격자·연소장치,boiler-installation-combustion,burners-furnaces-atomization,버너·화격자·연소장치,boiler-installation-combustion,automatic,36,fuel-properties,14,high,false,,본문:버너 | 본문:분무·미립화,유류버너의 종류 중 2~7kgf/㎠정도 가압의 분무유체를 이용하여 연료를 분무하는 형식의 버너로서 2유체버너라고도 하는 것은?
20111009_017,2011-10-09,17,,auxiliary-feedwater-equipment,급수·부대설비,boiler-auxiliary-equipment,auxiliary-feedwater-equipment,급수·부대설비,boiler-auxiliary-equipment,automatic,28,efficiency-output-heat-balance,20,high,false,efficiency-output-heat-balance:20,선택지:절탄기 | 선택지:공기예열기 | 선택지:과열·재열,연료의 연소열을 이용하여 보일러 열효율을 증대시키는 부속장치로 거리가 가장 먼 것은?
20111009_018,2011-10-09,18,,auxiliary-feedwater-equipment,급수·부대설비,boiler-auxiliary-equipment,auxiliary-feedwater-equipment,급수·부대설비,boiler-auxiliary-equipment,automatic,18,heat-steam-thermodynamics,7,high,false,,본문:급수펌프,다음 중 인젝터의 급수불량 원인으로 틀린 것은?
20111009_019,2011-10-09,19,,safety-devices,안전장치·연소안전,boiler-protection-devices,safety-devices,안전장치·연소안전,boiler-protection-devices,automatic,38,automatic-control-interlocks,0,high,false,,본문:안전밸브·방출밸브 | 본문:안전밸브 계산·규격,"보일러 분출압력이 10kgf/㎠이고, 추식 안전밸브에 작용하는 힘이 200kgf이면 안전밸브의 단면적은 얼마인가?"
20111009_020,2011-10-09,20,,heat-steam-thermodynamics,열·증기·열역학 기초,boiler-operation-basics,heat-steam-thermodynamics,열·증기·열역학 기초,boiler-operation-basics,automatic,16,fuel-properties,12,high,false,fuel-properties:12 | combustion-air-calculation:10,선택지:엔탈피·잠열 | 선택지:비열·열량,저위발열량은 고위발열량에서 어떤 값을 뺀 것인가?
20111009_021,2011-10-09,21,,boiler-types-construction,보일러 형식·구조·재료,boiler-operation-basics,boiler-types-construction,보일러 형식·구조·재료,boiler-operation-basics,automatic,33,efficiency-output-heat-balance,11,high,false,,본문:보일러 형식 | 본문:보일러 구조 | 선택지:최고사용압력,노통연관식 보일러의 설명으로 틀린 것은?
20111009_022,2011-10-09,22,,automatic-control-interlocks,자동제어·인터록,boiler-control-systems,automatic-control-interlocks,자동제어·인터록,boiler-control-systems,automatic,36,auxiliary-feedwater-equipment,0,high,false,,본문:자동제어 | 본문:제어동작,보일러 자동제어 중 제어동작이 연속적으로 일어나는 연속동작에 속하지 않는 것은?
20111009_023,2011-10-09,23,,automatic-control-interlocks,자동제어·인터록,boiler-control-systems,automatic-control-interlocks,자동제어·인터록,boiler-control-systems,automatic,10,heat-steam-thermodynamics,7,medium,false,heat-steam-thermodynamics:7,선택지:자동제어,관류보일러의 특징 설명으로 틀린 것은?
20111009_024,2011-10-09,24,,piping-fittings-valves,배관·이음쇠·밸브,boiler-piping-insulation,piping-fittings-valves,배관·이음쇠·밸브,boiler-piping-insulation,automatic,16,automatic-control-interlocks,0,high,false,,본문:밸브 일반,유체의 역류를 방지하여 유체가 한쪽 방향으로만 흐르게 하기 위해 사용하는 밸브는?
20111009_025,2011-10-09,25,,instruments-accessories,계측·부속장치,boiler-accessory-equipment,instruments-accessories,계측·부속장치,boiler-accessory-equipment,automatic,16,automatic-control-interlocks,0,high,false,,본문:압력·온도·유량계,서로 다른 두 종류의 금속판을 하나로 합쳐 온도 차이에 따라 팽창정도가 다른 점을 이용한 온도계는?
20111009_026,2011-10-09,26,,fuel-properties,연료 특성·발열량,boiler-installation-combustion,fuel-properties,연료 특성·발열량,boiler-installation-combustion,automatic,12,combustion-air-calculation,6,high,false,,본문:발열량,"발열량 6,000kcal/kg인 연료 80kg을 연소시켰을 때 실제로 보일러에 흡수된 유효열량이 408,000kcal이면 이 보일러의 효율은?"
20111009_027,2011-10-09,27,,efficiency-output-heat-balance,효율·증발량·열정산,boiler-efficiency-heat-balance,efficiency-output-heat-balance,효율·증발량·열정산,boiler-efficiency-heat-balance,automatic,38,automatic-control-interlocks,0,high,false,,본문:증발량 | 본문:보일러마력,보일러 1마력을 상당증발량으로 환산하면 약 얼마인가?
20111009_028,2011-10-09,28,,boiler-types-construction,보일러 형식·구조·재료,boiler-operation-basics,boiler-types-construction,보일러 형식·구조·재료,boiler-operation-basics,automatic,29,automatic-control-interlocks,0,high,false,,선택지:보일러 형식 | 선택지:형식 고유명 | 선택지:보일러 구조 | 선택지:재료·제작,"여러 개의 섹션(section)을 조합하여 용량을 가감할 수 있으나 구조가 복잡하여 내부청소, 검사가 곤란한 보일러는?"
20111009_029,2011-10-09,29,,instruments-accessories,계측·부속장치,boiler-accessory-equipment,instruments-accessories,계측·부속장치,boiler-accessory-equipment,automatic,18,boiler-types-construction,9,high,false,,본문:분출장치,보일러 분출밸브의 크기와 개수에 대한 설명 중 틀린 것은?
20111009_030,2011-10-09,30,,draft-flue-gas,통풍·연도·굴뚝,boiler-installation-combustion,draft-flue-gas,통풍·연도·굴뚝,boiler-installation-combustion,automatic,7,burners-furnaces-atomization,4,medium,false,,선택지:연도·굴뚝,가스보일러의 점화시 주의사항으로 틀린 것은?
20111009_031,2011-10-09,31,,energy-laws-inspection,에너지 관계법규·검사,energy-laws-and-inspection,energy-laws-inspection,에너지 관계법규·검사,energy-laws-and-inspection,automatic,12,boiler-types-construction,6,high,false,,본문:검사 행정,보일러 검사의 종류 중 개조검사의 적용대상으로 틀린 것은?
20111009_032,2011-10-09,32,,steam-traps-condensate,증기트랩·응축수 환수,boiler-piping-insulation,operation-maintenance-preservation,기동·운전·정지·보존,boiler-operation-maintenance,pdf-reviewed,14,piping-fittings-valves,13,low,false,piping-fittings-valves:13 | operation-maintenance-preservation:12 | auxiliary-feedwater-equipment:9,선택지:응축수 | 선택지:워터해머,증기를 송기할 때 주의 사항으로 틀린 것은?
20111009_033,2011-10-09,33,,heating-systems,증기·온수·복사난방,boiler-piping-insulation,heating-systems,증기·온수·복사난방,boiler-piping-insulation,automatic,9,automatic-control-interlocks,0,medium,false,,선택지:난방 방식,"건물을 구성하는 구조체 즉 바닥, 벽 등에 난방용 코일을 묻고 열매체를 통과시켜 난방을 하는 것은?"
20111009_034,2011-10-09,34,,water-treatment-corrosion,수질관리·스케일·부식,boiler-water-treatment,water-treatment-corrosion,수질관리·스케일·부식,boiler-water-treatment,automatic,18,automatic-control-interlocks,0,high,false,,본문:스케일,"이온교환처리장치의 운전공정 중 재생탑에 원수를 통과시켜, 수중의 일부 또는 전부의 이온을 제거시키는 공정은?"
20111009_035,2011-10-09,35,,failures-accidents-safety,고장·사고·작업안전,boiler-work-safety,failures-accidents-safety,고장·사고·작업안전,boiler-work-safety,automatic,38,combustion-air-calculation,3,high,false,,본문:사고·안전 | 선택지:폭발·화재 | 본문:본체 손상,보일러 파열사고의 원인 중 취급자의 부주의로 발생하는 사고가 아닌 것은?
20111009_036,2011-10-09,36,,heating-systems,증기·온수·복사난방,boiler-piping-insulation,heating-systems,증기·온수·복사난방,boiler-piping-insulation,automatic,6,automatic-control-interlocks,0,medium,false,,본문:방열기,방열기의 설치시 외기에 접한 창문 아래에 설치하는 이유로서 알맞은 사항은?
20111009_037,2011-10-09,37,,automatic-control-interlocks,자동제어·인터록,boiler-control-systems,automatic-control-interlocks,자동제어·인터록,boiler-control-systems,automatic,10,boiler-types-construction,5,high,false,,선택지:자동제어,온수보일러를 설치·시공하는 시공업자가 보일러를 설치한 후 확인하는 사항이 아닌 것은?
20111009_038,2011-10-09,38,,safety-devices,안전장치·연소안전,boiler-protection-devices,safety-devices,안전장치·연소안전,boiler-protection-devices,automatic,18,boiler-types-construction,12,high,false,boiler-types-construction:12,본문:안전밸브·방출밸브,온수발생 보일러에서 보일러의 전열면적이 15~20m2 미만일 경우 방출관의 안지름은 몇 ㎜ 이상으로 해야 하는가?
20111009_039,2011-10-09,39,,heating-systems,증기·온수·복사난방,boiler-piping-insulation,heating-systems,증기·온수·복사난방,boiler-piping-insulation,automatic,14,boiler-types-construction,6,high,false,,본문:팽창탱크,온수보일러에서 팽창탱크를 설치할 경우 설명이 잘못된 것은?
20111009_040,2011-10-09,40,,fuel-properties,연료 특성·발열량,boiler-installation-combustion,fuel-properties,연료 특성·발열량,boiler-installation-combustion,automatic,14,automatic-control-interlocks,0,high,false,,본문:유류·중유,중유 예열기의 종류에 속하지 않는 것은?
20111009_041,2011-10-09,41,,heating-systems,증기·온수·복사난방,boiler-piping-insulation,heating-systems,증기·온수·복사난방,boiler-piping-insulation,automatic,31,heating-load-radiators,20,high,false,heating-load-radiators:20,본문:난방 방식 | 선택지:환수 방식 | 본문:방열기,환수관내 유속이 타 방식에 비하여 빠르고 방열기 내의 공기도 배제할 수 있을 뿐 아니라 방열량을 광범위하게 조절할 수 있어서 대규모 난방에 많이 채택되는 증기 난방법은?
20111009_042,2011-10-09,42,,operation-maintenance-preservation,기동·운전·정지·보존,boiler-operation-maintenance,operation-maintenance-preservation,기동·운전·정지·보존,boiler-operation-maintenance,automatic,22,boiler-types-construction,3,high,false,,본문:운전 조치 | 선택지:점검·정비,보일러 조종자의 직무로 틀린 것은?
20111009_043,2011-10-09,43,,heating-systems,증기·온수·복사난방,boiler-piping-insulation,heating-systems,증기·온수·복사난방,boiler-piping-insulation,automatic,6,automatic-control-interlocks,0,medium,false,,본문:방열기,방열기 도시기호에서 W-H란?
20111009_044,2011-10-09,44,,heating-load-radiators,난방부하·방열기 계산,boiler-installation-combustion,heating-load-radiators,난방부하·방열기 계산,boiler-installation-combustion,automatic,56,heating-systems,24,high,false,,본문:난방부하 | 본문:방열기 계산 | 본문:난방 계산,"주철제 방열기로 온수난방을 하는 사무실의 난방부하가 4,200kcal/h일 때, 방열면적은 약 몇 ㎡인가?"
20111009_045,2011-10-09,45,,boiler-types-construction,보일러 형식·구조·재료,boiler-operation-basics,boiler-types-construction,보일러 형식·구조·재료,boiler-operation-basics,automatic,12,draft-flue-gas,9,medium,false,draft-flue-gas:9,본문:보일러 구조,수관보일러를 외부청소 할 때 사용하는 작업방법에 속하지 않는 것은?
20111009_046,2011-10-09,46,,piping-fittings-valves,배관·이음쇠·밸브,boiler-piping-insulation,piping-fittings-valves,배관·이음쇠·밸브,boiler-piping-insulation,automatic,16,boiler-types-construction,12,high,false,boiler-types-construction:12,본문:밸브 일반,전열면적이 10㎡ 이하의 보일러에서는 급수밸브 및 체크밸브의 크기는 호칭 몇 A이상 이어야 하는가?
20111009_047,2011-10-09,47,,failures-accidents-safety,고장·사고·작업안전,boiler-work-safety,failures-accidents-safety,고장·사고·작업안전,boiler-work-safety,automatic,14,water-treatment-corrosion,9,high,false,water-treatment-corrosion:9,본문:본체 손상,보일러의 과열방지 대책으로 틀린 것은?
20111009_048,2011-10-09,48,,operation-maintenance-preservation,기동·운전·정지·보존,boiler-operation-maintenance,operation-maintenance-preservation,기동·운전·정지·보존,boiler-operation-maintenance,automatic,14,automatic-control-interlocks,0,high,false,,본문:취급자·관리,안전관리 목적과 가장 거리가 먼 것은?
20111009_049,2011-10-09,49,,boiler-types-construction,보일러 형식·구조·재료,boiler-operation-basics,boiler-types-construction,보일러 형식·구조·재료,boiler-operation-basics,automatic,26,water-treatment-corrosion,20,high,false,water-treatment-corrosion:20 | heating-systems:18,본문:보일러 구조 | 본문:급수내관·수위,하트포드접속법이란 저압증기난방의 습식 환수방식에서 보일러수위가 환수관의 누설로 인해 저수위 사고가 발생하는 것을 방지하기 위해 증기관과 환수관 사이에 ( )에서 50mm 아래에 균형관을 설치하는 것을 말한다. ( )에 들어갈 적당한 용어는?
20111009_050,2011-10-09,50,,piping-fittings-valves,배관·이음쇠·밸브,boiler-piping-insulation,piping-fittings-valves,배관·이음쇠·밸브,boiler-piping-insulation,automatic,24,water-treatment-corrosion,9,high,false,,본문:배관 | 본문:강관 규격,다음 중 배관용 탄소강관의 기호로 맞는 것은?
20111009_051,2011-10-09,51,,efficiency-output-heat-balance,효율·증발량·열정산,boiler-efficiency-heat-balance,efficiency-output-heat-balance,효율·증발량·열정산,boiler-efficiency-heat-balance,automatic,10,auxiliary-feedwater-equipment,7,medium,false,auxiliary-feedwater-equipment:7 | combustion-air-calculation:6,선택지:보일러 효율,보일러의 연소시 주의사항 중 급격한 연소가 되어서는 안 되는 이유로 가장 옳은 것은?
20111009_052,2011-10-09,52,,failures-accidents-safety,고장·사고·작업안전,boiler-work-safety,failures-accidents-safety,고장·사고·작업안전,boiler-work-safety,automatic,12,burners-furnaces-atomization,10,medium,false,burners-furnaces-atomization:10 | water-treatment-corrosion:8,본문:연소 이상,가스보일러에서 역화가 일어나는 경우가 아닌 것은?
20111009_053,2011-10-09,53,,heating-systems,증기·온수·복사난방,boiler-piping-insulation,heating-systems,증기·온수·복사난방,boiler-piping-insulation,automatic,32,instruments-accessories,18,high,false,instruments-accessories:18,본문:난방 방식 | 본문:팽창탱크,온수난방 설비의 밀폐식 팽창탱크에 설치되지 않는 것은?
20111009_054,2011-10-09,54,,heating-load-radiators,난방부하·방열기 계산,boiler-installation-combustion,heating-load-radiators,난방부하·방열기 계산,boiler-installation-combustion,automatic,38,heat-steam-thermodynamics,14,high,false,,본문:방열기 계산 | 본문:난방 계산,"온수방열기의 입구 온수온도가 90℃, 출구온도가 70℃이고, 온수 공급량이 400kg/h일 때, 이 방열기의 방열량은 몇 kcal/h인가? (단, 온수의 비열은 1kcal/kg·℃이다.)"
20111009_055,2011-10-09,55,,energy-laws-inspection,에너지 관계법규·검사,energy-laws-and-inspection,energy-laws-inspection,에너지 관계법규·검사,energy-laws-and-inspection,pdf-reviewed,9,failures-accidents-safety,8,low,false,failures-accidents-safety:8,선택지:저탄소·녹색성장,정부가 녹색국토를 조성하기 위하여 마련하는 시책에 포함하는 사항을 틀리게 설명한 것은?
20111009_056,2011-10-09,56,,boiler-types-construction,보일러 형식·구조·재료,boiler-operation-basics,boiler-types-construction,보일러 형식·구조·재료,boiler-operation-basics,automatic,24,energy-laws-inspection,14,high,false,energy-laws-inspection:14,본문:보일러 형식 | 본문:최고사용압력,"열사용기자재인 축열식전기보일러는 정격소비전력은 몇 KW이하이며, 최고사용압력은 몇 MPa이하인 것인가?"
20111009_057,2011-10-09,57,,energy-laws-inspection,에너지 관계법규·검사,energy-laws-and-inspection,energy-laws-inspection,에너지 관계법규·검사,energy-laws-and-inspection,automatic,24,automatic-control-interlocks,0,high,false,,본문:저탄소·녹색성장 | 선택지:법령·행정,녹색성장위원회의 위원장 2명 중 1명은 국무총리가 되고 또 다른 한명은 누가 지명하는 사람이 되는가?
20111009_058,2011-10-09,58,,energy-laws-inspection,에너지 관계법규·검사,energy-laws-and-inspection,energy-laws-inspection,에너지 관계법규·검사,energy-laws-and-inspection,automatic,20,automatic-control-interlocks,0,high,false,,선택지:법령·행정 | 본문:열사용기자재,특정열사용기자재 중 검사대상기기를 설치하거나 개조하여 사용하려는 자는 누구의 검사를 받아야 하는가?
20111009_059,2011-10-09,59,,energy-laws-inspection,에너지 관계법규·검사,energy-laws-and-inspection,energy-laws-inspection,에너지 관계법규·검사,energy-laws-and-inspection,automatic,18,automatic-control-interlocks,0,high,false,,선택지:법령·행정 | 본문:효율관리,"효율관리기자재에 대한 에너지소비효율, 소비효율등급 등을 측정하는 효율관리시험기관은 누가 지정하는가?(관련 규정 개정전 문제로 여기서는 기존 정답인 3번을 누르면 정답 처리됩니다. 자세한 내용은 해설을 참고하세요.)"
20111009_060,2011-10-09,60,,energy-laws-inspection,에너지 관계법규·검사,energy-laws-and-inspection,energy-laws-inspection,에너지 관계법규·검사,energy-laws-and-inspection,automatic,32,automatic-control-interlocks,0,high,false,,본문:에너지이용합리화법 | 본문:법령·행정,에너지이용합리화법 시행령에서 지식경제부장관은 에너지이용 합리화에 관한 기본계획을 몇 년마다 수립하여야 하는가?
20120212_001,2012-02-12,1,,boiler-types-construction,보일러 형식·구조·재료,boiler-operation-basics,boiler-types-construction,보일러 형식·구조·재료,boiler-operation-basics,automatic,30,automatic-control-interlocks,0,high,false,,본문:보일러 형식 | 본문:보일러 구조,수관식 보일러의 종류에 속하지 않는 것은?
20120212_002,2012-02-12,2,,heat-steam-thermodynamics,열·증기·열역학 기초,boiler-operation-basics,heat-steam-thermodynamics,열·증기·열역학 기초,boiler-operation-basics,automatic,36,automatic-control-interlocks,0,high,false,,본문:증기 상태 | 본문:엔탈피·잠열,건포화 증기 100℃의 엔탈피는 얼마인가?
20120212_003,2012-02-12,3,,instruments-accessories,계측·부속장치,boiler-accessory-equipment,instruments-accessories,계측·부속장치,boiler-accessory-equipment,automatic,18,automatic-control-interlocks,0,high,false,,본문:수트블로워,분사관을 이용해 선단에 노즐을 설치하여 청소하는 것으로 고온의 전열면에 사용하는 슈트블로워의 형식은?
20120212_004,2012-02-12,4,,combustion-air-calculation,연소·공기비·배기가스 계산,boiler-installation-combustion,combustion-air-calculation,연소·공기비·배기가스 계산,boiler-installation-combustion,automatic,13,automatic-control-interlocks,0,high,false,,선택지:배기가스 분석 | 본문:연소,"공기 과잉계수를 증가 시킬 때, 연소가스 중의 성분 함량이 공기 과잉계수에 맞춰서 증가하는 것은?"
20120212_005,2012-02-12,5,,safety-devices,안전장치·연소안전,boiler-protection-devices,safety-devices,안전장치·연소안전,boiler-protection-devices,automatic,27,combustion-air-calculation,6,high,false,,본문:안전장치 | 선택지:안전밸브·방출밸브,보일러의 연소가스 폭발 시에 대비한 안전장치는?
20120212_006,2012-02-12,6,,fuel-properties,연료 특성·발열량,boiler-installation-combustion,fuel-properties,연료 특성·발열량,boiler-installation-combustion,automatic,16,heat-steam-thermodynamics,7,high,false,,본문:인화·발화,연료의 인화점에 대한 설명으로 가장 옳은 것은?
20120212_007,2012-02-12,7,,boiler-types-construction,보일러 형식·구조·재료,boiler-operation-basics,boiler-types-construction,보일러 형식·구조·재료,boiler-operation-basics,automatic,12,automatic-control-interlocks,0,high,false,,본문:보일러 구조,다음 중 파형 노통의 종류가 아닌 것은?
20120212_008,2012-02-12,8,,boiler-types-construction,보일러 형식·구조·재료,boiler-operation-basics,boiler-types-construction,보일러 형식·구조·재료,boiler-operation-basics,automatic,30,failures-accidents-safety,7,high,false,,본문:보일러 형식 | 본문:재료·제작,주철제 보일러의 일반적인 특징 설명으로 틀린 것은?
20120212_009,2012-02-12,9,,auxiliary-feedwater-equipment,급수·부대설비,boiler-auxiliary-equipment,auxiliary-feedwater-equipment,급수·부대설비,boiler-auxiliary-equipment,automatic,14,automatic-control-interlocks,0,high,false,,선택지:급수펌프 | 선택지:펌프,증기의 압력에너지를 이용하여 피스톤을 작동시켜 급수를 행하는 비동력 펌프는?
20120212_010,2012-02-12,10,,efficiency-output-heat-balance,효율·증발량·열정산,boiler-efficiency-heat-balance,efficiency-output-heat-balance,효율·증발량·열정산,boiler-efficiency-heat-balance,automatic,20,draft-flue-gas,7,high,false,,본문:보일러 효율,보일러 효율을 올바르게 설명한 것은?
20120212_011,2012-02-12,11,,environmental-pollution-control,집진·환경설비,boiler-accessory-equipment,environmental-pollution-control,집진·환경설비,boiler-accessory-equipment,automatic,14,burners-furnaces-atomization,12,medium,false,burners-furnaces-atomization:12,본문:분진·매연,다음 중 매연 발생의 원인이 아닌 것은?
20120212_012,2012-02-12,12,,auxiliary-feedwater-equipment,급수·부대설비,boiler-auxiliary-equipment,auxiliary-feedwater-equipment,급수·부대설비,boiler-auxiliary-equipment,pdf-reviewed,22,efficiency-output-heat-balance,21,low,false,efficiency-output-heat-balance:21,본문:절탄기,절탄기에 대한 설명 중 옳은 것은?
20120212_013,2012-02-12,13,,fuel-properties,연료 특성·발열량,boiler-installation-combustion,fuel-properties,연료 특성·발열량,boiler-installation-combustion,automatic,28,combustion-air-calculation,16,high,false,combustion-air-calculation:16,본문:연료 종류 | 본문:발열량,어떤 고체연료의 저위발열량이 6940Kcal/kg이고 연소 효율이 92%이라 할 때 이 연료의 단위량의 실제 발열량을 계산하면 약 얼마인가?
20120212_014,2012-02-12,14,,efficiency-output-heat-balance,효율·증발량·열정산,boiler-efficiency-heat-balance,efficiency-output-heat-balance,효율·증발량·열정산,boiler-efficiency-heat-balance,automatic,19,automatic-control-interlocks,0,high,false,,선택지:증발량 | 선택지:보일러마력,보일러의 마력을 옳게 나타낸 것은?
20120212_015,2012-02-12,15,,instruments-accessories,계측·부속장치,boiler-accessory-equipment,instruments-accessories,계측·부속장치,boiler-accessory-equipment,automatic,16,automatic-control-interlocks,0,high,false,,본문:압력·온도·유량계,다음 중 비접촉식 온도계의 종류가 아닌 것은?
20120212_016,2012-02-12,16,,draft-flue-gas,통풍·연도·굴뚝,boiler-installation-combustion,draft-flue-gas,통풍·연도·굴뚝,boiler-installation-combustion,pdf-reviewed,7,combustion-air-calculation,6,low,false,combustion-air-calculation:6,선택지:연도·굴뚝,다음 중 보일러에서 연소가스의 배기가 잘 되는 경우는?
20120212_017,2012-02-12,17,,automatic-control-interlocks,자동제어·인터록,boiler-control-systems,automatic-control-interlocks,자동제어·인터록,boiler-control-systems,automatic,12,auxiliary-feedwater-equipment,0,high,false,,본문:수위·압력 제어,일반적으로 보일러 판넬 내부 온도는 몇 도를 넘지 않도록 하는 것이 좋은가?
20120212_018,2012-02-12,18,,boiler-types-construction,보일러 형식·구조·재료,boiler-operation-basics,boiler-types-construction,보일러 형식·구조·재료,boiler-operation-basics,automatic,37,safety-devices,9,high,false,,본문:보일러 형식 | 본문:보일러 구조 | 선택지:급수내관·수위,수관식 보일러에서 건조 증기를 얻기 위하여 설치하는 것은?
20120212_019,2012-02-12,19,,instruments-accessories,계측·부속장치,boiler-accessory-equipment,instruments-accessories,계측·부속장치,boiler-accessory-equipment,automatic,20,automatic-control-interlocks,0,high,false,,본문:수면계,온수보일러의 수위계 설치 시 수위계의 최고 눈금은 보일러의 최고 사용압력의 몇 배로 하여야 하는가?
20120212_020,2012-02-12,20,,fuel-properties,연료 특성·발열량,boiler-installation-combustion,fuel-properties,연료 특성·발열량,boiler-installation-combustion,automatic,16,combustion-air-calculation,13,medium,false,combustion-air-calculation:13,본문:연료 종류,액체연료의 연소용 공기 공급방식에서 1차 공기를 설명한 것으로 가장 적합한 것은?
20120212_021,2012-02-12,21,jpg 확필,piping-fittings-valves,배관·이음쇠·밸브,boiler-piping-insulation,piping-fittings-valves,배관·이음쇠·밸브,boiler-piping-insulation,pdf-reviewed,8,automatic-control-interlocks,0,medium,false,,선택지:밸브 일반,그림 기화와 같은 밸브의 종류 명칭은?
20120212_022,2012-02-12,22,,energy-laws-inspection,에너지 관계법규·검사,energy-laws-and-inspection,energy-laws-inspection,에너지 관계법규·검사,energy-laws-and-inspection,automatic,12,failures-accidents-safety,8,high,false,failures-accidents-safety:8,본문:검사 행정,보일러의 검사기준에 관한 설명으로 틀린 것은?
20120212_023,2012-02-12,23,,operation-maintenance-preservation,기동·운전·정지·보존,boiler-operation-maintenance,operation-maintenance-preservation,기동·운전·정지·보존,boiler-operation-maintenance,automatic,16,automatic-control-interlocks,0,high,false,,본문:보일러 보존,보일러 보존 시 건조제로 주로 쓰이는 것이 아닌 것은?
20120212_024,2012-02-12,24,,piping-fittings-valves,배관·이음쇠·밸브,boiler-piping-insulation,piping-fittings-valves,배관·이음쇠·밸브,boiler-piping-insulation,automatic,30,automatic-control-interlocks,0,high,false,,본문:배관 | 선택지:이음쇠 | 본문:신축·지지,배관의 신축이음 종류가 아닌 것은?
20120212_025,2012-02-12,25,,steam-traps-condensate,증기트랩·응축수 환수,boiler-piping-insulation,steam-traps-condensate,증기트랩·응축수 환수,boiler-piping-insulation,automatic,32,heating-systems,14,high,false,,본문:응축수 | 본문:환수 계통,진공환수식 증기 배관에서 리프트 피팅으로 흡상할 수 있는 1단 최고 흡상 높이는 몇m 이하로 하는 것이 좋은가?
20120212_026,2012-02-12,26,,heating-load-radiators,난방부하·방열기 계산,boiler-installation-combustion,heating-load-radiators,난방부하·방열기 계산,boiler-installation-combustion,automatic,18,automatic-control-interlocks,0,high,false,,본문:난방부하,난방부하 계산과정에서 고려하지 않아도 되는 것은?
20120212_027,2012-02-12,27,,insulation-materials,보온·단열재,boiler-piping-insulation,insulation-materials,보온·단열재,boiler-piping-insulation,automatic,45,automatic-control-interlocks,0,high,false,,본문:보온재 | 선택지:단열 | 선택지:보온재 종류 | 선택지:글라스울,다음 보온재의 종류 중 안전사용 최고온도가 가장 낮은 것은?
20120212_028,2012-02-12,28,,boiler-types-construction,보일러 형식·구조·재료,boiler-operation-basics,failures-accidents-safety,고장·사고·작업안전,boiler-work-safety,pdf-reviewed,15,failures-accidents-safety,14,low,false,failures-accidents-safety:14,선택지:보일러 구조 | 선택지:특수 전열관,다음 중 보일러 손상의 하나인 압궤가 일어나기 쉬운 부분은?
20120212_029,2012-02-12,29,,safety-devices,안전장치·연소안전,boiler-protection-devices,safety-devices,안전장치·연소안전,boiler-protection-devices,automatic,35,piping-fittings-valves,8,high,false,,본문:안전장치 | 선택지:안전밸브·방출밸브 | 선택지:화염 감시,다음 중 보일러의 안전장치에 해당되지 않는 것은?
20120212_030,2012-02-12,30,,insulation-materials,보온·단열재,boiler-piping-insulation,insulation-materials,보온·단열재,boiler-piping-insulation,automatic,16,heat-steam-thermodynamics,9,high,false,heat-steam-thermodynamics:9,본문:단열,열전도율이 다른 여러 층의 매체를 대상으로 정상상태에서 고온측으로부터 저온측으로 열이 이동할 때의 평균 열 통과율을 의미하는 것은?
20120212_031,2012-02-12,31,,fuel-properties,연료 특성·발열량,boiler-installation-combustion,fuel-properties,연료 특성·발열량,boiler-installation-combustion,automatic,30,burners-furnaces-atomization,18,high,false,burners-furnaces-atomization:18,본문:연료 종류 | 본문:가스 연료,기체연료의 연소방식과 관계가 없는 것은?
20120212_032,2012-02-12,32,,heat-steam-thermodynamics,열·증기·열역학 기초,boiler-operation-basics,heat-steam-thermodynamics,열·증기·열역학 기초,boiler-operation-basics,automatic,18,automatic-control-interlocks,0,high,false,,본문:증기 상태,건도를 x라고 할 때 습증기는 어느 것인가?
20120212_033,2012-02-12,33,,auxiliary-feedwater-equipment,급수·부대설비,boiler-auxiliary-equipment,auxiliary-feedwater-equipment,급수·부대설비,boiler-auxiliary-equipment,automatic,18,boiler-types-construction,6,high,false,,본문:급수펌프,보일러 급수 펌프인 터빈펌프의 일반적인 특징이 아닌 것은?
20120212_034,2012-02-12,34,,instruments-accessories,계측·부속장치,boiler-accessory-equipment,instruments-accessories,계측·부속장치,boiler-accessory-equipment,automatic,31,water-treatment-corrosion,9,high,false,,선택지:압력·온도·유량계 | 본문:부속장치 | 선택지:수트블로워,보일러 부속장치 설명중 잘못된 것은?
20120212_035,2012-02-12,35,,fuel-properties,연료 특성·발열량,boiler-installation-combustion,fuel-properties,연료 특성·발열량,boiler-installation-combustion,automatic,22,efficiency-output-heat-balance,10,high,false,,본문:연료 종류 | 선택지:발열량,고체연료와 비교하여 액체연료 사용 시의 장점을 잘못 설명한 것은?
20120212_036,2012-02-12,36,,environmental-pollution-control,집진·환경설비,boiler-accessory-equipment,environmental-pollution-control,집진·환경설비,boiler-accessory-equipment,automatic,20,automatic-control-interlocks,0,high,false,,본문:집진장치,"집진 효율이 대단히 좋고, 0.5μm이하 정도의 미세한 입자도 처리할 수 있는 집진장치는?"
20120212_037,2012-02-12,37,,efficiency-output-heat-balance,효율·증발량·열정산,boiler-efficiency-heat-balance,efficiency-output-heat-balance,효율·증발량·열정산,boiler-efficiency-heat-balance,automatic,20,heat-steam-thermodynamics,9,high,false,,본문:열정산,열정산의 방법에서 입열 항목에 속하지 않는 것은?
20120212_038,2012-02-12,38,,safety-devices,안전장치·연소안전,boiler-protection-devices,safety-devices,안전장치·연소안전,boiler-protection-devices,automatic,23,automatic-control-interlocks,20,medium,false,automatic-control-interlocks:20,선택지:안전밸브·방출밸브 | 선택지:화염 감시 | 선택지:압력 보호,보일러의 자동제어 장치로 쓰이지 않는 것은?
20120212_039,2012-02-12,39,,heat-steam-thermodynamics,열·증기·열역학 기초,boiler-operation-basics,heat-steam-thermodynamics,열·증기·열역학 기초,boiler-operation-basics,automatic,46,fuel-properties,12,high,false,,본문:엔탈피·잠열 | 본문:비열·열량 | 본문:기체 법칙,"급수온도 30℃에서 압력 1MPa 온도 180℃의 증기를 1시간당 10000kg 발생 시키는 보일러에서 효율은 약 몇%인가? (단, 증기 엔탈피는 664kcal/kg , 표준상태에서 가스 사용량은 500m3/h, 이 연료의 저위 발열량은 15000kcal/m3이다.)"
20120212_040,2012-02-12,40,,failures-accidents-safety,고장·사고·작업안전,boiler-work-safety,failures-accidents-safety,고장·사고·작업안전,boiler-work-safety,pdf-reviewed,8,instruments-accessories,7,low,false,instruments-accessories:7 | boiler-types-construction:6,선택지:폭발·화재,보일러의 사고발생 원인 중 제작상의 원인에 해당되지 않는 것은?
20120212_041,2012-02-12,41,,piping-fittings-valves,배관·이음쇠·밸브,boiler-piping-insulation,piping-fittings-valves,배관·이음쇠·밸브,boiler-piping-insulation,automatic,16,automatic-control-interlocks,0,high,false,,본문:이음쇠,엘보나 티와 같이 내경이 나사로 된 부품을 폐쇄할 필요가 있을 때 사용되는 것은?
20120212_042,2012-02-12,42,,operation-maintenance-preservation,기동·운전·정지·보존,boiler-operation-maintenance,operation-maintenance-preservation,기동·운전·정지·보존,boiler-operation-maintenance,automatic,18,instruments-accessories,10,high,false,instruments-accessories:10,본문:기동·점화 | 선택지:점검·정비,사용 중인 보일러의 점화전 주의사항으로 잘못된 것은?
20120212_043,2012-02-12,43,,piping-fittings-valves,배관·이음쇠·밸브,boiler-piping-insulation,piping-fittings-valves,배관·이음쇠·밸브,boiler-piping-insulation,automatic,14,automatic-control-interlocks,0,high,false,,본문:강관 규격,"호칭지름 15A 의 강관을 굽힘 반지름 80㎜, 각도 90°로 굽힐 때 굽힘부의 필요한 중상 곡선부 길이는 약 몇 ㎜인가?"
20120212_044,2012-02-12,44,,heating-load-radiators,난방부하·방열기 계산,boiler-installation-combustion,heating-load-radiators,난방부하·방열기 계산,boiler-installation-combustion,automatic,38,heating-systems,6,high,false,,본문:난방부하 | 본문:방열기 계산,난방 부하가 2250kcal/h 인 경우 온수 방열기의 방열면적은 몇 m2인가?
20120212_045,2012-02-12,45,,steam-traps-condensate,증기트랩·응축수 환수,boiler-piping-insulation,steam-traps-condensate,증기트랩·응축수 환수,boiler-piping-insulation,automatic,20,automatic-control-interlocks,0,high,false,,본문:증기트랩,"증기 트랩을 기계식 트랩, 온도조절식트랩, 열역학적트랩 으로 구분할 때 온도조절식 트랩에 해당되는 것은?"
20120212_046,2012-02-12,46,,energy-laws-inspection,에너지 관계법규·검사,energy-laws-and-inspection,energy-laws-inspection,에너지 관계법규·검사,energy-laws-and-inspection,automatic,30,automatic-control-interlocks,0,high,false,,본문:검사 행정 | 본문:가열로 기준,철금속가열로란 단조가 가능하도록 가열하는 것을 주목적으로 하는 노로써 정격 용량이 몇kcal/h를 초과하는 것을 말하는가?
20120212_047,2012-02-12,47,,water-treatment-corrosion,수질관리·스케일·부식,boiler-water-treatment,water-treatment-corrosion,수질관리·스케일·부식,boiler-water-treatment,automatic,15,draft-flue-gas,7,high,false,,선택지:수처리 | 선택지:분출·농축,연소시작 시 부속설비 관리에서 급수 예열기에 대한 설명으로 틀린 것은?
20120212_048,2012-02-12,48,,water-treatment-corrosion,수질관리·스케일·부식,boiler-water-treatment,water-treatment-corrosion,수질관리·스케일·부식,boiler-water-treatment,automatic,9,auxiliary-feedwater-equipment,7,medium,false,auxiliary-feedwater-equipment:7,선택지:스케일,급수 탱크의 설치에 대한 설명 중 틀린 것은?
20120212_049,2012-02-12,49,,heating-systems,증기·온수·복사난방,boiler-piping-insulation,heating-systems,증기·온수·복사난방,boiler-piping-insulation,automatic,21,piping-fittings-valves,5,high,false,,본문:난방 방식 | 선택지:방열기,온수난방에서 역귀환방식을 채택하는 주된 이유는?
20120212_050,2012-02-12,50,,piping-fittings-valves,배관·이음쇠·밸브,boiler-piping-insulation,piping-fittings-valves,배관·이음쇠·밸브,boiler-piping-insulation,automatic,10,automatic-control-interlocks,0,high,false,,본문:배관,본래 배관의 회전을 제한하기 위하여 사용되어 왔으나 근래에는 배관계의 축 방향의 안내 역할을 하며 축과 직각 방향의 이동을 구속하는데 사용되는 레스트레인트의 종류는?
20120212_051,2012-02-12,51,,draft-flue-gas,통풍·연도·굴뚝,boiler-installation-combustion,draft-flue-gas,통풍·연도·굴뚝,boiler-installation-combustion,automatic,14,piping-fittings-valves,10,high,false,piping-fittings-valves:10,본문:연도·굴뚝,온실가스 배출량 및 에너지 사용량 등의 보고와 관련하여 관리업체는 해당 연도 온실가스 배출량 및 에너지 소비량에 관한 명세서를 작성하고 이에 대한 검증기관의 검증 결과를 언제까지 부문별 관장기관에게 제출하여야 하는가?
20120212_052,2012-02-12,52,,energy-laws-inspection,에너지 관계법규·검사,energy-laws-and-inspection,energy-laws-inspection,에너지 관계법규·검사,energy-laws-and-inspection,automatic,20,automatic-control-interlocks,0,high,false,,본문:에너지이용합리화법,에너지 이용 합리화법의 목적이 아닌 것은?
20120212_053,2012-02-12,53,,energy-laws-inspection,에너지 관계법규·검사,energy-laws-and-inspection,energy-laws-inspection,에너지 관계법규·검사,energy-laws-and-inspection,automatic,18,automatic-control-interlocks,0,high,false,,본문:저탄소·녹색성장,"정부는 국가전략을 효율적, 체계적으로 이행하기 위해 몇 년마다 저탄소 녹색 성장 국가전략 5개년 계획을 수립하는가?"
20120212_054,2012-02-12,54,,energy-laws-inspection,에너지 관계법규·검사,energy-laws-and-inspection,energy-laws-inspection,에너지 관계법규·검사,energy-laws-and-inspection,automatic,32,automatic-control-interlocks,0,high,false,,본문:에너지이용합리화법 | 본문:효율관리,에너지 이용합리화법상 효율관리 기자재가 아닌 것은?
20120212_055,2012-02-12,55,,energy-laws-inspection,에너지 관계법규·검사,energy-laws-and-inspection,energy-laws-inspection,에너지 관계법규·검사,energy-laws-and-inspection,automatic,18,automatic-control-interlocks,0,high,false,,본문:신재생에너지 표기 변형,"신축, 증축 또는 개축하는 건축물에 대하여 그 설계 시 산출된 예상 에너지 사용량의 일정 비율 이상을 신·재생 에너지를 이용하여 공급되는 에너지를 사용하도록 신·재생 에너지 설비를 의무적으로 설치하게 할 수 있는 기관이 아닌 것은?"
20120212_056,2012-02-12,56,,insulation-materials,보온·단열재,boiler-piping-insulation,insulation-materials,보온·단열재,boiler-piping-insulation,automatic,20,automatic-control-interlocks,0,high,false,,본문:보온재,다음 중 유기질 보온재에 속하지 않는 것은?
20120212_057,2012-02-12,57,,piping-fittings-valves,배관·이음쇠·밸브,boiler-piping-insulation,piping-fittings-valves,배관·이음쇠·밸브,boiler-piping-insulation,automatic,13,automatic-control-interlocks,0,high,false,,선택지:배관 | 선택지:이음쇠,동관 작업용 공구의 사용목적이 바르게 설명된 것은?
20120212_058,2012-02-12,58,,heating-systems,증기·온수·복사난방,boiler-piping-insulation,heating-systems,증기·온수·복사난방,boiler-piping-insulation,automatic,33,piping-fittings-valves,18,high,false,,본문:난방 방식 | 선택지:팽창탱크 | 본문:난방 배관,온수난방의 배관 시공법에 관한 설명으로 틀린 것은?
20120212_059,2012-02-12,59,,boiler-types-construction,보일러 형식·구조·재료,boiler-operation-basics,boiler-types-construction,보일러 형식·구조·재료,boiler-operation-basics,automatic,12,piping-fittings-valves,10,medium,false,piping-fittings-valves:10 | heating-systems:7,본문:보일러 구조,황수관의 배관방식에 의한 분류 중 환수 주관을 보일러의 표준 수위보다 낮게 배관하여 환수하는 방식은 어떤 배관 방식인가?
20120212_060,2012-02-12,60,,energy-laws-inspection,에너지 관계법규·검사,energy-laws-and-inspection,energy-laws-inspection,에너지 관계법규·검사,energy-laws-and-inspection,automatic,45,automatic-control-interlocks,0,high,false,,본문:에너지이용합리화법 | 본문:법령·행정 | 선택지:효율관리 | 선택지:열사용기자재,에너지 이용 합리화법의 위반사항과 벌칙 내용이 맞게 짝 지워진 것은?
20120408_001,2012-04-08,1,,burners-furnaces-atomization,버너·화격자·연소장치,boiler-installation-combustion,burners-furnaces-atomization,버너·화격자·연소장치,boiler-installation-combustion,automatic,20,automatic-control-interlocks,9,high,false,,본문:버너,버너에서 연료분사 후 소정의 시간이 경과하여도 착화를 볼 수 없을 때 전자밸브를 닫아서 연소를 저지하는 제어는?
20120408_002,2012-04-08,2,,safety-devices,안전장치·연소안전,boiler-protection-devices,safety-devices,안전장치·연소안전,boiler-protection-devices,automatic,18,boiler-types-construction,6,high,false,,본문:안전밸브·방출밸브,안전밸브의 수동시험은 최고사용압력의 몇 % 이상의 압력으로 행하는가?
20120408_003,2012-04-08,3,,efficiency-output-heat-balance,효율·증발량·열정산,boiler-efficiency-heat-balance,efficiency-output-heat-balance,효율·증발량·열정산,boiler-efficiency-heat-balance,automatic,34,automatic-control-interlocks,0,high,false,,본문:증발량 | 본문:출력·부하율,"보일러 실제 증발량이 7000kg/h이고, 최대연속 증발량이 8t/h일 때, 이 보일러 부하율은 몇 % 인가?"
20120408_004,2012-04-08,4,,combustion-air-calculation,연소·공기비·배기가스 계산,boiler-installation-combustion,combustion-air-calculation,연소·공기비·배기가스 계산,boiler-installation-combustion,automatic,18,automatic-control-interlocks,0,high,false,,본문:연소 계산,과잉공기량에 관한 설명으로 옳은 것은?
20120408_005,2012-04-08,5,,heat-steam-thermodynamics,열·증기·열역학 기초,boiler-operation-basics,heat-steam-thermodynamics,열·증기·열역학 기초,boiler-operation-basics,automatic,14,automatic-control-interlocks,0,high,false,,본문:비열·열량,10℃의 물 400kg과 90℃의 더운물 100kg을 혼합하면 혼합 후의 물의 온도는?
20120408_006,2012-04-08,6,,boiler-types-construction,보일러 형식·구조·재료,boiler-operation-basics,boiler-types-construction,보일러 형식·구조·재료,boiler-operation-basics,automatic,15,efficiency-output-heat-balance,10,high,false,efficiency-output-heat-balance:10,선택지:내분·외분식 | 선택지:보일러 구조,원통형 보일러에 관한 설명으로 틀린 것은?
20120408_007,2012-04-08,7,jpg 확필,draft-flue-gas,통풍·연도·굴뚝,boiler-installation-combustion,draft-flue-gas,통풍·연도·굴뚝,boiler-installation-combustion,pdf-reviewed,16,automatic-control-interlocks,0,high,false,,본문:송풍기,보기에서 설명한 송풍기의 종류는?
20120408_008,2012-04-08,8,,instruments-accessories,계측·부속장치,boiler-accessory-equipment,instruments-accessories,계측·부속장치,boiler-accessory-equipment,automatic,17,fuel-properties,14,medium,false,fuel-properties:14,선택지:압력·온도·유량계 | 선택지:온도계 설치,연료유 탱크에 가열장치를 설치한 경우에 대한 설명으로 틀린 것은?
20120408_009,2012-04-08,9,,draft-flue-gas,통풍·연도·굴뚝,boiler-installation-combustion,draft-flue-gas,통풍·연도·굴뚝,boiler-installation-combustion,automatic,7,automatic-control-interlocks,0,medium,false,,선택지:연도·굴뚝,플레임 아이에 대하여 옳게 설명한 것은?
20120408_010,2012-04-08,10,,instruments-accessories,계측·부속장치,boiler-accessory-equipment,instruments-accessories,계측·부속장치,boiler-accessory-equipment,automatic,18,operation-maintenance-preservation,10,high,false,operation-maintenance-preservation:10,본문:수트블로워,수트 블로워 사용에 관한 주의사항으로 틀린 것은?
20120408_011,2012-04-08,11,,efficiency-output-heat-balance,효율·증발량·열정산,boiler-efficiency-heat-balance,efficiency-output-heat-balance,효율·증발량·열정산,boiler-efficiency-heat-balance,automatic,30,burners-furnaces-atomization,4,high,false,,선택지:보일러 효율 | 본문:열정산,보일러의 열정산 목적이 아닌 것은?
20120408_012,2012-04-08,12,,automatic-control-interlocks,자동제어·인터록,boiler-control-systems,automatic-control-interlocks,자동제어·인터록,boiler-control-systems,automatic,18,auxiliary-feedwater-equipment,0,high,false,,선택지:피드백·목표값 | 선택지:제어량·조작량,미리 정해진 순서에 따라 순차적으로 제어의 각 단계가 진행되는 제어 방식으로 작동 명령이 타이머나 릴레이에 의해서 수행되는 제어는?
20120408_013,2012-04-08,13,,auxiliary-feedwater-equipment,급수·부대설비,boiler-auxiliary-equipment,auxiliary-feedwater-equipment,급수·부대설비,boiler-auxiliary-equipment,automatic,14,automatic-control-interlocks,0,high,false,,본문:급수장치,급수탱크의 수위조절기에서 전극형 만의 특징에 해당하는 것은?
20120408_014,2012-04-08,14,,boiler-types-construction,보일러 형식·구조·재료,boiler-operation-basics,boiler-types-construction,보일러 형식·구조·재료,boiler-operation-basics,automatic,30,combustion-air-calculation,3,high,false,,본문:보일러 형식 | 본문:재료·제작,주철제 보일러의 특징에 관한 설명으로 틀린 것은?
20120408_015,2012-04-08,15,,steam-traps-condensate,증기트랩·응축수 환수,boiler-piping-insulation,steam-traps-condensate,증기트랩·응축수 환수,boiler-piping-insulation,automatic,20,heating-systems,18,medium,false,heating-systems:18,본문:증기트랩,증기난방시공에서 관말 증기 트랩 장치에서 냉각래그(Cooling leg)의 길이는 일반적으로 몇 m 이상으로 해주어야 하는가?
20120408_016,2012-04-08,16,,efficiency-output-heat-balance,효율·증발량·열정산,boiler-efficiency-heat-balance,efficiency-output-heat-balance,효율·증발량·열정산,boiler-efficiency-heat-balance,automatic,42,heat-steam-thermodynamics,18,high,false,,본문:보일러 효율 | 본문:증발량,"상당증발량=Ge(kg/h), 보일러 효율=η, 연료소비량=B(kg/h), 저위발열량=Hι(kcal/kg), 증발잠열=539(kcal/kg) 일 때 상당증발량(Ge)을 옳게 나타낸 것은?"
20120408_017,2012-04-08,17,,fuel-properties,연료 특성·발열량,boiler-installation-combustion,fuel-properties,연료 특성·발열량,boiler-installation-combustion,automatic,16,burners-furnaces-atomization,8,high,false,,본문:연료 종류,액체연료 중 경질유에 주로 사용하는 기화연소 방식의 종류에 해당하지 않는 것은?
20120408_018,2012-04-08,18,,fuel-properties,연료 특성·발열량,boiler-installation-combustion,fuel-properties,연료 특성·발열량,boiler-installation-combustion,automatic,36,combustion-air-calculation,10,high,false,,본문:유류·중유 | 본문:발열량 | 본문:연료 성분,"수소 15%, 수분 0.5% 중유의 고위발열량이 10000kcal/kg이다. 이 중유의 저위발열량은 몇 kcal/kg인가?"
20120408_019,2012-04-08,19,,boiler-types-construction,보일러 형식·구조·재료,boiler-operation-basics,boiler-types-construction,보일러 형식·구조·재료,boiler-operation-basics,automatic,9,automatic-control-interlocks,0,medium,false,,선택지:보일러 형식,슈미트 보일러는 보일러 분류에서 어디에 속하는가?
20120408_020,2012-04-08,20,jpg 확필,efficiency-output-heat-balance,효율·증발량·열정산,boiler-efficiency-heat-balance,efficiency-output-heat-balance,효율·증발량·열정산,boiler-efficiency-heat-balance,pdf-reviewed,16,automatic-control-interlocks,0,high,false,,본문:보일러마력,1보일러 마력은 대한 설명에서 괄호 안에 들어갈 숫자로 옳은 것은?
20120408_021,2012-04-08,21,,operation-maintenance-preservation,기동·운전·정지·보존,boiler-operation-maintenance,operation-maintenance-preservation,기동·운전·정지·보존,boiler-operation-maintenance,automatic,18,automatic-control-interlocks,0,high,false,,본문:보존,보일러의 보존법 중 장기보전법에 해당하지 않는 것은?
20120408_022,2012-04-08,22,,heating-load-radiators,난방부하·방열기 계산,boiler-installation-combustion,heating-load-radiators,난방부하·방열기 계산,boiler-installation-combustion,automatic,18,automatic-control-interlocks,0,high,false,,본문:난방부하,난방부하 설계 시 고려하여야 할 사항으로 거리가 먼 것은?
20120408_023,2012-04-08,23,,piping-fittings-valves,배관·이음쇠·밸브,boiler-piping-insulation,piping-fittings-valves,배관·이음쇠·밸브,boiler-piping-insulation,automatic,22,automatic-control-interlocks,0,high,false,,본문:배관 | 본문:신축·지지,열팽창에 의한 배관의 이동을 구속 또는 제한하는 배관지지구인 레스트레인트(restraint)의 종류가 아닌 것은?
20120408_024,2012-04-08,24,,heating-systems,증기·온수·복사난방,boiler-piping-insulation,heating-systems,증기·온수·복사난방,boiler-piping-insulation,automatic,26,piping-fittings-valves,22,high,false,piping-fittings-valves:22,본문:난방 방식 | 본문:난방 배관,"배관의 신축이음 중 지웰이음 이라고도 불리며, 주로 증기 및 온수난방용 배관에 사용되나, 신축 량이 너무 큰 배관에서는 나사 이음부가 헐거워져 누설의 염려가 있는 신축이음 방식은?"
20120408_025,2012-04-08,25,,operation-maintenance-preservation,기동·운전·정지·보존,boiler-operation-maintenance,operation-maintenance-preservation,기동·운전·정지·보존,boiler-operation-maintenance,automatic,18,combustion-air-calculation,3,high,false,,본문:운전 조치,보일러를 비상 정지시키는 경우의 일반적인 조치사항으로 잘못된 것은?
20120408_026,2012-04-08,26,,steam-traps-condensate,증기트랩·응축수 환수,boiler-piping-insulation,steam-traps-condensate,증기트랩·응축수 환수,boiler-piping-insulation,automatic,14,auxiliary-feedwater-equipment,9,high,false,auxiliary-feedwater-equipment:9,선택지:응축수 | 선택지:워터해머,보일러 운전자가 승기 시 취할 사항으로 맞는 것은?
20120408_027,2012-04-08,27,,water-treatment-corrosion,수질관리·스케일·부식,boiler-water-treatment,water-treatment-corrosion,수질관리·스케일·부식,boiler-water-treatment,automatic,16,piping-fittings-valves,8,high,false,,본문:부식,다음 중 구상부식(grooving)의 발생장소로 거리가 먼 것은?
20120408_028,2012-04-08,28,jpg 확필,piping-fittings-valves,배관·이음쇠·밸브,boiler-piping-insulation,piping-fittings-valves,배관·이음쇠·밸브,boiler-piping-insulation,pdf-reviewed,100,automatic-control-interlocks,0,high,false,,이미지 자산 감사표: 동력 나사절삭기 구조 그림 | 본문:배관 공구·작업,다음 그림과 같은 동력 나사절삭기의 종류의 형식으로 맞는 것은?
20120408_029,2012-04-08,29,,heating-load-radiators,난방부하·방열기 계산,boiler-installation-combustion,heating-load-radiators,난방부하·방열기 계산,boiler-installation-combustion,automatic,56,heating-systems,6,high,false,,본문:난방부하 | 본문:방열기 계산 | 본문:난방 계산,"난방부하가 5600kcal/h, 방열기 계수 7kcal/m2·h·℃, 승수온도 80℃, 환수온도 60℃, 실내온도 20℃ 일 때 방열기의 소요 방열면적은 몇 m2인가?"
20120408_030,2012-04-08,30,,water-treatment-corrosion,수질관리·스케일·부식,boiler-water-treatment,water-treatment-corrosion,수질관리·스케일·부식,boiler-water-treatment,automatic,26,automatic-control-interlocks,0,high,false,,선택지:수처리 | 본문:캐리오버,보일러에서 포밍이 발생하는 경우로 거리가 먼 것은?
20120408_031,2012-04-08,31,,fuel-properties,연료 특성·발열량,boiler-installation-combustion,fuel-properties,연료 특성·발열량,boiler-installation-combustion,automatic,14,automatic-control-interlocks,0,high,false,,본문:가스 연료,액화석유가스(LPG)의 일반적인 성질에 대한 설명으로 틀린 것은?
20120408_032,2012-04-08,32,,boiler-types-construction,보일러 형식·구조·재료,boiler-operation-basics,boiler-types-construction,보일러 형식·구조·재료,boiler-operation-basics,automatic,12,efficiency-output-heat-balance,10,medium,false,efficiency-output-heat-balance:10 | failures-accidents-safety:7,본문:보일러 구조,보일러 본체에서 수부가 클 경우의 설명으로 틀린 것은?
20120408_033,2012-04-08,33,,heat-steam-thermodynamics,열·증기·열역학 기초,boiler-operation-basics,heat-steam-thermodynamics,열·증기·열역학 기초,boiler-operation-basics,automatic,25,automatic-control-interlocks,0,high,false,,선택지:증기 상태 | 선택지:엔탈피·잠열 | 선택지:압력·온도 기초,다음 중 임계점에 대한 설명으로 틀린 것은?
20120408_034,2012-04-08,34,,burners-furnaces-atomization,버너·화격자·연소장치,boiler-installation-combustion,burners-furnaces-atomization,버너·화격자·연소장치,boiler-installation-combustion,automatic,26,combustion-air-calculation,6,high,false,,선택지:버너 | 본문:화격자·연소장치,다음 중 확산연소방식에 의한 연소장치에 해당하는 것은?
20120408_035,2012-04-08,35,,safety-devices,안전장치·연소안전,boiler-protection-devices,safety-devices,안전장치·연소안전,boiler-protection-devices,automatic,26,combustion-air-calculation,6,high,false,,본문:연료차단 보호 | 선택지:압력 보호,"급유장치에서 보일러 가동 중 연소의 소화, 압력초과 등 이상 현상 발생 시 긴급히 연료를 차단하는 것은?"
20120408_036,2012-04-08,36,,automatic-control-interlocks,자동제어·인터록,boiler-control-systems,automatic-control-interlocks,자동제어·인터록,boiler-control-systems,automatic,16,auxiliary-feedwater-equipment,0,high,false,,본문:제어동작,제어장치의 제어동작 종류에 해당되지 않는 것은?
20120408_037,2012-04-08,37,,auxiliary-feedwater-equipment,급수·부대설비,boiler-auxiliary-equipment,auxiliary-feedwater-equipment,급수·부대설비,boiler-auxiliary-equipment,automatic,36,automatic-control-interlocks,0,high,false,,본문:절탄기 | 본문:급수장치,"급수예열기(절탄기, economizer)의 형식 및 구조에 대한 설명으로 틀린 것은?"
20120408_038,2012-04-08,38,,environmental-pollution-control,집진·환경설비,boiler-accessory-equipment,environmental-pollution-control,집진·환경설비,boiler-accessory-equipment,automatic,20,automatic-control-interlocks,0,high,false,,본문:집진장치,"가장 미세한 입자의 먼지를 집진할 수 있고, 압력 손실이 작으며, 집진효율이 높은 집진장치 형식은?"
20120408_039,2012-04-08,39,,burners-furnaces-atomization,버너·화격자·연소장치,boiler-installation-combustion,burners-furnaces-atomization,버너·화격자·연소장치,boiler-installation-combustion,automatic,20,automatic-control-interlocks,0,high,false,,본문:버너,가스버너에서 종류를 유도혼합식과 강제혼합식으로 구분할 때 유도혼합식에 속하는 것은?
20120408_040,2012-04-08,40,,piping-fittings-valves,배관·이음쇠·밸브,boiler-piping-insulation,piping-fittings-valves,배관·이음쇠·밸브,boiler-piping-insulation,automatic,10,automatic-control-interlocks,0,high,false,,본문:배관,배관에서 바이패스관의 설치 목적으로 가장 적합한 것은?
20120408_041,2012-04-08,41,,piping-fittings-valves,배관·이음쇠·밸브,boiler-piping-insulation,piping-fittings-valves,배관·이음쇠·밸브,boiler-piping-insulation,automatic,14,automatic-control-interlocks,0,high,false,,본문:패킹·가스켓,글랜드 패킹의 종류에 해당하지 않는 것은?
20120408_042,2012-04-08,42,,burners-furnaces-atomization,버너·화격자·연소장치,boiler-installation-combustion,burners-furnaces-atomization,버너·화격자·연소장치,boiler-installation-combustion,automatic,20,fuel-properties,14,high,false,fuel-properties:14,본문:버너,서비스 탱크는 자연압에 의하여 유류연료가 잘 공급될 수 있도록 버너보다 몇 m 이상 높은 장소에 설치하여야 하는가?
20120408_043,2012-04-08,43,,boiler-types-construction,보일러 형식·구조·재료,boiler-operation-basics,operation-maintenance-preservation,기동·운전·정지·보존,boiler-operation-maintenance,pdf-reviewed,15,heat-steam-thermodynamics,14,low,false,heat-steam-thermodynamics:14,선택지:보일러 형식 | 선택지:재료·제작,보일러의 증기압력 상승시의 운전관리에 관한 일반적 주의사항으로 거리가 먼 것은?
20120408_044,2012-04-08,44,,operation-maintenance-preservation,기동·운전·정지·보존,boiler-operation-maintenance,operation-maintenance-preservation,기동·운전·정지·보존,boiler-operation-maintenance,automatic,22,draft-flue-gas,9,high,false,,본문:기동·점화 | 본문:점검·정비,사용 중인 보일러의 점화 전에 점검해야 될 사항으로 가장 거리가 먼 것은?
20120408_045,2012-04-08,45,,piping-fittings-valves,배관·이음쇠·밸브,boiler-piping-insulation,piping-fittings-valves,배관·이음쇠·밸브,boiler-piping-insulation,automatic,24,water-treatment-corrosion,9,high,false,,본문:배관 | 본문:강관 규격,저온 배관용 탄소 강관의 종류의 기호로 맞는 것은?
20120408_046,2012-04-08,46,,environmental-pollution-control,집진·환경설비,boiler-accessory-equipment,environmental-pollution-control,집진·환경설비,boiler-accessory-equipment,automatic,25,fuel-properties,7,high,false,,선택지:분진·매연 | 본문:매연 계측,링겔만 농도표는 무엇을 계측하는데 사용되는가?
20120408_047,2012-04-08,47,,heating-systems,증기·온수·복사난방,boiler-piping-insulation,heating-systems,증기·온수·복사난방,boiler-piping-insulation,automatic,26,piping-fittings-valves,10,high,false,,본문:난방 방식 | 본문:난방 배관,온수난방 배관시공 시 배관 구배는 일반적으로 얼마 이상이어야 하는가?
20120408_048,2012-04-08,48,,piping-fittings-valves,배관·이음쇠·밸브,boiler-piping-insulation,piping-fittings-valves,배관·이음쇠·밸브,boiler-piping-insulation,automatic,45,automatic-control-interlocks,0,high,false,,본문:배관 | 본문:이음쇠 | 선택지:패킹·가스켓 | 본문:신축·지지,배관 이음 중 슬리브 형 신축이음에 관한 설명으로 틀린 것은?
20120408_049,2012-04-08,49,,failures-accidents-safety,고장·사고·작업안전,boiler-work-safety,failures-accidents-safety,고장·사고·작업안전,boiler-work-safety,automatic,28,automatic-control-interlocks,0,high,false,,본문:사고·안전 | 본문:취급상 사고,보일러 사고를 제작상의 원인과 취급상의 원인으로 구별할 때 취급상의 원인에 해당하지 않는 것은?
20120408_050,2012-04-08,50,,boiler-types-construction,보일러 형식·구조·재료,boiler-operation-basics,boiler-types-construction,보일러 형식·구조·재료,boiler-operation-basics,automatic,12,piping-fittings-valves,10,medium,false,piping-fittings-valves:10,본문:보일러 구조,"보일러의 옥내설치 시 보일러 동체 최상부로부터 천정, 배관 등 보일러 상부에 있는 구조물까지의 거리는 몇 m 이상이어야 하는가?"
20120408_051,2012-04-08,51,,energy-laws-inspection,에너지 관계법규·검사,energy-laws-and-inspection,energy-laws-inspection,에너지 관계법규·검사,energy-laws-and-inspection,automatic,62,automatic-control-interlocks,0,high,false,,본문:저탄소·녹색성장 | 본문:신재생에너지 | 본문:신재생에너지 표기 변형 | 선택지:에너지원단위,저탄소 녹색정상 기본법에서 국내 총소비에너지량에 대하여 신·재생에너지 등 국내 생산에너지량 및 우리나라가 국외에서 개발(지분 취득 포함한다)한 에너지량을 합한 양이 차지하는 비율을 무엇이라고 하는가?
20120408_052,2012-04-08,52,,energy-laws-inspection,에너지 관계법규·검사,energy-laws-and-inspection,energy-laws-inspection,에너지 관계법규·검사,energy-laws-and-inspection,automatic,16,automatic-control-interlocks,0,high,false,,선택지:법령·행정 | 본문:에너지사용·진단,"에너지사용계획의 검토기준, 검토방법, 그 밖에 필요한 사항을 정하는 령은?"
20120408_053,2012-04-08,53,,energy-laws-inspection,에너지 관계법규·검사,energy-laws-and-inspection,energy-laws-inspection,에너지 관계법규·검사,energy-laws-and-inspection,automatic,46,automatic-control-interlocks,0,high,false,,본문:에너지이용합리화법 | 본문:법령·행정 | 본문:열사용기자재,에너지이용합리화법상 검사대상기기 조종자를 반드시 선임해야함에도 불구하고 선임하지 아니 한 자에 대한 벌칙은?
20120408_054,2012-04-08,54,,boiler-types-construction,보일러 형식·구조·재료,boiler-operation-basics,boiler-types-construction,보일러 형식·구조·재료,boiler-operation-basics,automatic,27,energy-laws-inspection,14,high,false,,선택지:보일러 형식 | 선택지:보일러 구조 | 본문:재료·제작,열사용기자재 관리규칙에서 용접검사가 면제될 수 있는 보일러의 대상 범위로 틀린 것은?
20120408_055,2012-04-08,55,,energy-laws-inspection,에너지 관계법규·검사,energy-laws-and-inspection,energy-laws-inspection,에너지 관계법규·검사,energy-laws-and-inspection,automatic,12,automatic-control-interlocks,0,high,false,,본문:법령·행정,관리업체(대통령령으로 정하는 기준량 이상의 온실가스 배출업체 및 에너지소비업체)가 사업장별 명세서를 거짓으로 작성하여 정부에 보고하였을 경우 부과하는 과태료로 맞는 것은?
20120408_056,2012-04-08,56,,insulation-materials,보온·단열재,boiler-piping-insulation,insulation-materials,보온·단열재,boiler-piping-insulation,automatic,20,automatic-control-interlocks,0,high,false,,본문:보온재,보온재를 유기질 보온재와 무기질 보온재로 구분할 때 무기질 보온재에 해당하는 것은?
20120408_057,2012-04-08,57,,heating-systems,증기·온수·복사난방,boiler-piping-insulation,heating-systems,증기·온수·복사난방,boiler-piping-insulation,automatic,29,heating-load-radiators,10,high,false,,본문:난방 방식 | 선택지:방열기 | 본문:난방 배관,온수난방 배관 방법에서 귀환관의 종류 중 직접귀환 방식의 특징 설명으로 옳은 것은?
20120408_058,2012-04-08,58,,fuel-properties,연료 특성·발열량,boiler-installation-combustion,fuel-properties,연료 특성·발열량,boiler-installation-combustion,automatic,14,piping-fittings-valves,10,high,false,piping-fittings-valves:10 | water-treatment-corrosion:8,본문:유류·중유,보일러의 유류배관의 일반사항에 대한 설명으로 틀린 것은?
20120408_059,2012-04-08,59,,insulation-materials,보온·단열재,boiler-piping-insulation,insulation-materials,보온·단열재,boiler-piping-insulation,automatic,36,boiler-types-construction,12,high,false,,본문:보온재 | 본문:단열,합성수지 또는 고무질 재료를 사용하여 다공질 제품으로 만든 것이며 열전도율이 극히 낮고 가벼우며 흡수성은 줄지 않으나 굽힘성이 풍부한 보온재는?
20120408_060,2012-04-08,60,,energy-laws-inspection,에너지 관계법규·검사,energy-laws-and-inspection,energy-laws-inspection,에너지 관계법규·검사,energy-laws-and-inspection,automatic,18,automatic-control-interlocks,0,high,false,,본문:에너지법,에너지법에서 사용하는“에너지”의 정의를 가장 올바르게 나타낸 것은?
20120722_001,2012-07-22,1,,boiler-types-construction,보일러 형식·구조·재료,boiler-operation-basics,boiler-types-construction,보일러 형식·구조·재료,boiler-operation-basics,automatic,20,automatic-control-interlocks,0,high,false,,선택지:형식 고유명 | 본문:보일러 구조,보일러에서 노통의 약한 단점을 보완하기 위해 설치하는 약 1m 정도의 노통이음을 무엇이라고 하는가?
20120722_002,2012-07-22,2,,burners-furnaces-atomization,버너·화격자·연소장치,boiler-installation-combustion,burners-furnaces-atomization,버너·화격자·연소장치,boiler-installation-combustion,automatic,16,fuel-properties,7,high,false,,본문:분무·미립화,연소방식을 기화연소방식과 무화연소방식으로 구분할 때 일반적으로 무화연소방식을 적용해야 하는 연료는?
20120722_003,2012-07-22,3,,draft-flue-gas,통풍·연도·굴뚝,boiler-installation-combustion,draft-flue-gas,통풍·연도·굴뚝,boiler-installation-combustion,automatic,16,automatic-control-interlocks,9,high,false,automatic-control-interlocks:9,본문:송풍기,보일러의 인토록제어 중 송풍기 작동 유무와 관련이 가장 큰 것은?
20120722_004,2012-07-22,4,,boiler-types-construction,보일러 형식·구조·재료,boiler-operation-basics,boiler-types-construction,보일러 형식·구조·재료,boiler-operation-basics,automatic,38,automatic-control-interlocks,0,high,false,,본문:보일러 형식 | 선택지:형식 고유명 | 본문:보일러 구조,보일러를 본체 구조에 따라 분류하면 원통형 보일러와 수관식 보일러로 크게 나눌 수 있다. 수관식 보일러에 속하지 않는 것은?
20120722_005,2012-07-22,5,,auxiliary-feedwater-equipment,급수·부대설비,boiler-auxiliary-equipment,auxiliary-feedwater-equipment,급수·부대설비,boiler-auxiliary-equipment,pdf-reviewed,12,boiler-types-construction,12,low,true,boiler-types-construction:12 | fuel-properties:10,본문:증기 부대설비,수관보일러에 설치하는 기수분리기의 종류가 아닌 것은?
20120722_006,2012-07-22,6,,boiler-types-construction,보일러 형식·구조·재료,boiler-operation-basics,boiler-types-construction,보일러 형식·구조·재료,boiler-operation-basics,automatic,30,auxiliary-feedwater-equipment,17,high,false,auxiliary-feedwater-equipment:17,본문:보일러 형식 | 본문:보일러 구조,수관식 보일러의 일반적인 장점에 해당하지 않는 것은?
20120722_007,2012-07-22,7,,heat-steam-thermodynamics,열·증기·열역학 기초,boiler-operation-basics,heat-steam-thermodynamics,열·증기·열역학 기초,boiler-operation-basics,automatic,14,automatic-control-interlocks,0,high,false,,본문:압력·온도 기초,다음 중 물의 임계압력은 어느 정도인가?
20120722_008,2012-07-22,8,,efficiency-output-heat-balance,효율·증발량·열정산,boiler-efficiency-heat-balance,efficiency-output-heat-balance,효율·증발량·열정산,boiler-efficiency-heat-balance,automatic,22,automatic-control-interlocks,0,high,false,,본문:증발량,"급수온도 21℃에서 압력 14kgf/cm2, 온도 250℃의 증기를 시간당 14000kg을 발생하는 경우의 상당증발량은 약 몇 kg/h인가? (단, 발생증기의 엔팔피는 635kcal/kg이다.)"
20120722_009,2012-07-22,9,,safety-devices,안전장치·연소안전,boiler-protection-devices,safety-devices,안전장치·연소안전,boiler-protection-devices,automatic,18,automatic-control-interlocks,0,high,false,,본문:안전밸브·방출밸브,스프링식 안전밸브에서 저양정식인 경우는?
20120722_010,2012-07-22,10,,auxiliary-feedwater-equipment,급수·부대설비,boiler-auxiliary-equipment,auxiliary-feedwater-equipment,급수·부대설비,boiler-auxiliary-equipment,automatic,18,piping-fittings-valves,8,high,false,,본문:급수펌프,인젝터의 작동불량 원인과 관계가 먼 것은?
20120722_011,2012-07-22,11,,instruments-accessories,계측·부속장치,boiler-accessory-equipment,instruments-accessories,계측·부속장치,boiler-accessory-equipment,automatic,16,piping-fittings-valves,5,high,false,,본문:압력·온도·유량계,증기보일러에서 압력계 부착방법에 대한 설명으로 틀린 것은?
20120722_012,2012-07-22,12,,burners-furnaces-atomization,버너·화격자·연소장치,boiler-installation-combustion,burners-furnaces-atomization,버너·화격자·연소장치,boiler-installation-combustion,automatic,20,piping-fittings-valves,5,high,false,,본문:버너,보일러용 가스버너에서 외부혼합형 가스버너의 대표적 형태가 아닌 것은?
20120722_013,2012-07-22,13,,instruments-accessories,계측·부속장치,boiler-accessory-equipment,instruments-accessories,계측·부속장치,boiler-accessory-equipment,automatic,18,water-treatment-corrosion,8,high,false,,본문:분출장치,보일러 분출장치의 분출시기로 적절하지 않은 것은?
20120722_014,2012-07-22,14,,automatic-control-interlocks,자동제어·인터록,boiler-control-systems,automatic-control-interlocks,자동제어·인터록,boiler-control-systems,automatic,36,auxiliary-feedwater-equipment,0,high,false,,본문:자동제어 | 본문:제어량·조작량,보일러 자동제어에서 신호전달방식이 아닌 것은?
20120722_015,2012-07-22,15,,efficiency-output-heat-balance,효율·증발량·열정산,boiler-efficiency-heat-balance,efficiency-output-heat-balance,효율·증발량·열정산,boiler-efficiency-heat-balance,automatic,11,heat-steam-thermodynamics,9,medium,false,heat-steam-thermodynamics:9,선택지:증발량,육상용 보일러의 열 정산 방식에서 환산 증발 배수에 대한 설명으로 맞는 것은?
20120722_016,2012-07-22,16,,burners-furnaces-atomization,버너·화격자·연소장치,boiler-installation-combustion,burners-furnaces-atomization,버너·화격자·연소장치,boiler-installation-combustion,automatic,20,automatic-control-interlocks,10,high,false,,본문:버너,보일러의 오일버너 선정 시 고려해야 할 사항으로 틀린 것은?
20120722_017,2012-07-22,17,,automatic-control-interlocks,자동제어·인터록,boiler-control-systems,automatic-control-interlocks,자동제어·인터록,boiler-control-systems,automatic,40,auxiliary-feedwater-equipment,0,high,false,,본문:자동제어 | 본문:급수 3요소 제어,보일러 자동제어를 의미하는 용어 중 급수제어를 뜻하는 것은?
20120722_018,2012-07-22,18,,combustion-air-calculation,연소·공기비·배기가스 계산,boiler-installation-combustion,combustion-air-calculation,연소·공기비·배기가스 계산,boiler-installation-combustion,automatic,24,efficiency-output-heat-balance,10,high,false,,본문:연소 계산 | 본문:연소,연소 시 공기비가 많은 경우 단점에 해당하는 것은?
20120722_019,2012-07-22,19,,fuel-properties,연료 특성·발열량,boiler-installation-combustion,fuel-properties,연료 특성·발열량,boiler-installation-combustion,automatic,27,automatic-control-interlocks,0,high,false,,선택지:석탄 | 선택지:유류·중유 | 본문:발열량,다음 연료 중 단위 중량 당 발열량이 가장 큰 것은?
20120722_020,2012-07-22,20,,efficiency-output-heat-balance,효율·증발량·열정산,boiler-efficiency-heat-balance,efficiency-output-heat-balance,효율·증발량·열정산,boiler-efficiency-heat-balance,automatic,20,automatic-control-interlocks,0,high,false,,본문:열정산,육상용 보일러 열정산 방식에서 증기의 건도는 몇 % 이상인 경우에 시험함을 원칙으로 하는가?
20120722_021,2012-07-22,21,,combustion-air-calculation,연소·공기비·배기가스 계산,boiler-installation-combustion,combustion-air-calculation,연소·공기비·배기가스 계산,boiler-installation-combustion,automatic,15,automatic-control-interlocks,0,high,false,,선택지:연소 계산 | 본문:연소,연소에 있어서 환원염이란?
20120722_022,2012-07-22,22,,automatic-control-interlocks,자동제어·인터록,boiler-control-systems,automatic-control-interlocks,자동제어·인터록,boiler-control-systems,automatic,20,auxiliary-feedwater-equipment,0,high,false,,본문:급수 3요소 제어,보일러 급수제어 방식의 3요소식에서 검출 대상이 아닌 것은?
20120722_023,2012-07-22,23,,heat-steam-thermodynamics,열·증기·열역학 기초,boiler-operation-basics,heat-steam-thermodynamics,열·증기·열역학 기초,boiler-operation-basics,automatic,23,water-treatment-corrosion,18,high,false,water-treatment-corrosion:18,선택지:엔탈피·잠열 | 본문:비열·열량,물질의 온도는 변하지 않고 상(phase)변화만 일으키는데 사용되는 열량은?
20120722_024,2012-07-22,24,,environmental-pollution-control,집진·환경설비,boiler-accessory-equipment,environmental-pollution-control,집진·환경설비,boiler-accessory-equipment,automatic,18,automatic-control-interlocks,0,high,false,,본문:집진 방식,충전탑은 어떤 집진법에 해당하는가?
20120722_025,2012-07-22,25,,burners-furnaces-atomization,버너·화격자·연소장치,boiler-installation-combustion,burners-furnaces-atomization,버너·화격자·연소장치,boiler-installation-combustion,automatic,10,auxiliary-feedwater-equipment,5,high,false,,선택지:버너,보일러에서 사용하는 급유펌프에 대한 일반적인 설명으로 틀린 것은?
20120722_026,2012-07-22,26,,burners-furnaces-atomization,버너·화격자·연소장치,boiler-installation-combustion,burners-furnaces-atomization,버너·화격자·연소장치,boiler-installation-combustion,automatic,8,combustion-air-calculation,6,medium,false,combustion-air-calculation:6,본문:연소실·노,보일러 연소실 열부하의 단위로 맞는 것은?
20120722_027,2012-07-22,27,,heat-steam-thermodynamics,열·증기·열역학 기초,boiler-operation-basics,heat-steam-thermodynamics,열·증기·열역학 기초,boiler-operation-basics,automatic,18,automatic-control-interlocks,0,high,false,,본문:증기 상태,과열증기에서 과열도는 무엇인가?
20120722_028,2012-07-22,28,,boiler-types-construction,보일러 형식·구조·재료,boiler-operation-basics,boiler-types-construction,보일러 형식·구조·재료,boiler-operation-basics,automatic,38,automatic-control-interlocks,0,high,false,,본문:보일러 형식 | 선택지:형식 고유명 | 본문:보일러 구조,수관식 보일러 중에서 기수드럼 2~3개와 수드럼 1~2개를 갖는 것으로 관의 양단을 구부려서 각 드럼에 수직으로 결합하는 구조로 되어 있는 보일러는?
20120722_029,2012-07-22,29,,auxiliary-feedwater-equipment,급수·부대설비,boiler-auxiliary-equipment,auxiliary-feedwater-equipment,급수·부대설비,boiler-auxiliary-equipment,automatic,22,water-treatment-corrosion,16,high,false,water-treatment-corrosion:16,본문:절탄기,절탄기(economizer) 및 공기 예열기에서 유황(S) 성분에 의해 주로 발생되는 부식은?
20120722_030,2012-07-22,30,,heating-systems,증기·온수·복사난방,boiler-piping-insulation,heating-systems,증기·온수·복사난방,boiler-piping-insulation,automatic,29,steam-traps-condensate,17,high,false,steam-traps-condensate:17,본문:난방 방식 | 선택지:방열기 | 본문:난방 배관,증기난방 배관 시공에 관한 설명으로 틀린 것은?
20120722_031,2012-07-22,31,,piping-fittings-valves,배관·이음쇠·밸브,boiler-piping-insulation,piping-fittings-valves,배관·이음쇠·밸브,boiler-piping-insulation,automatic,21,operation-maintenance-preservation,12,high,false,operation-maintenance-preservation:12,선택지:배관 | 본문:밸브 일반,보일러 송기 시 주증기 밸브 작동요령 설명으로 잘못된 것은?
20120722_032,2012-07-22,32,,insulation-materials,보온·단열재,boiler-piping-insulation,insulation-materials,보온·단열재,boiler-piping-insulation,automatic,43,burners-furnaces-atomization,8,high,false,,본문:보온재 | 본문:단열 | 선택지:보온재 종류,"다른 보온재에 비하여 단열 효과가 낮으며 500℃ 이하의 파이프, 탱크, 노벽 등에 사용하는 것은?"
20120722_033,2012-07-22,33,,water-treatment-corrosion,수질관리·스케일·부식,boiler-water-treatment,water-treatment-corrosion,수질관리·스케일·부식,boiler-water-treatment,automatic,18,automatic-control-interlocks,0,high,false,,본문:세관·세정,"신설 보일러의 설치 제작 시 부착된 페인트, 유지, 녹 등을 제거하기 위해 소다보링(Soda Boiling) 할 때 주입하는 약액 조성에 포함되지 않는 것은?"
20120722_034,2012-07-22,34,,piping-fittings-valves,배관·이음쇠·밸브,boiler-piping-insulation,piping-fittings-valves,배관·이음쇠·밸브,boiler-piping-insulation,automatic,30,heating-systems,26,high,false,heating-systems:26,본문:배관 | 선택지:이음쇠 | 본문:신축·지지,"회전이음, 지블이음 이라고도 하며, 주로 증기 및 온수난방용 배관에 설치하는 신축이음 방식은?"
20120722_035,2012-07-22,35,,heating-systems,증기·온수·복사난방,boiler-piping-insulation,heating-systems,증기·온수·복사난방,boiler-piping-insulation,automatic,21,heating-load-radiators,10,high,false,,본문:난방 방식 | 선택지:방열기,증기난방을 고압증기난방과 저압증기난방으로 구분할 때 저압증기난방의 특징에 해당하지 않는 것은?
20120722_036,2012-07-22,36,,insulation-materials,보온·단열재,boiler-piping-insulation,insulation-materials,보온·단열재,boiler-piping-insulation,automatic,27,automatic-control-interlocks,0,high,false,,본문:보온재 | 선택지:보온재 종류,다음 중 무기질 보온재에 속하는 것은?
20120722_037,2012-07-22,37,,insulation-materials,보온·단열재,boiler-piping-insulation,insulation-materials,보온·단열재,boiler-piping-insulation,automatic,20,automatic-control-interlocks,0,high,false,,본문:글라스울,글라스울 보온통의 안전사용(최고)온도는?
20120722_038,2012-07-22,38,,boiler-types-construction,보일러 형식·구조·재료,boiler-operation-basics,boiler-types-construction,보일러 형식·구조·재료,boiler-operation-basics,automatic,12,piping-fittings-valves,10,medium,false,piping-fittings-valves:10,본문:재료·제작,관속에 흐르는 유체의 화학적 성질에 따라 배관재료 선택 시 고려해야 할 사항으로 가장 관계가 먼 것은?
20120722_039,2012-07-22,39,,heating-systems,증기·온수·복사난방,boiler-piping-insulation,heating-systems,증기·온수·복사난방,boiler-piping-insulation,automatic,18,automatic-control-interlocks,0,high,false,,본문:난방 방식,온수난방에는 고온수 난방과 저온수 난방으로 분류한다. 저온수 난방의 일반적인 온수온도는 몇 ℃ 정도를 많이 사용하는 가?
20120722_040,2012-07-22,40,,piping-fittings-valves,배관·이음쇠·밸브,boiler-piping-insulation,piping-fittings-valves,배관·이음쇠·밸브,boiler-piping-insulation,automatic,16,operation-maintenance-preservation,4,high,false,,선택지:이음쇠 | 선택지:배관 공구·작업,동관의 이음 방법 중 압축이음에 대한 설명으로 틀린 것은?
20120722_041,2012-07-22,41,,boiler-types-construction,보일러 형식·구조·재료,boiler-operation-basics,boiler-types-construction,보일러 형식·구조·재료,boiler-operation-basics,automatic,16,automatic-control-interlocks,0,high,false,,본문:수압시험 | 본문:최고사용압력,강철제 증기보일러의 최고사용압력이 4kgf/cm2이면 수압시험압력은 몇 kgf/cm2로 하는가?
20120722_042,2012-07-22,42,,instruments-accessories,계측·부속장치,boiler-accessory-equipment,instruments-accessories,계측·부속장치,boiler-accessory-equipment,automatic,15,auxiliary-feedwater-equipment,13,medium,false,auxiliary-feedwater-equipment:13 | operation-maintenance-preservation:13,선택지:압력·온도·유량계 | 선택지:부속장치,신설 보일러의 사용 전 점검사항으로 틀린 것은?
20120722_043,2012-07-22,43,,efficiency-output-heat-balance,효율·증발량·열정산,boiler-efficiency-heat-balance,efficiency-output-heat-balance,효율·증발량·열정산,boiler-efficiency-heat-balance,automatic,29,boiler-types-construction,6,high,false,,선택지:증발량 | 본문:보일러 용량 계산,보일러의 용량을 나타내는 것으로 부적합한 것은?
20120722_044,2012-07-22,44,,heating-systems,증기·온수·복사난방,boiler-piping-insulation,heating-systems,증기·온수·복사난방,boiler-piping-insulation,automatic,35,heating-load-radiators,19,high,false,,본문:난방 방식 | 본문:환수 방식 | 선택지:방열기,진공환수식 증기난방에 대한 설명으로 틀린 것은?
20120722_045,2012-07-22,45,,safety-devices,안전장치·연소안전,boiler-protection-devices,safety-devices,안전장치·연소안전,boiler-protection-devices,automatic,28,energy-laws-inspection,26,medium,false,energy-laws-inspection:26,본문:안전밸브·방출밸브 | 선택지:안전밸브 계산·규격,열사용기자재 검사기준에 따라 안전밸브 및 압력방출장치의 규격 기준에 관한 설명으로 옳지 않은 것은?
20120722_046,2012-07-22,46,,heating-systems,증기·온수·복사난방,boiler-piping-insulation,heating-systems,증기·온수·복사난방,boiler-piping-insulation,automatic,21,piping-fittings-valves,5,high,false,,본문:난방 방식 | 선택지:방열기,다음 중 복사난방의 일반적인 특징이 아닌 것은?
20120722_047,2012-07-22,47,,piping-fittings-valves,배관·이음쇠·밸브,boiler-piping-insulation,piping-fittings-valves,배관·이음쇠·밸브,boiler-piping-insulation,automatic,6,automatic-control-interlocks,0,medium,false,,선택지:신축·지지,"빔에 턴버클을 연결하여 파이프를 아래 부분을 받쳐 달아 올린 것이며, 수직방향에 변위가 없는 곳에 사용하는 것은?"
20120722_048,2012-07-22,48,,piping-fittings-valves,배관·이음쇠·밸브,boiler-piping-insulation,piping-fittings-valves,배관·이음쇠·밸브,boiler-piping-insulation,automatic,10,automatic-control-interlocks,0,high,false,,본문:배관,배관의 높이를 표시할 때 포장된 지표면을 기준으로 하여 배관 장치의 높이를 표시하는 경우 기입하는 기호는?
20120722_049,2012-07-22,49,,operation-maintenance-preservation,기동·운전·정지·보존,boiler-operation-maintenance,operation-maintenance-preservation,기동·운전·정지·보존,boiler-operation-maintenance,automatic,27,burners-furnaces-atomization,8,high,false,,선택지:기동·점화 | 본문:수동점화,기름연소 보일러의 수동점화 시 5초 이내에 점화되지 않으면 어떻게 해야 하는가?
20120722_050,2012-07-22,50,,water-treatment-corrosion,수질관리·스케일·부식,boiler-water-treatment,water-treatment-corrosion,수질관리·스케일·부식,boiler-water-treatment,automatic,20,automatic-control-interlocks,0,high,false,,본문:수처리,보일러 수처리에서 순환계통외 처리에 관한 설명으로 틀린 것은?
20120722_051,2012-07-22,51,,efficiency-output-heat-balance,효율·증발량·열정산,boiler-efficiency-heat-balance,efficiency-output-heat-balance,효율·증발량·열정산,boiler-efficiency-heat-balance,automatic,32,fuel-properties,12,high,false,,본문:보일러 효율 | 본문:출력·부하율,"보일러의 정격출력이 7500kcal/h, 보일러 효율이 85%, 연료의 저위발열량이 9500kcal/kg인 경우, 시간당 연료소모량은 약 얼마인가?"
20120722_052,2012-07-22,52,jpg 확필,energy-laws-inspection,에너지 관계법규·검사,energy-laws-and-inspection,energy-laws-inspection,에너지 관계법규·검사,energy-laws-and-inspection,pdf-reviewed,30,automatic-control-interlocks,0,high,false,,본문:검사 행정 | 본문:가열로 기준,철금속가열로 설치검사 기준에서 다음 괄호 안에 들어갈 항목으로 옳은 것은?
20120722_053,2012-07-22,53,,instruments-accessories,계측·부속장치,boiler-accessory-equipment,instruments-accessories,계측·부속장치,boiler-accessory-equipment,automatic,19,water-treatment-corrosion,10,high,false,,선택지:수면계 | 선택지:분출장치,보일러 과열의 요인 중 하나인 저수위의 발생 원인으로 거리가 먼 것은?
20120722_054,2012-07-22,54,,fuel-properties,연료 특성·발열량,boiler-installation-combustion,fuel-properties,연료 특성·발열량,boiler-installation-combustion,automatic,14,burners-furnaces-atomization,8,high,false,burners-furnaces-atomization:8 | failures-accidents-safety:8,본문:유류·중유,중유예열기(Oil preheater)를 사용 시 가열온도가 낮을 경우 발생하는 현상이 아닌 것은?
20120722_055,2012-07-22,55,,energy-laws-inspection,에너지 관계법규·검사,energy-laws-and-inspection,energy-laws-inspection,에너지 관계법규·검사,energy-laws-and-inspection,automatic,32,automatic-control-interlocks,0,high,false,,본문:에너지이용합리화법 | 본문:효율관리,에너지이용합리화법에 따라 고효율 에너지 인증대상 기자재에 포함하지 않는 것은?
20120722_056,2012-07-22,56,,energy-laws-inspection,에너지 관계법규·검사,energy-laws-and-inspection,energy-laws-inspection,에너지 관계법규·검사,energy-laws-and-inspection,automatic,20,automatic-control-interlocks,0,high,false,,본문:열사용기자재 | 선택지:검사 행정,열사용기자재관리규칙상 검사대상기기의 검사 종류 중 유효기간이 없는 것은?
20120722_057,2012-07-22,57,,energy-laws-inspection,에너지 관계법규·검사,energy-laws-and-inspection,energy-laws-inspection,에너지 관계법규·검사,energy-laws-and-inspection,automatic,18,automatic-control-interlocks,0,high,false,,본문:에너지법,에너지법에서 정의한 에너지가 아닌 것은?
20120722_058,2012-07-22,58,,energy-laws-inspection,에너지 관계법규·검사,energy-laws-and-inspection,energy-laws-inspection,에너지 관계법규·검사,energy-laws-and-inspection,automatic,36,automatic-control-interlocks,0,high,false,,본문:신재생에너지 | 본문:신재생에너지 표기 변형,신에너지 및 재생에너지 개발·이용·보급 촉진법에서 규정하는 신·재생에너지 설비 중 “지열에너지 설비”의 설명으로 옳은 것은?
20120722_059,2012-07-22,59,,energy-laws-inspection,에너지 관계법규·검사,energy-laws-and-inspection,energy-laws-inspection,에너지 관계법규·검사,energy-laws-and-inspection,automatic,42,draft-flue-gas,7,high,false,,본문:에너지이용합리화법 | 본문:법령·행정 | 본문:에너지사용·진단,에너지이용 합리화법에 따라 에너지다소비업자가 지식경제부령으로 정하는 바에 따라 매년 1월 31일까지 시·도지사에게 신고해야 하는 사항과 관련이 없는 것은?
20120722_060,2012-07-22,60,,energy-laws-inspection,에너지 관계법규·검사,energy-laws-and-inspection,energy-laws-inspection,에너지 관계법규·검사,energy-laws-and-inspection,automatic,24,automatic-control-interlocks,0,high,false,,본문:저탄소·녹색성장 | 선택지:법령·행정,"저탄소 녹색성장 기본법에 따라 온실가스 감축 목표의 설정, 관리 및 필요한 조치에 관하여 총괄·조정 기능은 누가 수행하는가?"
20121020_001,2012-10-20,1,,automatic-control-interlocks,자동제어·인터록,boiler-control-systems,automatic-control-interlocks,자동제어·인터록,boiler-control-systems,automatic,52,burners-furnaces-atomization,4,high,false,,본문:자동제어 | 본문:수위·압력 제어 | 본문:급수 3요소 제어,보일러 자동제어에서 3요소식 수위제어의 3가지 검출요소와 무관한 것은?
20121020_002,2012-10-20,2,,piping-fittings-valves,배관·이음쇠·밸브,boiler-piping-insulation,piping-fittings-valves,배관·이음쇠·밸브,boiler-piping-insulation,automatic,13,safety-devices,9,high,false,safety-devices:9 | instruments-accessories:8,선택지:배관 | 선택지:밸브 일반,다음 부품 중 전후에 바이패스를 설치해서는 안 되는 부품은?
20121020_003,2012-10-20,3,,automatic-control-interlocks,자동제어·인터록,boiler-control-systems,automatic-control-interlocks,자동제어·인터록,boiler-control-systems,automatic,20,auxiliary-feedwater-equipment,0,high,false,,본문:피드백·목표값,피드백 제어를 가장 옳게 설명한 것은?
20121020_004,2012-10-20,4,,combustion-air-calculation,연소·공기비·배기가스 계산,boiler-installation-combustion,combustion-air-calculation,연소·공기비·배기가스 계산,boiler-installation-combustion,automatic,24,automatic-control-interlocks,0,high,false,,본문:연소 계산 | 본문:연소,"메탄(CH4) 1Nm3 연소에 소요되는 이론공기량이 9.52Nm3이고, 실제공기량이 11.43Nm3 일 때 공기비(m)는 얼마인가?"
20121020_005,2012-10-20,5,,environmental-pollution-control,집진·환경설비,boiler-accessory-equipment,environmental-pollution-control,집진·환경설비,boiler-accessory-equipment,automatic,38,piping-fittings-valves,5,high,false,,본문:집진장치 | 본문:집진 방식,세정식 집진장치 중 하나인 회전식 집진장치의 특징에 관한 설명으로 틀린 것은?
20121020_006,2012-10-20,6,,instruments-accessories,계측·부속장치,boiler-accessory-equipment,instruments-accessories,계측·부속장치,boiler-accessory-equipment,pdf-reviewed,23,auxiliary-feedwater-equipment,22,low,false,auxiliary-feedwater-equipment:22,본문:부속장치 | 선택지:수트블로워,보일러 부속장치에 대한 설명 중 잘못된 것은?
20121020_007,2012-10-20,7,,safety-devices,안전장치·연소안전,boiler-protection-devices,safety-devices,안전장치·연소안전,boiler-protection-devices,automatic,18,instruments-accessories,10,high,false,instruments-accessories:10,본문:안전장치,저수위 등에 따른 이상온도의 상승으로 보일러가 과열되었을 때 작동하는 안전장치는?
20121020_008,2012-10-20,8,,fuel-properties,연료 특성·발열량,boiler-installation-combustion,fuel-properties,연료 특성·발열량,boiler-installation-combustion,automatic,16,automatic-control-interlocks,0,high,false,,본문:연료 종류,"보일러용 연료 중에서 고체연료의 일반적인 주성분은? (단, 중량%를 기준으로 한 주성분을 구한다.)"
20121020_009,2012-10-20,9,,combustion-air-calculation,연소·공기비·배기가스 계산,boiler-installation-combustion,combustion-air-calculation,연소·공기비·배기가스 계산,boiler-installation-combustion,automatic,6,automatic-control-interlocks,0,medium,false,,본문:연소,연소의 3대 조건이 아닌 것은?
20121020_010,2012-10-20,10,,boiler-types-construction,보일러 형식·구조·재료,boiler-operation-basics,boiler-types-construction,보일러 형식·구조·재료,boiler-operation-basics,automatic,30,automatic-control-interlocks,0,high,false,,본문:보일러 형식 | 본문:재료·제작,주철제 보일러인 섹셔널 보일러의 일반적인 조합 방법이 아닌 것은?
20121020_011,2012-10-20,11,,safety-devices,안전장치·연소안전,boiler-protection-devices,safety-devices,안전장치·연소안전,boiler-protection-devices,automatic,18,automatic-control-interlocks,0,high,false,,본문:온도제한기,전기식 온수온도제한기의 구성 요소에 속하지 않는 것은?
20121020_012,2012-10-20,12,,draft-flue-gas,통풍·연도·굴뚝,boiler-installation-combustion,draft-flue-gas,통풍·연도·굴뚝,boiler-installation-combustion,automatic,33,heat-steam-thermodynamics,7,high,false,,본문:통풍 | 선택지:송풍기 | 선택지:연도·굴뚝,보일러 통풍에 대한 설명으로 틀린 것은?
20121020_013,2012-10-20,13,,efficiency-output-heat-balance,효율·증발량·열정산,boiler-efficiency-heat-balance,efficiency-output-heat-balance,효율·증발량·열정산,boiler-efficiency-heat-balance,automatic,20,fuel-properties,6,high,false,,본문:열정산,KS에서 규정하는 육상용 보일러의 열정산 조건과 관련된 설명으로 틀린 것은?
20121020_014,2012-10-20,14,,burners-furnaces-atomization,버너·화격자·연소장치,boiler-installation-combustion,burners-furnaces-atomization,버너·화격자·연소장치,boiler-installation-combustion,automatic,40,fuel-properties,30,high,false,fuel-properties:30,본문:버너 | 본문:노즐 | 본문:연소실·노,기체연료의 연소방식 중 버너의 연료노즐에서는 연료만을 분출하고 그 주위에서 공기를 별도로 연소실로 분출하여 연료가스와 공기가 혼합하면서 연소하는 방식으로 산업용 보일러의 대부분이 사용하는 방식은?
20121020_015,2012-10-20,15,,piping-fittings-valves,배관·이음쇠·밸브,boiler-piping-insulation,piping-fittings-valves,배관·이음쇠·밸브,boiler-piping-insulation,automatic,18,safety-devices,9,high,false,,본문:배관 | 선택지:밸브 일반,고압과 저압 배관사이에 부착하여 고압 측의 압력변화 및 증기 소비량 변화에 관계없이 저압 측의 압력을 일정하게 유지시켜 주는 밸브는?
20121020_016,2012-10-20,16,,water-treatment-corrosion,수질관리·스케일·부식,boiler-water-treatment,water-treatment-corrosion,수질관리·스케일·부식,boiler-water-treatment,automatic,45,fuel-properties,5,high,false,,본문:수처리 | 선택지:스케일 | 선택지:캐리오버 | 선택지:부식,보일러 급수처리의 목적으로 거리가 먼 것은?
20121020_017,2012-10-20,17,,boiler-types-construction,보일러 형식·구조·재료,boiler-operation-basics,boiler-types-construction,보일러 형식·구조·재료,boiler-operation-basics,automatic,26,automatic-control-interlocks,0,high,false,,선택지:형식 고유명 | 본문:보일러 분류,보일러의 분류 중 원통형 보일러에 속하지 않는 것은?
20121020_018,2012-10-20,18,,fuel-properties,연료 특성·발열량,boiler-installation-combustion,fuel-properties,연료 특성·발열량,boiler-installation-combustion,automatic,14,automatic-control-interlocks,0,high,false,,본문:유류·중유,보일러에서 C중유를 사용할 경우 중유예열장치로 예열할 때 적정 예열 범위는?
20121020_019,2012-10-20,19,,heat-steam-thermodynamics,열·증기·열역학 기초,boiler-operation-basics,heat-steam-thermodynamics,열·증기·열역학 기초,boiler-operation-basics,automatic,14,automatic-control-interlocks,0,high,false,,본문:비열·열량,"어떤 액체 1200kg 을 30℃에서 100℃까지 온도를 상승시키는데 필요한 열량은 몇 kcal 인가? (단, 이 액체의 비열은 3kcal/kg·℃이다.)"
20121020_020,2012-10-20,20,,fuel-properties,연료 특성·발열량,boiler-installation-combustion,fuel-properties,연료 특성·발열량,boiler-installation-combustion,automatic,26,heat-steam-thermodynamics,18,high,false,heat-steam-thermodynamics:18,본문:가스 연료 | 본문:발열량,"매시간 1000kg의 LPG를 연소시켜 15000kg/h의 증기를 발생하는 보일러의 효율(%)은 약 얼마인가? (단, LPG의 총발열량은 12980kcal/kg, 발생증기엔탈피는 750kcal/kg, 급수엔탈피는 18kcal/kg 이다.)"
20121020_021,2012-10-20,21,,water-treatment-corrosion,수질관리·스케일·부식,boiler-water-treatment,water-treatment-corrosion,수질관리·스케일·부식,boiler-water-treatment,automatic,16,automatic-control-interlocks,0,high,false,,본문:부식,보일러에서 발생하는 부식을 크게 습식과 건식으로 구분할 때 다음 중 건식에 속하는 것은?
20121020_022,2012-10-20,22,,failures-accidents-safety,고장·사고·작업안전,boiler-work-safety,operation-maintenance-preservation,기동·운전·정지·보존,boiler-operation-maintenance,pdf-reviewed,14,operation-maintenance-preservation,14,low,true,operation-maintenance-preservation:14 | burners-furnaces-atomization:12,선택지:연소 이상 | 선택지:연소 불안정,보일러의 점화조작 시 주의사항에 대한 설명으로 잘못된 것은?
20121020_023,2012-10-20,23,,operation-maintenance-preservation,기동·운전·정지·보존,boiler-operation-maintenance,operation-maintenance-preservation,기동·운전·정지·보존,boiler-operation-maintenance,pdf-reviewed,8,heat-steam-thermodynamics,7,low,false,heat-steam-thermodynamics:7,본문:점검·정비,보일러 작업종료시의 주요점검 사항으로 틀린 것은?
20121020_024,2012-10-20,24,,water-treatment-corrosion,수질관리·스케일·부식,boiler-water-treatment,water-treatment-corrosion,수질관리·스케일·부식,boiler-water-treatment,automatic,20,automatic-control-interlocks,0,high,false,,본문:외처리,보일러 급수 중의 현탁질 고형물을 제거하기 위한 외처리 방법이 아닌 것은?
20121020_025,2012-10-20,25,,heating-systems,증기·온수·복사난방,boiler-piping-insulation,heating-systems,증기·온수·복사난방,boiler-piping-insulation,automatic,14,automatic-control-interlocks,0,high,false,,본문:팽창탱크,"보일러설치기술규격(KBI)에 따라 열매체유 팽창탱크의 공간부에는 열매체의 노화를 방지하기 위해 N2가스를 봉입하는데 이 가스의 압력이 너무 높게 되지 않도록 설정하는 팽창탱크의 최소체적(VT)을 구하는 식으로 옳은 것은? (단, VE는 승온 시 시스템 내의 열매체유 팽창량(L)이고, VM은 상온 시 탱크내 열매체유 보유량(L)이다.)"
20121020_026,2012-10-20,26,,boiler-types-construction,보일러 형식·구조·재료,boiler-operation-basics,boiler-types-construction,보일러 형식·구조·재료,boiler-operation-basics,automatic,30,efficiency-output-heat-balance,10,high,false,,본문:보일러 형식 | 본문:보일러 구조,수관식 보일러의 일반적인 특징이 아닌 것은?
20121020_027,2012-10-20,27,,safety-devices,안전장치·연소안전,boiler-protection-devices,safety-devices,안전장치·연소안전,boiler-protection-devices,automatic,38,burners-furnaces-atomization,10,high,false,,본문:저수위 보호 | 본문:연료차단 보호,다음 중 자동연료차단장치가 작동하는 경우로 거리가 먼 것은?
20121020_028,2012-10-20,28,,heat-steam-thermodynamics,열·증기·열역학 기초,boiler-operation-basics,heat-steam-thermodynamics,열·증기·열역학 기초,boiler-operation-basics,automatic,14,automatic-control-interlocks,0,high,false,,본문:압력·온도 기초,"섭씨온도(℃), 화씨온도(°F), 캘빈온도(K), 랭킨온도(°R)와의 관계식으로 옳은 것은?"
20121020_029,2012-10-20,29,,efficiency-output-heat-balance,효율·증발량·열정산,boiler-efficiency-heat-balance,efficiency-output-heat-balance,효율·증발량·열정산,boiler-efficiency-heat-balance,automatic,11,heat-steam-thermodynamics,9,medium,false,heat-steam-thermodynamics:9,선택지:증발량,환산 증발 배수에 관한 설명으로 가장 적합한 것은?
20121020_030,2012-10-20,30,,fuel-properties,연료 특성·발열량,boiler-installation-combustion,fuel-properties,연료 특성·발열량,boiler-installation-combustion,automatic,14,automatic-control-interlocks,0,high,false,,본문:유류·중유,유류 보일러 시스템에서 중유를 사용할 때 흡입측의 여과망 눈 크기로 적합한 것은?
20121020_031,2012-10-20,31,,boiler-types-construction,보일러 형식·구조·재료,boiler-operation-basics,boiler-types-construction,보일러 형식·구조·재료,boiler-operation-basics,automatic,6,operation-maintenance-preservation,4,medium,false,,선택지:보일러 구조,원통형 보일러의 일반적인 특징 설명으로 틀린 것은?
20121020_032,2012-10-20,32,,auxiliary-feedwater-equipment,급수·부대설비,boiler-auxiliary-equipment,auxiliary-feedwater-equipment,급수·부대설비,boiler-auxiliary-equipment,automatic,18,burners-furnaces-atomization,4,high,false,,본문:과열·재열,다음 중 과열기에 관한 설명으로 틀린 것은?
20121020_033,2012-10-20,33,,heat-steam-thermodynamics,열·증기·열역학 기초,boiler-operation-basics,heat-steam-thermodynamics,열·증기·열역학 기초,boiler-operation-basics,automatic,46,automatic-control-interlocks,0,high,false,,본문:엔탈피·잠열 | 본문:비열·열량 | 본문:압력·온도 기초,"표준대기압 상태에서 0℃ 물 1kg이 100℃ 증기로 만드는데 필요한 열량은 몇 kcal 인가? (단, 물의 비열은 1kcal/kg·℃ 이고, 증발잠열은 539kcal/kg 이다.)"
20121020_034,2012-10-20,34,,efficiency-output-heat-balance,효율·증발량·열정산,boiler-efficiency-heat-balance,efficiency-output-heat-balance,효율·증발량·열정산,boiler-efficiency-heat-balance,automatic,34,automatic-control-interlocks,0,high,false,,본문:용량 환산 | 본문:보일러 용량 계산,다음 중 KS에서 규정하는 온수 보일러의 용량 단위는?
20121020_035,2012-10-20,35,,energy-laws-inspection,에너지 관계법규·검사,energy-laws-and-inspection,energy-laws-inspection,에너지 관계법규·검사,energy-laws-and-inspection,automatic,26,safety-devices,18,high,false,safety-devices:18,본문:열사용기자재 | 본문:검사 행정,열사용기자재 검사기준에 따라 온수발생 보일러에 안전밸브를 설치해야 되는 경우는 온수온도 몇 ℃ 이상인 경우인가?
20121020_036,2012-10-20,36,,heating-systems,증기·온수·복사난방,boiler-piping-insulation,heating-systems,증기·온수·복사난방,boiler-piping-insulation,automatic,29,efficiency-output-heat-balance,20,high,false,efficiency-output-heat-balance:20,선택지:난방 방식 | 본문:지역·급탕 난방 | 선택지:난방 배관,지역난방의 일반적인 장점으로 거리가 먼 것은?
20121020_037,2012-10-20,37,,insulation-materials,보온·단열재,boiler-piping-insulation,insulation-materials,보온·단열재,boiler-piping-insulation,automatic,27,automatic-control-interlocks,0,high,false,,본문:보온재 | 선택지:보온재 종류,다음 보온재 중 유기질 보온재에 속하는 것은?
20121020_038,2012-10-20,38,,instruments-accessories,계측·부속장치,boiler-accessory-equipment,instruments-accessories,계측·부속장치,boiler-accessory-equipment,automatic,19,failures-accidents-safety,12,high,false,failures-accidents-safety:12,선택지:수면계 | 선택지:분출장치,수면측정장치 취급상의 주의사항에 대한 설명으로 틀린 것은?
20121020_039,2012-10-20,39,,water-treatment-corrosion,수질관리·스케일·부식,boiler-water-treatment,water-treatment-corrosion,수질관리·스케일·부식,boiler-water-treatment,automatic,8,automatic-control-interlocks,0,medium,false,,선택지:부식,보일러 수리시의 안전사항으로 틀린 것은?
20121020_040,2012-10-20,40,,piping-fittings-valves,배관·이음쇠·밸브,boiler-piping-insulation,piping-fittings-valves,배관·이음쇠·밸브,boiler-piping-insulation,automatic,37,boiler-types-construction,6,high,false,,선택지:배관 | 본문:이음쇠 | 본문:배관 가공,관이음쇠로 사용되는 홈 조인트(groove joint)의 장점에 관한 설명으로 틀린 것은?
20121020_041,2012-10-20,41,,heating-load-radiators,난방부하·방열기 계산,boiler-installation-combustion,heating-load-radiators,난방부하·방열기 계산,boiler-installation-combustion,automatic,56,heating-systems,24,high,false,,본문:난방부하 | 본문:방열기 계산 | 본문:난방 계산,"어떤 건물의 소요 난방부하가 54600kcal/h이다. 주철제 방열기로 증기난방을 한다면 약 몇 쪽(section)의 방열기를 설치해야 하는가? (단, 표준방열량으로 계산하며, 주철제 방열기의 쪽당 방열면적은 0.24m2이다.)"
20121020_042,2012-10-20,42,jpg 확필,piping-fittings-valves,배관·이음쇠·밸브,boiler-piping-insulation,piping-fittings-valves,배관·이음쇠·밸브,boiler-piping-insulation,pdf-reviewed,16,automatic-control-interlocks,0,high,false,,본문:이음쇠,관의 결합방식 표시방법 중 유니언식의 그림기호로 맞는 것은?
20121020_043,2012-10-20,43,,heating-systems,증기·온수·복사난방,boiler-piping-insulation,heating-systems,증기·온수·복사난방,boiler-piping-insulation,automatic,14,efficiency-output-heat-balance,10,high,false,efficiency-output-heat-balance:10,본문:팽창탱크,보일러에서 팽창탱크의 설치 목적에 대한 설명으로 틀린 것은?
20121020_044,2012-10-20,44,,energy-laws-inspection,에너지 관계법규·검사,energy-laws-and-inspection,energy-laws-inspection,에너지 관계법규·검사,energy-laws-and-inspection,automatic,26,piping-fittings-valves,16,high,false,piping-fittings-valves:16,본문:열사용기자재 | 본문:검사 행정,열사용기자재 검사기준에 따라 전열면적 12㎡인 보일러의 급수밸브의 크기는 호칭 몇 A 이상이어야 하는가?
20121020_045,2012-10-20,45,,insulation-materials,보온·단열재,boiler-piping-insulation,insulation-materials,보온·단열재,boiler-piping-insulation,automatic,37,automatic-control-interlocks,0,high,false,,본문:보온재 | 선택지:보온재 종류 | 선택지:글라스울,다음 보온재 중 안전사용 (최고)온도가 가장 낮은 것은?
20121020_046,2012-10-20,46,,boiler-types-construction,보일러 형식·구조·재료,boiler-operation-basics,boiler-types-construction,보일러 형식·구조·재료,boiler-operation-basics,automatic,12,piping-fittings-valves,10,medium,false,piping-fittings-valves:10,본문:재료·제작,배관의 나사이음과 비교하여 용접이음의 장점이 아닌 것은?
20121020_047,2012-10-20,47,,piping-fittings-valves,배관·이음쇠·밸브,boiler-piping-insulation,piping-fittings-valves,배관·이음쇠·밸브,boiler-piping-insulation,automatic,18,heating-systems,8,high,false,,본문:배관 | 선택지:밸브 일반,파이프 축에 대해서 직각 방향으로 개폐되는 밸브로 유체의 흐름에 따른 마찰저항 손실이 적으며 난방 배관 등에 주로 이용되나 절반만 개폐하면 디스크 뒷면에 와류가 발생되어 유량 조절용으로는 부적합한 밸브는?
20121020_048,2012-10-20,48,,draft-flue-gas,통풍·연도·굴뚝,boiler-installation-combustion,draft-flue-gas,통풍·연도·굴뚝,boiler-installation-combustion,automatic,7,automatic-control-interlocks,0,medium,false,,선택지:연도·굴뚝,가동 중인 보일러를 정지시킬 때 일반적으로 가장 먼저 조치해야 할 사항은?
20121020_049,2012-10-20,49,,instruments-accessories,계측·부속장치,boiler-accessory-equipment,instruments-accessories,계측·부속장치,boiler-accessory-equipment,automatic,20,operation-maintenance-preservation,8,high,false,,본문:수면계,증기 보일러에서 수면계의 점검시기로 적절하지 않은 것은?
20121020_050,2012-10-20,50,,water-treatment-corrosion,수질관리·스케일·부식,boiler-water-treatment,water-treatment-corrosion,수질관리·스케일·부식,boiler-water-treatment,automatic,34,automatic-control-interlocks,0,high,false,,본문:스케일 | 본문:부식,"보일러 내처리로 사용되는 약제 중 가성취화 방지, 탈산소, 슬러지 조정 등의 작용을 하는 것은?"
20121020_051,2012-10-20,51,,piping-fittings-valves,배관·이음쇠·밸브,boiler-piping-insulation,piping-fittings-valves,배관·이음쇠·밸브,boiler-piping-insulation,automatic,8,automatic-control-interlocks,0,medium,false,,선택지:이음쇠,다음 중 동관 이음의 종류에 해당하지 않는 것은?
20121020_052,2012-10-20,52,jpg 확필,efficiency-output-heat-balance,효율·증발량·열정산,boiler-efficiency-heat-balance,efficiency-output-heat-balance,효율·증발량·열정산,boiler-efficiency-heat-balance,pdf-reviewed,12,heating-load-radiators,10,medium,false,heating-load-radiators:10,본문:출력·부하율,부하에 대한 보일러의 “정격출력”을 올바르게 표시한 것은?
20121020_053,2012-10-20,53,,insulation-materials,보온·단열재,boiler-piping-insulation,insulation-materials,보온·단열재,boiler-piping-insulation,automatic,28,automatic-control-interlocks,0,high,false,,본문:보온재 | 선택지:단열,다음 중 보온재의 일반적인 구비 요건으로 틀린 것은?
20121020_054,2012-10-20,54,,draft-flue-gas,통풍·연도·굴뚝,boiler-installation-combustion,draft-flue-gas,통풍·연도·굴뚝,boiler-installation-combustion,automatic,24,operation-maintenance-preservation,22,medium,false,operation-maintenance-preservation:22,선택지:통풍 | 선택지:송풍기 | 선택지:연도·굴뚝,상용보일러의 점화 전 연소계통의 점검에 관한 설명으로 틀린 것은?
20121020_055,2012-10-20,55,,energy-laws-inspection,에너지 관계법규·검사,energy-laws-and-inspection,energy-laws-inspection,에너지 관계법규·검사,energy-laws-and-inspection,automatic,20,automatic-control-interlocks,0,high,false,,본문:에너지이용합리화법,에너지이용합리화법에 따라 연료·열 및 전력의 연간 사용량의 합계가 몇 티오이 이상인 자를 “에너지 다소비사업자”라 하는가?
20121020_056,2012-10-20,56,,energy-laws-inspection,에너지 관계법규·검사,energy-laws-and-inspection,energy-laws-inspection,에너지 관계법규·검사,energy-laws-and-inspection,automatic,32,efficiency-output-heat-balance,10,high,false,,본문:에너지이용합리화법 | 본문:효율관리,에너지이용합리화법에 따라 효율관리기자재 중 하나인 가정용 가스보일러의 제조업자 또는 수입업자는 소비효율 또는 소비효율등급을 라벨에 표시하여 나타내야 하는데 이때 표시해야 하는 항목에 해당하지 않는 것은?
20121020_057,2012-10-20,57,,energy-laws-inspection,에너지 관계법규·검사,energy-laws-and-inspection,energy-laws-inspection,에너지 관계법규·검사,energy-laws-and-inspection,automatic,42,automatic-control-interlocks,0,high,false,,본문:신재생에너지 | 본문:신재생에너지 표기 변형 | 선택지:법령·행정,신에너지 및 재생에너지 개발·이용·보급 촉진법에 따라 신·재생에너지의 기술개발 및 이용보급을 촉진하기 위한 기본계획은 누가 수립 하는가?(관련 규정 개정전 문제로 여기서는 기존 정답인 4번을 누르면 정답 처리됩니다. 자세한 내용은 해설을 참고하세요.)
20121020_058,2012-10-20,58,,energy-laws-inspection,에너지 관계법규·검사,energy-laws-and-inspection,energy-laws-inspection,에너지 관계법규·검사,energy-laws-and-inspection,automatic,18,automatic-control-interlocks,0,high,false,,본문:에너지법,에너지법에서 정의하는 “에너지 사용자”의 의미로 가장 옳은 것은?
20121020_059,2012-10-20,59,,energy-laws-inspection,에너지 관계법규·검사,energy-laws-and-inspection,energy-laws-inspection,에너지 관계법규·검사,energy-laws-and-inspection,automatic,20,automatic-control-interlocks,0,high,false,,본문:에너지이용합리화법,"에너지이용합리화법에 따라 국내외 에너지사정의 변동으로 에너지수급에 중대한 차질이 발생하거나 발생할 우려가 있다고 인정되면 에너지수급의 안정을 기하기 위하여 필요한 범위 내에 조치를 취할 수 있는데, 다음 중 그러한 조치에 해당하지 않는 것은?"
20121020_060,2012-10-20,60,,energy-laws-inspection,에너지 관계법규·검사,energy-laws-and-inspection,energy-laws-inspection,에너지 관계법규·검사,energy-laws-and-inspection,automatic,32,automatic-control-interlocks,0,high,false,,본문:에너지이용합리화법 | 본문:검사 행정,에너지이용합리화법에 따라 보일러의 개조검사의 경우 검사 유효기간으로 옳은 것은?
20130127_001,2013-01-27,1,,draft-flue-gas,통풍·연도·굴뚝,boiler-installation-combustion,draft-flue-gas,통풍·연도·굴뚝,boiler-installation-combustion,automatic,28,burners-furnaces-atomization,8,high,false,,본문:통풍 | 본문:풍량,통풍 방식에 있어서 소요 동력이 비교적 많으나 통풍력 조절이 용이하고 노내압을 정압 및 부압으로 임의로 조절이 가능한 방식은?
20130127_002,2013-01-27,2,,automatic-control-interlocks,자동제어·인터록,boiler-control-systems,automatic-control-interlocks,자동제어·인터록,boiler-control-systems,automatic,28,combustion-air-calculation,6,high,false,,본문:제어량·조작량 | 본문:수위·압력 제어,보일러 자동연소제어(A.C.C)의 조작량에 해당하지 않는 것은?
20130127_003,2013-01-27,3,,fuel-properties,연료 특성·발열량,boiler-installation-combustion,fuel-properties,연료 특성·발열량,boiler-installation-combustion,automatic,30,automatic-control-interlocks,0,high,false,,본문:석탄 | 본문:가스 연료,"다음 도시가스의 종류를 크게 천연가스와 석유계 가스, 석탄계 가스로 구분할 때 석유계 가스에 속하지 않는 것은?"
20130127_004,2013-01-27,4,,auxiliary-feedwater-equipment,급수·부대설비,boiler-auxiliary-equipment,auxiliary-feedwater-equipment,급수·부대설비,boiler-auxiliary-equipment,pdf-reviewed,6,fuel-properties,5,low,false,fuel-properties:5 | piping-fittings-valves:5,선택지:증기 부대설비,다음 중 증기의 건도를 향상시키는 방법으로 틀린 것은?
20130127_005,2013-01-27,5,,fuel-properties,연료 특성·발열량,boiler-installation-combustion,fuel-properties,연료 특성·발열량,boiler-installation-combustion,pdf-reviewed,15,environmental-pollution-control,14,low,false,environmental-pollution-control:14,선택지:석탄 | 선택지:유류·중유,다음 중 연소 시에 매연 등의 공해 물질이 가장 적게 발생되는 연료는?
20130127_006,2013-01-27,6,,boiler-types-construction,보일러 형식·구조·재료,boiler-operation-basics,boiler-types-construction,보일러 형식·구조·재료,boiler-operation-basics,automatic,38,automatic-control-interlocks,0,high,false,,본문:보일러 형식 | 선택지:형식 고유명 | 본문:보일러 구조,다음 중 수관식 보일러에 해당되는 것은?
20130127_007,2013-01-27,7,,efficiency-output-heat-balance,효율·증발량·열정산,boiler-efficiency-heat-balance,efficiency-output-heat-balance,효율·증발량·열정산,boiler-efficiency-heat-balance,automatic,16,automatic-control-interlocks,0,high,false,,본문:보일러마력,1보일러 마력을 열량으로 환산하면 몇 kcal/h 인가?
20130127_008,2013-01-27,8,,efficiency-output-heat-balance,효율·증발량·열정산,boiler-efficiency-heat-balance,efficiency-output-heat-balance,효율·증발량·열정산,boiler-efficiency-heat-balance,pdf-reviewed,20,auxiliary-feedwater-equipment,19,low,false,auxiliary-feedwater-equipment:19,본문:보일러 효율,보일러 열효율 향상을 위한 방안으로 잘못 설명한 것은?
20130127_009,2013-01-27,9,,fuel-properties,연료 특성·발열량,boiler-installation-combustion,fuel-properties,연료 특성·발열량,boiler-installation-combustion,automatic,27,efficiency-output-heat-balance,10,high,false,,본문:석탄 | 선택지:발열량 | 선택지:연료 성분,석탄의 함유 성분에 대해서 그 성분이 많을수록 연소에 미치는 영향에 대한 설명으로 틀린 것은?
20130127_010,2013-01-27,10,,fuel-properties,연료 특성·발열량,boiler-installation-combustion,fuel-properties,연료 특성·발열량,boiler-installation-combustion,automatic,26,efficiency-output-heat-balance,20,high,false,efficiency-output-heat-balance:20,본문:유류·중유 | 본문:발열량,"시간당 100kg의 중류를 사용하는 보일러에서 총 손실열량이 200000kcal/h일 때 보일러의 효율은 약 얼마인가? (단, 중유의 발열량은 10000kcal/kg이다.)"
20130127_011,2013-01-27,11,,burners-furnaces-atomization,버너·화격자·연소장치,boiler-installation-combustion,burners-furnaces-atomization,버너·화격자·연소장치,boiler-installation-combustion,automatic,36,automatic-control-interlocks,0,high,false,,본문:버너 | 본문:분무·미립화,오일버너 종류 중 회전컵의 회전운동에 의한 원심력과 미립화용 1차공기의 운동에너지를 이용하여 연료를 분무시키는 버너는?
20130127_012,2013-01-27,12,,water-treatment-corrosion,수질관리·스케일·부식,boiler-water-treatment,water-treatment-corrosion,수질관리·스케일·부식,boiler-water-treatment,automatic,26,boiler-types-construction,7,high,false,,선택지:수처리 | 본문:캐리오버,프라이밍의 발생 원인으로 거리가 먼 것은?
20130127_013,2013-01-27,13,,burners-furnaces-atomization,버너·화격자·연소장치,boiler-installation-combustion,burners-furnaces-atomization,버너·화격자·연소장치,boiler-installation-combustion,automatic,14,instruments-accessories,8,high,false,instruments-accessories:8,선택지:분무·미립화 | 선택지:노즐,오일 여과기의 기능으로 거리가 먼 것은?
20130127_014,2013-01-27,14,,automatic-control-interlocks,자동제어·인터록,boiler-control-systems,automatic-control-interlocks,자동제어·인터록,boiler-control-systems,automatic,20,auxiliary-feedwater-equipment,0,high,false,,본문:피드백·목표값,다음 중 목표값이 변화되어 목표값을 측정하면서 제어목표량을 목표량에 맞도록 하는 제어에 속하지 않는 것은?
20130127_015,2013-01-27,15,,boiler-types-construction,보일러 형식·구조·재료,boiler-operation-basics,boiler-types-construction,보일러 형식·구조·재료,boiler-operation-basics,automatic,24,combustion-air-calculation,10,high,false,,선택지:보일러 구조 | 본문:특수 전열관,노동 보일러에서 갤러웨이 관(galloway tuve)을 설치하는 목적으로 가장 옳은 것은?
20130127_016,2013-01-27,16,,instruments-accessories,계측·부속장치,boiler-accessory-equipment,instruments-accessories,계측·부속장치,boiler-accessory-equipment,automatic,18,operation-maintenance-preservation,10,high,false,operation-maintenance-preservation:10,본문:수트블로워,다음 중 수트 블로워의 종류가 아닌 것은?
20130127_017,2013-01-27,17,,combustion-air-calculation,연소·공기비·배기가스 계산,boiler-installation-combustion,combustion-air-calculation,연소·공기비·배기가스 계산,boiler-installation-combustion,automatic,18,automatic-control-interlocks,0,high,false,,본문:연소 계산,건 배기가스 중의 이산화탄소분 최대값이 15.7%이다. 공기비를 1.2로 할 경우 건 배기가스 중의 이산화소분은 몇 %인가?
20130127_018,2013-01-27,18,,auxiliary-feedwater-equipment,급수·부대설비,boiler-auxiliary-equipment,auxiliary-feedwater-equipment,급수·부대설비,boiler-auxiliary-equipment,automatic,28,automatic-control-interlocks,0,high,false,,본문:급수펌프 | 본문:펌프,보일러 급수펌프 중 비용적식 펌프로서 원심펌프인 것은?
20130127_019,2013-01-27,19,,automatic-control-interlocks,자동제어·인터록,boiler-control-systems,automatic-control-interlocks,자동제어·인터록,boiler-control-systems,automatic,38,auxiliary-feedwater-equipment,0,high,false,,본문:자동제어 | 선택지:피드백·목표값 | 선택지:제어량·조작량,다음 자동제어에 대한 설명에서 온-오프(on-off) 제어에 해당되는 것은?
20130127_020,2013-01-27,20,,heat-steam-thermodynamics,열·증기·열역학 기초,boiler-operation-basics,heat-steam-thermodynamics,열·증기·열역학 기초,boiler-operation-basics,automatic,14,automatic-control-interlocks,0,high,false,,본문:비열·열량,다음 중 비열에 대한 설명으로 옳은 것은?
20130127_021,2013-01-27,21,,auxiliary-feedwater-equipment,급수·부대설비,boiler-auxiliary-equipment,auxiliary-feedwater-equipment,급수·부대설비,boiler-auxiliary-equipment,automatic,30,instruments-accessories,14,high,false,,선택지:절탄기 | 선택지:오일프리히터 | 선택지:과열·재열,보일러 부속장치에 관한 설명으로 틀린 것은?
20130127_022,2013-01-27,22,,efficiency-output-heat-balance,효율·증발량·열정산,boiler-efficiency-heat-balance,efficiency-output-heat-balance,효율·증발량·열정산,boiler-efficiency-heat-balance,automatic,20,automatic-control-interlocks,0,high,false,,본문:열정산,KS에서 규정하는 보일러의 열정산은 원칙적으로 정격 부하 이상에서 정상 상태(steady state)로 적어도 몇 시간 이상의 운전결과에 따라야 하는가?
20130127_023,2013-01-27,23,,piping-fittings-valves,배관·이음쇠·밸브,boiler-piping-insulation,piping-fittings-valves,배관·이음쇠·밸브,boiler-piping-insulation,automatic,20,heat-steam-thermodynamics,14,high,false,heat-steam-thermodynamics:14 | safety-devices:12,선택지:이음쇠 | 본문:신축·지지,전기식 증기압력조절기에서 증기가 벨로즈 내에 직접 침입하지 않도록 설치하는 것으로 가장 적합한 것은?
20130127_024,2013-01-27,24,,boiler-types-construction,보일러 형식·구조·재료,boiler-operation-basics,boiler-types-construction,보일러 형식·구조·재료,boiler-operation-basics,automatic,18,burners-furnaces-atomization,4,high,false,,본문:내분·외분식,외분식 보일러의 특징 설명으로 거리가 먼 것은?
20130127_025,2013-01-27,25,,safety-devices,안전장치·연소안전,boiler-protection-devices,safety-devices,안전장치·연소안전,boiler-protection-devices,automatic,28,energy-laws-inspection,14,high,false,,본문:안전밸브·방출밸브 | 선택지:안전밸브 계산·규격,열사용기자재의 검사 및 검사의 면제에 관한 기준에 따 라 온수 발생 보일러(액상식 열매체 보일러 포함)에서 사용하는 방출밸브와 방출관의 설치 기준에 관한 설명으로 옳은 것은?
20130127_026,2013-01-27,26,,heat-steam-thermodynamics,열·증기·열역학 기초,boiler-operation-basics,heat-steam-thermodynamics,열·증기·열역학 기초,boiler-operation-basics,automatic,23,automatic-control-interlocks,0,high,false,,선택지:엔탈피·잠열 | 선택지:비열·열량 | 선택지:압력·온도 기초,보일러와 관련한 기초 열역학에서 사용하는 용어에 대한 설명으로 틀린 것은?
20130127_027,2013-01-27,27,,safety-devices,안전장치·연소안전,boiler-protection-devices,safety-devices,안전장치·연소안전,boiler-protection-devices,automatic,18,automatic-control-interlocks,0,high,false,,본문:안전밸브·방출밸브,보일러에서 사용하는 안전밸브 구조의 일반사항에 대한 설명으로 틀린 것은?
20130127_028,2013-01-27,28,,environmental-pollution-control,집진·환경설비,boiler-accessory-equipment,environmental-pollution-control,집진·환경설비,boiler-accessory-equipment,automatic,43,automatic-control-interlocks,0,high,false,,본문:집진장치 | 본문:분진·매연 | 선택지:집진 방식,함진 배기가스를 액방울이나 액막에 충돌시켜 분진 입자를 포집 분리하는 집진장치는?
20130127_029,2013-01-27,29,,failures-accidents-safety,고장·사고·작업안전,boiler-work-safety,failures-accidents-safety,고장·사고·작업안전,boiler-work-safety,automatic,12,piping-fittings-valves,8,high,false,piping-fittings-valves:8 | safety-devices:8,본문:연소 이상,"보일러 가동 중 실화(失火)가 되거나, 압력이 규정치를 초과하는 경우는 연료 공급이 자동적으로 차단하는 장치는?"
20130127_030,2013-01-27,30,,water-treatment-corrosion,수질관리·스케일·부식,boiler-water-treatment,water-treatment-corrosion,수질관리·스케일·부식,boiler-water-treatment,automatic,18,automatic-control-interlocks,0,high,false,,본문:스케일,"보일러 내처리로 사용되는 약제의 종류에서 pH, 알칼리 조정 작용을 하는 내처리제에 해당하지 않는 것은?"
20130127_031,2013-01-27,31,,water-treatment-corrosion,수질관리·스케일·부식,boiler-water-treatment,water-treatment-corrosion,수질관리·스케일·부식,boiler-water-treatment,automatic,16,failures-accidents-safety,7,high,false,,본문:부식,보일러에서 발생하는 부식 형태가 아닌 것은?
20130127_032,2013-01-27,32,,operation-maintenance-preservation,기동·운전·정지·보존,boiler-operation-maintenance,operation-maintenance-preservation,기동·운전·정지·보존,boiler-operation-maintenance,automatic,18,automatic-control-interlocks,0,high,false,,본문:보존,보일러의 휴지(休止) 보존 시에 질소가스 봉입보존법을 사용할 경우 질소 가스의 압력을 몇 Mpa 정도로 보존하는가?
20130127_033,2013-01-27,33,,piping-fittings-valves,배관·이음쇠·밸브,boiler-piping-insulation,piping-fittings-valves,배관·이음쇠·밸브,boiler-piping-insulation,automatic,10,automatic-control-interlocks,0,high,false,,본문:배관,"증기, 물, 기름 배관 등에 사용되며 관내의 이물질, 찌꺼기 등을 제거할 목적으로 사용 되는 것은?"
20130127_034,2013-01-27,34,,failures-accidents-safety,고장·사고·작업안전,boiler-work-safety,failures-accidents-safety,고장·사고·작업안전,boiler-work-safety,automatic,16,instruments-accessories,10,high,false,instruments-accessories:10,본문:사고·안전,보일러 저수위 사고의 원인으로 가장 거리가 먼 것은?
20130127_035,2013-01-27,35,,instruments-accessories,계측·부속장치,boiler-accessory-equipment,instruments-accessories,계측·부속장치,boiler-accessory-equipment,automatic,20,boiler-types-construction,3,high,false,,본문:수면계,보일러에서 사용하는 수면계 설치 기준에 관한 설명 중 잘못된 것은?
20130127_036,2013-01-27,36,,heating-systems,증기·온수·복사난방,boiler-piping-insulation,heating-systems,증기·온수·복사난방,boiler-piping-insulation,automatic,25,steam-traps-condensate,14,high,false,steam-traps-condensate:14,본문:난방 방식 | 선택지:환수 방식,"증기난방에서 응축수의 환수방법에 따른 분류 중 증기의 순환과 응축수의 배출이 빠르며, 방열량도 광범위하게 조절 할 수 있어서 대규모 난방에서 많이 채택하는 방식은?"
20130127_037,2013-01-27,37,,heating-systems,증기·온수·복사난방,boiler-piping-insulation,heating-systems,증기·온수·복사난방,boiler-piping-insulation,automatic,24,heating-load-radiators,20,high,false,heating-load-radiators:20,본문:난방 방식 | 본문:방열기,온수난방을 하는 방열기의 표준 방열량은 몇 kcal/m2·h 인가?
20130127_038,2013-01-27,38,,heating-systems,증기·온수·복사난방,boiler-piping-insulation,heating-systems,증기·온수·복사난방,boiler-piping-insulation,automatic,21,heating-load-radiators,10,high,false,,본문:난방 방식 | 선택지:방열기,증기난방과 비교하여 온수난방의 특징을 설명한 것으로 틀린 것은?
20130127_039,2013-01-27,39,,piping-fittings-valves,배관·이음쇠·밸브,boiler-piping-insulation,piping-fittings-valves,배관·이음쇠·밸브,boiler-piping-insulation,automatic,10,automatic-control-interlocks,0,high,false,,본문:배관,배관 내에 흐르는 유체의 종류를 표시하는 기호 중 증기를 나타내는 것은?
20130127_040,2013-01-27,40,,insulation-materials,보온·단열재,boiler-piping-insulation,insulation-materials,보온·단열재,boiler-piping-insulation,automatic,10,automatic-control-interlocks,0,high,false,,선택지:보온재,보온시공 시 주의사항에 대한 설명으로 틀린 것은?
20130127_041,2013-01-27,41,,heating-load-radiators,난방부하·방열기 계산,boiler-installation-combustion,heating-load-radiators,난방부하·방열기 계산,boiler-installation-combustion,automatic,38,heating-systems,6,high,false,,본문:난방부하 | 본문:방열기 계산,"표준방열량을 가진 증기방열기가 설치된 실내의 난방 부하가 20,000kcal/h 일 때 방열 면적은 몇 m2인가?"
20130127_042,2013-01-27,42,,piping-fittings-valves,배관·이음쇠·밸브,boiler-piping-insulation,piping-fittings-valves,배관·이음쇠·밸브,boiler-piping-insulation,automatic,22,failures-accidents-safety,7,high,false,,본문:배관 | 본문:신축·지지,보일러 배관 중에 신축이음을 하는 목적으로 가장 적합한 것은?
20130127_043,2013-01-27,43,,operation-maintenance-preservation,기동·운전·정지·보존,boiler-operation-maintenance,operation-maintenance-preservation,기동·운전·정지·보존,boiler-operation-maintenance,pdf-reviewed,16,water-treatment-corrosion,15,low,false,water-treatment-corrosion:15 | draft-flue-gas:14,본문:운전 취급,가동 중인 보일러의 취급 시 주의사항으로 틀린 것은?
20130127_044,2013-01-27,44,,safety-devices,안전장치·연소안전,boiler-protection-devices,safety-devices,안전장치·연소안전,boiler-protection-devices,automatic,18,boiler-types-construction,12,high,false,boiler-types-construction:12,본문:안전밸브·방출밸브,증기 보일러에는 원칙적으로 2개 이상의 안전밸브를 부착해야 하는데 전열면적이 몇 m2 이하이면 안전밸브를 1개 이상 부착해도 되는가?
20130127_045,2013-01-27,45,,boiler-types-construction,보일러 형식·구조·재료,boiler-operation-basics,boiler-types-construction,보일러 형식·구조·재료,boiler-operation-basics,automatic,12,piping-fittings-valves,10,medium,false,piping-fittings-valves:10,본문:재료·제작,배관의 나사이음과 비교한 용접이음의 특징으로 잘못 설명된 것은?
20130127_046,2013-01-27,46,,water-treatment-corrosion,수질관리·스케일·부식,boiler-water-treatment,water-treatment-corrosion,수질관리·스케일·부식,boiler-water-treatment,automatic,25,automatic-control-interlocks,0,high,false,,선택지:스케일 | 본문:부식,부식억제제의 구비조건에 해당하지 않는 것은?
20130127_047,2013-01-27,47,,piping-fittings-valves,배관·이음쇠·밸브,boiler-piping-insulation,piping-fittings-valves,배관·이음쇠·밸브,boiler-piping-insulation,automatic,16,automatic-control-interlocks,0,high,false,,본문:밸브 일반,"로터리 밸브의 일종으로 원통 또는 원뿔에 구멍을 뚫고 축을 회전함에 따라 개폐하는 것으로 플러그 밸브라 고도하며 0~90°, 사이에 임의의 각도로 회전함으로써 유량을 조절하는 밸브는?"
20130127_048,2013-01-27,48,,energy-laws-inspection,에너지 관계법규·검사,energy-laws-and-inspection,energy-laws-inspection,에너지 관계법규·검사,energy-laws-and-inspection,automatic,26,boiler-types-construction,16,high,false,boiler-types-construction:16,본문:열사용기자재 | 본문:검사 행정,"열사용기자재 검사기준에 따라 수압시험을 할 때 강철제 보일러의 최고사용압력이 0.43Mpa를 초과, 1.5Mpa 이하인 보일러의 수압시험 압력은?"
20130127_049,2013-01-27,49,,heating-load-radiators,난방부하·방열기 계산,boiler-installation-combustion,heating-load-radiators,난방부하·방열기 계산,boiler-installation-combustion,automatic,16,heating-systems,6,high,false,,본문:방열기 구조,"방열기의 종류 중 관과 핀으로 이루어지는 엘리먼트와 이것을 보호하기 위한 덮개로 이루어지며, 실내 벽면 아랫부분의 나비 나무 부분을 따라서 부착하여 방열하는 형식의 것은?"
20130127_050,2013-01-27,50,,piping-fittings-valves,배관·이음쇠·밸브,boiler-piping-insulation,piping-fittings-valves,배관·이음쇠·밸브,boiler-piping-insulation,automatic,30,automatic-control-interlocks,0,high,false,,본문:배관 | 선택지:이음쇠 | 본문:신축·지지,"신축곡관이라고도 하며 고온, 고압용 증기관 등의 옥외 배관에 많이 쓰이는 신축 이음은?"
20130127_051,2013-01-27,51,,energy-laws-inspection,에너지 관계법규·검사,energy-laws-and-inspection,energy-laws-inspection,에너지 관계법규·검사,energy-laws-and-inspection,automatic,18,automatic-control-interlocks,0,high,false,,본문:신재생에너지 표기 변형,신·재생 에너지 설비 중 태양의 열에너지를 변환시켜 전기를 생산하거나 에너지원으로 이용하는 설비로 맞는 것은?
20130127_052,2013-01-27,52,,energy-laws-inspection,에너지 관계법규·검사,energy-laws-and-inspection,energy-laws-inspection,에너지 관계법규·검사,energy-laws-and-inspection,automatic,32,automatic-control-interlocks,0,high,false,,본문:에너지이용합리화법 | 본문:효율관리,에너지이용 합리화법상 효율관리기자재에 해당하지 않는 것은?
20130127_053,2013-01-27,53,,energy-laws-inspection,에너지 관계법규·검사,energy-laws-and-inspection,energy-laws-inspection,에너지 관계법규·검사,energy-laws-and-inspection,automatic,44,automatic-control-interlocks,0,high,false,,본문:에너지이용합리화법 | 본문:법령·행정 | 본문:효율관리,"에너지이용 합리화법에 따라 지식경제부령으로 정하는 광고매체를 이용하여 효율관리기자재의 광고를 하는 경우에는 그 광고 내용에 에너지 소비효율, 에너지소비 효율등급을 포함시켜야 할 의무가 있는 자가 아닌 것은?"
20130127_054,2013-01-27,54,,energy-laws-inspection,에너지 관계법규·검사,energy-laws-and-inspection,energy-laws-inspection,에너지 관계법규·검사,energy-laws-and-inspection,automatic,32,piping-fittings-valves,10,high,false,,본문:에너지이용합리화법 | 본문:법령·행정,에너지이용 합리화법에 따라 에너지 사용계획을 수립하여 지식경제부 장관에게 제출하여야 하는 민간사업주관자의 시설규모로 맞는 것은?
20130127_055,2013-01-27,55,,energy-laws-inspection,에너지 관계법규·검사,energy-laws-and-inspection,energy-laws-inspection,에너지 관계법규·검사,energy-laws-and-inspection,automatic,12,efficiency-output-heat-balance,10,medium,false,efficiency-output-heat-balance:10,본문:효율관리,효율관리기자재 운용규정에 따라 가정용가스보일러에서 시험성적서 기재 항목에 포함되지 않는 것은?
20130127_056,2013-01-27,56,,heating-systems,증기·온수·복사난방,boiler-piping-insulation,heating-systems,증기·온수·복사난방,boiler-piping-insulation,automatic,14,piping-fittings-valves,5,high,false,,본문:난방 일반,온수 순환 방법에서 순환이 빠르고 균일하게 급탕 할 수 있는 방법은?
20130127_057,2013-01-27,57,,burners-furnaces-atomization,버너·화격자·연소장치,boiler-installation-combustion,burners-furnaces-atomization,버너·화격자·연소장치,boiler-installation-combustion,automatic,20,fuel-properties,14,high,false,fuel-properties:14,본문:버너,연료(중유) 배관에서 연료 저장탱크와 버너 사이에 설치되지 않는 것은?
20130127_058,2013-01-27,58,,operation-maintenance-preservation,기동·운전·정지·보존,boiler-operation-maintenance,operation-maintenance-preservation,기동·운전·정지·보존,boiler-operation-maintenance,automatic,14,environmental-pollution-control,7,high,false,,본문:기동·점화,보일러 점화조작 시 주의사항에 대한 설명으로 틀린 것은?
20130127_059,2013-01-27,59,,combustion-air-calculation,연소·공기비·배기가스 계산,boiler-installation-combustion,combustion-air-calculation,연소·공기비·배기가스 계산,boiler-installation-combustion,automatic,22,fuel-properties,5,high,false,,본문:연소 속도 | 본문:연소,보일러 가동 시 맥동연소가 발생하지 않도록 하는 방법으로 틀린 것은?
20130127_060,2013-01-27,60,,energy-laws-inspection,에너지 관계법규·검사,energy-laws-and-inspection,energy-laws-inspection,에너지 관계법규·검사,energy-laws-and-inspection,automatic,26,automatic-control-interlocks,0,high,false,,본문:에너지이용합리화법 | 선택지:법령·행정,에너지 이용 합리화법에서 정한 국가에너지 절약 추진위원회의 위원장은 누구인가?(관련 규정 개정전 문제로 기존 정답은 1번이며 여기서는 1번을 누르면 정답 처리 됩니다. 자세한 내용은 해설을 참고하세요.)
20130414_001,2013-04-14,1,,automatic-control-interlocks,자동제어·인터록,boiler-control-systems,automatic-control-interlocks,자동제어·인터록,boiler-control-systems,automatic,47,auxiliary-feedwater-equipment,0,high,false,,본문:자동제어 | 선택지:피드백·목표값 | 선택지:제어량·조작량 | 선택지:인터록,다음 각각의 자동제어에 관한 설명 중 맞는 것은?
20130414_002,2013-04-14,2,,fuel-properties,연료 특성·발열량,boiler-installation-combustion,fuel-properties,연료 특성·발열량,boiler-installation-combustion,automatic,42,combustion-air-calculation,16,high,false,,본문:연료 종류 | 본문:가스 연료 | 본문:발열량,"난방 및 온수 사용열량이 400,000kcal/h인 건물에, 효율 80%인 보일러로서 저위발열량 10,000kcal/N㎥인 기체연료를 연소시키는 경우, 시간당 소요연료량은 약 몇 N㎥/h 인가?"
20130414_003,2013-04-14,3,,environmental-pollution-control,집진·환경설비,boiler-accessory-equipment,environmental-pollution-control,집진·환경설비,boiler-accessory-equipment,automatic,20,automatic-control-interlocks,0,high,false,,본문:집진장치,다음 중 여과식 집진장치의 종류가 아닌 것은?
20130414_004,2013-04-14,4,,safety-devices,안전장치·연소안전,boiler-protection-devices,safety-devices,안전장치·연소안전,boiler-protection-devices,automatic,45,auxiliary-feedwater-equipment,9,high,false,,본문:안전장치 | 선택지:안전밸브·방출밸브 | 선택지:저수위 보호 | 선택지:수위경보기,보일러의 안전장치와 거리가 가장 먼 것은?
20130414_005,2013-04-14,5,,efficiency-output-heat-balance,효율·증발량·열정산,boiler-efficiency-heat-balance,efficiency-output-heat-balance,효율·증발량·열정산,boiler-efficiency-heat-balance,automatic,16,automatic-control-interlocks,0,high,false,,본문:보일러마력,보일러 마력(Boiler Horsepower)에 대한 정의로 가장 옳은 것은?
20130414_006,2013-04-14,6,,efficiency-output-heat-balance,효율·증발량·열정산,boiler-efficiency-heat-balance,efficiency-output-heat-balance,효율·증발량·열정산,boiler-efficiency-heat-balance,automatic,22,heat-steam-thermodynamics,18,high,false,heat-steam-thermodynamics:18,본문:증발량,"엔탈피가 25kcal/㎏ 인 급수를 받아 1시간당 20000㎏의 증기를 발생하는 경우 이 보일러의 매시 환산 증발량은 몇 ㎏/h 인가? (단, 발생증기의 엔탈피는 725kcal/㎏이다)"
20130414_007,2013-04-14,7,,instruments-accessories,계측·부속장치,boiler-accessory-equipment,instruments-accessories,계측·부속장치,boiler-accessory-equipment,automatic,18,draft-flue-gas,16,medium,false,draft-flue-gas:16 | operation-maintenance-preservation:10,본문:수트블로워,수트 블로워에 관한 설명으로 잘못된 것은?
20130414_008,2013-04-14,8,,instruments-accessories,계측·부속장치,boiler-accessory-equipment,instruments-accessories,계측·부속장치,boiler-accessory-equipment,automatic,16,automatic-control-interlocks,0,high,false,,본문:압력·온도·유량계,보일러에 부착하는 압력계의 취급상 주의사항으로 틀린 것은?
20130414_009,2013-04-14,9,,safety-devices,안전장치·연소안전,boiler-protection-devices,safety-devices,안전장치·연소안전,boiler-protection-devices,automatic,18,automatic-control-interlocks,6,high,false,,본문:저수위 보호,보일러 저수위 경보장치 종류에 속하지 않는 것은?
20130414_010,2013-04-14,10,,fuel-properties,연료 특성·발열량,boiler-installation-combustion,fuel-properties,연료 특성·발열량,boiler-installation-combustion,automatic,29,automatic-control-interlocks,0,high,false,,본문:연료 종류 | 선택지:석탄 | 선택지:연료 성분,고체연료에서 탄화가 많이 될수록 나타나는 현상으로 옳은 것은?
20130414_011,2013-04-14,11,,auxiliary-feedwater-equipment,급수·부대설비,boiler-auxiliary-equipment,auxiliary-feedwater-equipment,급수·부대설비,boiler-auxiliary-equipment,automatic,16,automatic-control-interlocks,0,high,false,,본문:공기예열기,공기예열기에서 전열 방법에 따른 분류에 속하지 않는 것은?
20130414_012,2013-04-14,12,jpg 확필,environmental-pollution-control,집진·환경설비,boiler-accessory-equipment,environmental-pollution-control,집진·환경설비,boiler-accessory-equipment,pdf-reviewed,100,automatic-control-interlocks,0,high,false,,이미지 자산 감사표: 집진장치 종류와 형식 연결 그림,다음 보기에서 그 연결이 잘못된 것은?
20130414_013,2013-04-14,13,,automatic-control-interlocks,자동제어·인터록,boiler-control-systems,automatic-control-interlocks,자동제어·인터록,boiler-control-systems,automatic,40,auxiliary-feedwater-equipment,0,high,false,,본문:자동제어 | 본문:급수 3요소 제어,보일러 자동제어에서 급수제어의 약호는?
20130414_014,2013-04-14,14,,boiler-types-construction,보일러 형식·구조·재료,boiler-operation-basics,boiler-types-construction,보일러 형식·구조·재료,boiler-operation-basics,automatic,18,burners-furnaces-atomization,4,high,false,,본문:내분·외분식,외분식 보일러의 특징 설명으로 잘못 된 것은?
20130414_015,2013-04-14,15,,boiler-types-construction,보일러 형식·구조·재료,boiler-operation-basics,boiler-types-construction,보일러 형식·구조·재료,boiler-operation-basics,automatic,30,water-treatment-corrosion,10,high,false,,본문:보일러 형식 | 본문:보일러 구조,원통형 보일러와 비교할 때 수관식 보일러의 특징 설명으로 틀린 것은?
20130414_016,2013-04-14,16,,heat-steam-thermodynamics,열·증기·열역학 기초,boiler-operation-basics,heat-steam-thermodynamics,열·증기·열역학 기초,boiler-operation-basics,automatic,14,automatic-control-interlocks,0,high,false,,본문:압력·온도 기초,절대온도 380 K를 섭씨온도로 환산하면 약 몇 ℃인가?
20130414_017,2013-04-14,17,,combustion-air-calculation,연소·공기비·배기가스 계산,boiler-installation-combustion,combustion-air-calculation,연소·공기비·배기가스 계산,boiler-installation-combustion,automatic,24,automatic-control-interlocks,0,high,false,,본문:연소 계산 | 본문:연소,연료의 연소 시 과잉공기계수(공기비)를 구하는 올바른 식은?
20130414_018,2013-04-14,18,,heat-steam-thermodynamics,열·증기·열역학 기초,boiler-operation-basics,heat-steam-thermodynamics,열·증기·열역학 기초,boiler-operation-basics,automatic,18,fuel-properties,10,high,false,fuel-properties:10,선택지:증기 상태 | 선택지:엔탈피·잠열,증기 중에 수분이 많을 경우의 설명으로 잘못된 것은?
20130414_019,2013-04-14,19,,fuel-properties,연료 특성·발열량,boiler-installation-combustion,fuel-properties,연료 특성·발열량,boiler-installation-combustion,automatic,16,burners-furnaces-atomization,8,high,false,,본문:연료 종류,다음 중 고체연료의 연소방식에 속하지 않는 것은?
20130414_020,2013-04-14,20,,efficiency-output-heat-balance,효율·증발량·열정산,boiler-efficiency-heat-balance,efficiency-output-heat-balance,효율·증발량·열정산,boiler-efficiency-heat-balance,automatic,20,automatic-control-interlocks,0,high,false,,본문:열정산,보일러 열정산 시 증기의 건도는 몇 % 이상에서 시험함을 원칙으로 하는가?
20130414_021,2013-04-14,21,,heating-load-radiators,난방부하·방열기 계산,boiler-installation-combustion,heating-load-radiators,난방부하·방열기 계산,boiler-installation-combustion,automatic,56,boiler-types-construction,12,high,false,,본문:난방부하 | 본문:방열기 계산 | 본문:난방 계산,"어떤 거실의 난방부하가 5,000kcal/h이고, 주철제 온수 방열기로 난방할 때 필요한 방열기의 쪽수(절수)는? (단, 방열기 1쪽당 방열면적은 0.26m2 이고, 방열량은 표준 방열량으로 한다.)"
20130414_022,2013-04-14,22,,burners-furnaces-atomization,버너·화격자·연소장치,boiler-installation-combustion,burners-furnaces-atomization,버너·화격자·연소장치,boiler-installation-combustion,automatic,20,automatic-control-interlocks,0,high,false,,본문:버너,"점화장치로 이용되는 파이로트 버너는 화염을 안정시키기 위해 보염식 버너가 이용되고 있는데, 이 보염식 버너의 구조에 관한 설명으로 가장 옳은 것은?"
20130414_023,2013-04-14,23,,piping-fittings-valves,배관·이음쇠·밸브,boiler-piping-insulation,piping-fittings-valves,배관·이음쇠·밸브,boiler-piping-insulation,pdf-reviewed,15,steam-traps-condensate,14,low,false,steam-traps-condensate:14,선택지:이음쇠 | 선택지:패킹·가스켓,"압축기 진동과 서징, 관의 수격작용, 지진 등에서 발생하는 진동을 억제하는 데 사용되는 지지 장치는?"
20130414_024,2013-04-14,24,jpg 확필,piping-fittings-valves,배관·이음쇠·밸브,boiler-piping-insulation,piping-fittings-valves,배관·이음쇠·밸브,boiler-piping-insulation,pdf-reviewed,16,automatic-control-interlocks,0,high,false,,본문:이음쇠,관의 결합방식 표시방법 중 플랜지식의 그림기호로 맞는 것은?
20130414_025,2013-04-14,25,,instruments-accessories,계측·부속장치,boiler-accessory-equipment,operation-maintenance-preservation,기동·운전·정지·보존,boiler-operation-maintenance,pdf-reviewed,10,water-treatment-corrosion,10,low,true,water-treatment-corrosion:10 | draft-flue-gas:7 | operation-maintenance-preservation:7,선택지:수면계,평소 사용하고 있는 보일러의 가동 전 준비사항으로 틀린 것은?
20130414_026,2013-04-14,26,jpg 확필,operation-maintenance-preservation,기동·운전·정지·보존,boiler-operation-maintenance,operation-maintenance-preservation,기동·운전·정지·보존,boiler-operation-maintenance,pdf-reviewed,16,automatic-control-interlocks,0,high,false,,본문:정지,다음 보기 중에서 보일러의 운전정지 순서를 올바르게 나열한 것은?
20130414_027,2013-04-14,27,,steam-traps-condensate,증기트랩·응축수 환수,boiler-piping-insulation,steam-traps-condensate,증기트랩·응축수 환수,boiler-piping-insulation,automatic,27,instruments-accessories,10,high,false,,본문:증기트랩 | 선택지:응축수,증기 트랩의 설치 시 주의사항에 관한 설명으로 틀린 것은?
20130414_028,2013-04-14,28,,safety-devices,안전장치·연소안전,boiler-protection-devices,safety-devices,안전장치·연소안전,boiler-protection-devices,automatic,27,boiler-types-construction,9,high,false,,선택지:안전장치 | 본문:저수위 보호,보일러의 자동 연료차단장치가 작동하는 경우가 아닌 것은?
20130414_029,2013-04-14,29,,piping-fittings-valves,배관·이음쇠·밸브,boiler-piping-insulation,piping-fittings-valves,배관·이음쇠·밸브,boiler-piping-insulation,automatic,38,heating-systems,26,high,false,heating-systems:26,본문:배관 | 본문:이음쇠 | 본문:신축·지지,"회전이음, 지블이음 등으로 불리며, 증기 및 온수난방배관용으로 사용하고 현장에서 2개 이상의 엘보를 조립해서 설치하는 신축이음은?"
20130414_030,2013-04-14,30,,piping-fittings-valves,배관·이음쇠·밸브,boiler-piping-insulation,piping-fittings-valves,배관·이음쇠·밸브,boiler-piping-insulation,automatic,24,automatic-control-interlocks,0,high,false,,본문:이음쇠 | 선택지:배관 공구·작업,"파이프 또는 이음쇠의 나사이음 분해 조립 시, 파이프 등을 회전시키는 데 사용되는 공구는?"
20130414_031,2013-04-14,31,,instruments-accessories,계측·부속장치,boiler-accessory-equipment,instruments-accessories,계측·부속장치,boiler-accessory-equipment,automatic,20,water-treatment-corrosion,8,high,false,,본문:수면계,다음 중 수면계의 기능시험을 실시해야할 시기로 옳지 않은 것은?
20130414_032,2013-04-14,32,,automatic-control-interlocks,자동제어·인터록,boiler-control-systems,automatic-control-interlocks,자동제어·인터록,boiler-control-systems,automatic,36,auxiliary-feedwater-equipment,0,high,false,,본문:자동제어 | 본문:제어량·조작량,보일러 자동제어에서 신호전달 방식 종류에 해당 되지 않는 것은?
20130414_033,2013-04-14,33,,fuel-properties,연료 특성·발열량,boiler-installation-combustion,fuel-properties,연료 특성·발열량,boiler-installation-combustion,automatic,27,efficiency-output-heat-balance,10,high,false,,본문:연료 종류 | 선택지:발열량 | 선택지:연료 성분,액체연료의 일반적인 특징에 관한 설명으로 틀린 것은?
20130414_034,2013-04-14,34,,boiler-types-construction,보일러 형식·구조·재료,boiler-operation-basics,boiler-types-construction,보일러 형식·구조·재료,boiler-operation-basics,automatic,12,automatic-control-interlocks,0,high,false,,본문:보일러 구조,다음 중 보일러 스테이의 종류에 해당되지 않는 것은?
20130414_035,2013-04-14,35,,heat-steam-thermodynamics,열·증기·열역학 기초,boiler-operation-basics,heat-steam-thermodynamics,열·증기·열역학 기초,boiler-operation-basics,automatic,23,automatic-control-interlocks,0,high,false,,선택지:엔탈피·잠열 | 본문:비열·열량,어떤 물질의 단위질량(1㎏)에서 온도를 1℃ 높이는 데 소요되는 열량을 무엇이라고 하는가?
20130414_036,2013-04-14,36,,burners-furnaces-atomization,버너·화격자·연소장치,boiler-installation-combustion,burners-furnaces-atomization,버너·화격자·연소장치,boiler-installation-combustion,automatic,22,fuel-properties,7,high,false,,선택지:버너 | 선택지:분무·미립화 | 선택지:연소실·노,보일러에서 카본이 생성되는 원인으로 거리가 먼 것은?
20130414_037,2013-04-14,37,,boiler-types-construction,보일러 형식·구조·재료,boiler-operation-basics,boiler-types-construction,보일러 형식·구조·재료,boiler-operation-basics,automatic,8,automatic-control-interlocks,0,medium,false,,선택지:형식 고유명,다음 보일러 중 특수열매체 보일러에 해당 되는 것은?
20130414_038,2013-04-14,38,,fuel-properties,연료 특성·발열량,boiler-installation-combustion,fuel-properties,연료 특성·발열량,boiler-installation-combustion,automatic,14,burners-furnaces-atomization,10,high,false,burners-furnaces-atomization:10 | draft-flue-gas:8,본문:유류·중유,유류보일러의 자동장치 점화방법의 순서가 맞는 것은?
20130414_039,2013-04-14,39,,auxiliary-feedwater-equipment,급수·부대설비,boiler-auxiliary-equipment,auxiliary-feedwater-equipment,급수·부대설비,boiler-auxiliary-equipment,automatic,12,fuel-properties,10,medium,false,fuel-properties:10,본문:증기 부대설비,보일러의 기수분리기를 가장 옳게 설명한 것은?
20130414_040,2013-04-14,40,,heating-systems,증기·온수·복사난방,boiler-piping-insulation,heating-systems,증기·온수·복사난방,boiler-piping-insulation,automatic,14,automatic-control-interlocks,0,high,false,,본문:팽창탱크,"액상 열매체 보일러시스템에서 열매체유의 액팽창을 흡수하기 위한 팽창탱크의 최소 체적(VT)을 구하는 식으로 옳은 것은? (단, VE는 승온 시 시스템 내의 열매체유 팽창량, VM은 상온 시 탱크 내의 열매체유 보유량이다.)"
20130414_041,2013-04-14,41,,heating-systems,증기·온수·복사난방,boiler-piping-insulation,heating-systems,증기·온수·복사난방,boiler-piping-insulation,automatic,43,steam-traps-condensate,35,high,false,steam-traps-condensate:35,본문:난방 방식 | 본문:환수 방식 | 선택지:방열기 | 본문:난방 배관,진공환수식 증기난방 배관시공에 관한 설명 중 맞지 않는 것은?
20130414_042,2013-04-14,42,,failures-accidents-safety,고장·사고·작업안전,boiler-work-safety,failures-accidents-safety,고장·사고·작업안전,boiler-work-safety,automatic,28,water-treatment-corrosion,10,high,false,,본문:사고·안전 | 본문:취급상 사고,보일러 사고의 원인 중 보일러 취급상의 사고원인이 아닌 것은?
20130414_043,2013-04-14,43,,combustion-air-calculation,연소·공기비·배기가스 계산,boiler-installation-combustion,combustion-air-calculation,연소·공기비·배기가스 계산,boiler-installation-combustion,automatic,20,burners-furnaces-atomization,12,high,false,burners-furnaces-atomization:12,본문:연소 반응 | 본문:연소,연료의 완전연소를 위한 구비조건으로 틀린 것은?
20130414_044,2013-04-14,44,,piping-fittings-valves,배관·이음쇠·밸브,boiler-piping-insulation,piping-fittings-valves,배관·이음쇠·밸브,boiler-piping-insulation,automatic,14,boiler-types-construction,12,medium,false,boiler-types-construction:12,본문:패킹·가스켓,"천연고무와 비슷한 성질을 가진 합성고무로서 내유성, 내후성, 내산화성, 내열성 등이 우수하며, 석유용매에 대한 저항성이 크고 내열도는 -46℃~121℃ 범위에서 안정한 패킹 재료는?"
20130414_045,2013-04-14,45,,piping-fittings-valves,배관·이음쇠·밸브,boiler-piping-insulation,piping-fittings-valves,배관·이음쇠·밸브,boiler-piping-insulation,automatic,16,automatic-control-interlocks,0,high,false,,본문:배관 공구·작업,파이프 커터로 관을 절단하면 안으로 거스러미(burr)가 생기는데 이것을 능률적으로 제거하는데 사용되는 공구는?
20130414_046,2013-04-14,46,,heating-systems,증기·온수·복사난방,boiler-piping-insulation,heating-systems,증기·온수·복사난방,boiler-piping-insulation,automatic,41,steam-traps-condensate,32,high,false,steam-traps-condensate:32,본문:난방 방식 | 선택지:환수 방식 | 본문:응축수 환수 계통,증기난방의 분류 중 응축수 환수방식에 의한 분류에 해당되지 않는 것은?
20130414_047,2013-04-14,47,jpg 확필,water-treatment-corrosion,수질관리·스케일·부식,boiler-water-treatment,water-treatment-corrosion,수질관리·스케일·부식,boiler-water-treatment,pdf-reviewed,16,automatic-control-interlocks,0,high,false,,본문:부식,그림과 같이 개방된 표면에서 구멍 형태로 깊게 침식하는 부식을 무엇이라고 하는가?
20130414_048,2013-04-14,48,,fuel-properties,연료 특성·발열량,boiler-installation-combustion,fuel-properties,연료 특성·발열량,boiler-installation-combustion,automatic,12,water-treatment-corrosion,9,medium,false,water-treatment-corrosion:9 | burners-furnaces-atomization:8 | operation-maintenance-preservation:7,선택지:유류·중유 | 선택지:연료 성분,가스 폭발에 대한 방지대책으로 거리가 먼 것은?
20130414_049,2013-04-14,49,,piping-fittings-valves,배관·이음쇠·밸브,boiler-piping-insulation,piping-fittings-valves,배관·이음쇠·밸브,boiler-piping-insulation,automatic,10,steam-traps-condensate,7,medium,false,steam-traps-condensate:7 | auxiliary-feedwater-equipment:6,본문:배관,주증기관에서 증기의 건도를 향상 시키는 방법으로 적당하지 않은 것은?
20130414_050,2013-04-14,50,,insulation-materials,보온·단열재,boiler-piping-insulation,insulation-materials,보온·단열재,boiler-piping-insulation,automatic,28,automatic-control-interlocks,0,high,false,,본문:보온재 | 선택지:단열,보온재 선정 시 고려해야 할 조건이 아닌 것은?
20130414_051,2013-04-14,51,,energy-laws-inspection,에너지 관계법규·검사,energy-laws-and-inspection,energy-laws-inspection,에너지 관계법규·검사,energy-laws-and-inspection,automatic,36,automatic-control-interlocks,0,high,false,,본문:신재생에너지 | 본문:신재생에너지 표기 변형,신·재생에너지 설비인증 심사기준을 일반 심사기준과 설비 심사기준으로 나눌 때 다음 중 일반 심사 기준에 해당되지 않는 것은?
20130414_052,2013-04-14,52,,energy-laws-inspection,에너지 관계법규·검사,energy-laws-and-inspection,energy-laws-inspection,에너지 관계법규·검사,energy-laws-and-inspection,automatic,20,automatic-control-interlocks,0,high,false,,본문:에너지이용합리화법,"에너지이용합리화법은 에너지의 수급을 안정시키고 에너지의 합리적이고 효율적인 이용을 증진하며 에너지 소비로 인한 ( A )을(를) 줄임으로 국민경제의 건전한 발전 및 국민복지의 증진과 ( B )의 최소화에 이바지함을 목적으로 한다. 괄호 A, B에 들어갈 용어로 옳은 것은?"
20130414_053,2013-04-14,53,,energy-laws-inspection,에너지 관계법규·검사,energy-laws-and-inspection,energy-laws-inspection,에너지 관계법규·검사,energy-laws-and-inspection,automatic,22,automatic-control-interlocks,0,high,false,,본문:법령·행정 | 본문:에너지사용·진단,제3자로부터 위탁을 받아 에너지사용시설의 에너지절약을 위한 관리·용역 사업을 하는 자로서 산업통상자원부 장관에게 등록을 한 자를 지칭하는 기업은?
20130414_054,2013-04-14,54,,energy-laws-inspection,에너지 관계법규·검사,energy-laws-and-inspection,energy-laws-inspection,에너지 관계법규·검사,energy-laws-and-inspection,automatic,18,automatic-control-interlocks,0,high,false,,본문:에너지법,에너지법상 지역에너지계획에 포함되어야 할 사항이 아닌 것은?
20130414_055,2013-04-14,55,,energy-laws-inspection,에너지 관계법규·검사,energy-laws-and-inspection,energy-laws-inspection,에너지 관계법규·검사,energy-laws-and-inspection,automatic,30,automatic-control-interlocks,0,high,false,,본문:에너지이용합리화법 | 본문:에너지사용·진단,에너지이용합리화법에 따라 에너지다소비사업자에게 개선명령을 하는 경우는 에너지관리지도 결과 몇 % 이상의 에너지 효율개선이 기대되고 효율개선을 위한 투자의 경제성이 인정되는 경우인가?
20130414_056,2013-04-14,56,,heating-systems,증기·온수·복사난방,boiler-piping-insulation,heating-systems,증기·온수·복사난방,boiler-piping-insulation,automatic,18,heat-steam-thermodynamics,9,high,false,,본문:난방 방식,증기난방과 비교하여 온수난방의 특징에 대한 설명으로 틀린 것은?
20130414_057,2013-04-14,57,,heat-steam-thermodynamics,열·증기·열역학 기초,boiler-operation-basics,heat-steam-thermodynamics,열·증기·열역학 기초,boiler-operation-basics,pdf-reviewed,9,insulation-materials,8,low,false,insulation-materials:8,선택지:열전달,다음 열역학과 관계된 용어 중 그 단위가 다른 것은?
20130414_058,2013-04-14,58,,water-treatment-corrosion,수질관리·스케일·부식,boiler-water-treatment,water-treatment-corrosion,수질관리·스케일·부식,boiler-water-treatment,automatic,18,automatic-control-interlocks,0,high,false,,본문:스케일,"스케일의 종류 중 보일러 급수 중의 칼슘 성분과 결합하여 규산칼슘을 생성하기도 하며, 이 성분이 많은 스케일은 대단히 경질이기 때문에 기계적, 화학적으로 제거하기 힘든 스케일 성분은?"
20130414_059,2013-04-14,59,,boiler-types-construction,보일러 형식·구조·재료,boiler-operation-basics,boiler-types-construction,보일러 형식·구조·재료,boiler-operation-basics,automatic,6,automatic-control-interlocks,0,medium,false,,선택지:재료·제작,다음 관이음 중 진동이 있는 곳에 가장 적합한 이음은?
20130414_060,2013-04-14,60,,energy-laws-inspection,에너지 관계법규·검사,energy-laws-and-inspection,energy-laws-inspection,에너지 관계법규·검사,energy-laws-and-inspection,automatic,34,automatic-control-interlocks,0,high,false,,본문:에너지이용합리화법 | 본문:열사용기자재,에너지이용합리화법에 따라 검사대상기기의 용량이 15t/h인 보일러일 경우 조종자의 자격 기준으로 가장 옳은 것은?
20130721_001,2013-07-21,1,,burners-furnaces-atomization,버너·화격자·연소장치,boiler-installation-combustion,burners-furnaces-atomization,버너·화격자·연소장치,boiler-installation-combustion,automatic,26,automatic-control-interlocks,9,high,false,,선택지:버너 | 선택지:화격자·연소장치 | 본문:연소실·노,노내에 분사된 연료에 연소용 공기를 유효하게 공급 확산시켜 연소를 유효하게 하고 확실한 착화와 화염의 안정을 도모하기 위하여 설치하는 것은?
20130721_002,2013-07-21,2,,instruments-accessories,계측·부속장치,boiler-accessory-equipment,instruments-accessories,계측·부속장치,boiler-accessory-equipment,automatic,20,boiler-types-construction,6,high,false,,본문:수면계,보일러의 수면계와 관련된 설명 중 틀린 것은?
20130721_003,2013-07-21,3,,safety-devices,안전장치·연소안전,boiler-protection-devices,safety-devices,안전장치·연소안전,boiler-protection-devices,automatic,41,auxiliary-feedwater-equipment,9,high,false,,본문:안전장치 | 선택지:저수위 보호 | 선택지:화염 감시 | 선택지:압력 보호,다음 중 보일러의 안전장치로 볼 수 없는 것은?
20130721_004,2013-07-21,4,,efficiency-output-heat-balance,효율·증발량·열정산,boiler-efficiency-heat-balance,efficiency-output-heat-balance,효율·증발량·열정산,boiler-efficiency-heat-balance,automatic,22,heat-steam-thermodynamics,18,high,false,heat-steam-thermodynamics:18,본문:증발량,"어떤 보일러의 3시간 동안 증발량이 4500㎏ 이고, 그때의 급수 엔탈피가 25kcal/㎏, 증기엔탈피가 680kcal/㎏이라면 상당증발량은 약 몇 ㎏/hr 인가?"
20130721_005,2013-07-21,5,,efficiency-output-heat-balance,효율·증발량·열정산,boiler-efficiency-heat-balance,efficiency-output-heat-balance,효율·증발량·열정산,boiler-efficiency-heat-balance,automatic,16,automatic-control-interlocks,0,high,false,,본문:보일러마력,보일러 2마력을 열량으로 환산하면 약 몇 kcal/h 인가?
20130721_006,2013-07-21,6,,water-treatment-corrosion,수질관리·스케일·부식,boiler-water-treatment,water-treatment-corrosion,수질관리·스케일·부식,boiler-water-treatment,automatic,10,heat-steam-thermodynamics,7,medium,false,heat-steam-thermodynamics:7 | failures-accidents-safety:6,선택지:수처리,전자밸브가 작동하여 연료공급을 차단하는 경우로 거리가 먼 것은?
20130721_007,2013-07-21,7,,failures-accidents-safety,고장·사고·작업안전,boiler-work-safety,operation-maintenance-preservation,기동·운전·정지·보존,boiler-operation-maintenance,pdf-reviewed,12,operation-maintenance-preservation,12,low,true,operation-maintenance-preservation:12 | burners-furnaces-atomization:10,본문:연소 이상,운전 중 화염이 블로우 오프(blow-off) 된 경우 특정한 경우에 한하여 재점화 및 재시동을 할 수 있다. 이 때 재점화와 재시동의 기준에 관한 설명으로 틀린 것은?
20130721_008,2013-07-21,8,,combustion-air-calculation,연소·공기비·배기가스 계산,boiler-installation-combustion,combustion-air-calculation,연소·공기비·배기가스 계산,boiler-installation-combustion,automatic,6,automatic-control-interlocks,0,medium,false,,본문:연소,연소가 이루어지기 위한 필수 요건에 속하지 않는 것은?
20130721_009,2013-07-21,9,,draft-flue-gas,통풍·연도·굴뚝,boiler-installation-combustion,draft-flue-gas,통풍·연도·굴뚝,boiler-installation-combustion,automatic,33,heat-steam-thermodynamics,7,high,false,,본문:통풍 | 선택지:송풍기 | 선택지:연도·굴뚝,보일러 통풍에 대한 설명으로 잘못된 것은?
20130721_010,2013-07-21,10,,fuel-properties,연료 특성·발열량,boiler-installation-combustion,fuel-properties,연료 특성·발열량,boiler-installation-combustion,automatic,35,combustion-air-calculation,3,high,false,,본문:연료 종류 | 선택지:석탄 | 선택지:발열량 | 선택지:연료 성분,보일러 연료의 구비조건으로 틀린 것은?
20130721_011,2013-07-21,11,,safety-devices,안전장치·연소안전,boiler-protection-devices,safety-devices,안전장치·연소안전,boiler-protection-devices,automatic,16,fuel-properties,7,high,false,,본문:화염 감시,보일러에서 사용하는 화염검출기에 관한 설명 중 틀린 것은?
20130721_012,2013-07-21,12,,auxiliary-feedwater-equipment,급수·부대설비,boiler-auxiliary-equipment,auxiliary-feedwater-equipment,급수·부대설비,boiler-auxiliary-equipment,automatic,18,automatic-control-interlocks,0,high,false,,본문:과열·재열,과열기의 형식 중 증기와 열가스 흐름의 방향이 서로 반대인 과열기의 형식은?
20130721_013,2013-07-21,13,,combustion-air-calculation,연소·공기비·배기가스 계산,boiler-installation-combustion,combustion-air-calculation,연소·공기비·배기가스 계산,boiler-installation-combustion,automatic,31,efficiency-output-heat-balance,10,high,false,,본문:연소 계산 | 선택지:연소 반응 | 본문:연소,연소 시 공기비가 적을 때 나타나는 현상으로 거리가 먼 것은?
20130721_014,2013-07-21,14,,auxiliary-feedwater-equipment,급수·부대설비,boiler-auxiliary-equipment,auxiliary-feedwater-equipment,급수·부대설비,boiler-auxiliary-equipment,automatic,33,instruments-accessories,14,high,false,,선택지:급수펌프 | 선택지:절탄기 | 선택지:급수장치 | 선택지:증기 부대설비,보일러 부속장치에 대한 설명 중 잘못된 것은?
20130721_015,2013-07-21,15,,piping-fittings-valves,배관·이음쇠·밸브,boiler-piping-insulation,piping-fittings-valves,배관·이음쇠·밸브,boiler-piping-insulation,automatic,8,automatic-control-interlocks,0,medium,false,,선택지:밸브 일반,고압관과 저압관 사이에 설치하여 고압 측의 압력변화 및 증기 사용량 변화에 관계없이 저압 측의 압력을 일정하게 유지시켜 주는 밸브는?
20130721_016,2013-07-21,16,,heat-steam-thermodynamics,열·증기·열역학 기초,boiler-operation-basics,heat-steam-thermodynamics,열·증기·열역학 기초,boiler-operation-basics,automatic,25,automatic-control-interlocks,0,high,false,,본문:증기 상태 | 선택지:비열·열량,포화증기와 비교하여 과열증기가 가지는 특징 설명으로 틀린 것은?
20130721_017,2013-07-21,17,,auxiliary-feedwater-equipment,급수·부대설비,boiler-auxiliary-equipment,auxiliary-feedwater-equipment,급수·부대설비,boiler-auxiliary-equipment,automatic,28,boiler-types-construction,7,high,false,,선택지:급수펌프 | 선택지:펌프 | 본문:급수장치,보일러의 급수장치에 해당되지 않는 것은?
20130721_018,2013-07-21,18,,boiler-types-construction,보일러 형식·구조·재료,boiler-operation-basics,boiler-types-construction,보일러 형식·구조·재료,boiler-operation-basics,automatic,12,combustion-air-calculation,6,high,false,,본문:보일러 구조,전열면적이 30m2인 수직 연관보일러를 2시간 연소시킨 결과 3000kg의 증기가 발생하였다. 이 보일러의 증발률은 약 몇 kg/m2h 인가?
20130721_019,2013-07-21,19,,heat-steam-thermodynamics,열·증기·열역학 기초,boiler-operation-basics,heat-steam-thermodynamics,열·증기·열역학 기초,boiler-operation-basics,automatic,46,automatic-control-interlocks,0,high,false,,본문:엔탈피·잠열 | 본문:비열·열량 | 본문:압력·온도 기초,"대기압에서 동일한 무게의 물 또는 얼음을 다음과 같이 변화시키는 경우 가장 큰 열량이 필요한 것은? (단, 물과 얼음의 비열은 각각 1kcal/㎏·℃, 0.48kcal/㎏·℃이고, 물의 증발잠열은 539kcal/㎏, 물의 융해잠열은 80kcal/㎏ 이다.)"
20130721_020,2013-07-21,20,,boiler-types-construction,보일러 형식·구조·재료,boiler-operation-basics,boiler-types-construction,보일러 형식·구조·재료,boiler-operation-basics,automatic,12,water-treatment-corrosion,10,medium,false,water-treatment-corrosion:10 | burners-furnaces-atomization:8,본문:보일러 구조,노통이 하나인 코르니시 보일러에서 노통을 편심으로 설치하는 가장 큰 이유는?
20130721_021,2013-07-21,21,,fuel-properties,연료 특성·발열량,boiler-installation-combustion,fuel-properties,연료 특성·발열량,boiler-installation-combustion,automatic,30,combustion-air-calculation,19,high,false,combustion-air-calculation:19,본문:연료 종류 | 본문:가스 연료,기체연료의 일반적인 특징을 설명한 것으로 잘못된 것은?
20130721_022,2013-07-21,22,,automatic-control-interlocks,자동제어·인터록,boiler-control-systems,automatic-control-interlocks,자동제어·인터록,boiler-control-systems,automatic,42,failures-accidents-safety,8,high,false,,본문:자동제어 | 본문:제어량·조작량 | 선택지:수위·압력 제어,자동제어의 신호전달방법에서 공기압식의 특징으로 맞는 것은?
20130721_023,2013-07-21,23,,heat-steam-thermodynamics,열·증기·열역학 기초,boiler-operation-basics,heat-steam-thermodynamics,열·증기·열역학 기초,boiler-operation-basics,automatic,7,automatic-control-interlocks,0,medium,false,,선택지:압력·온도 기초,측정 장소의 대기 압력을 구하는 식으로 옳은 것은?
20130721_024,2013-07-21,24,,environmental-pollution-control,집진·환경설비,boiler-accessory-equipment,environmental-pollution-control,집진·환경설비,boiler-accessory-equipment,automatic,20,automatic-control-interlocks,0,high,false,,본문:집진장치,다음 집진장치 중 가압수를 이용한 집진장치는?
20130721_025,2013-07-21,25,,efficiency-output-heat-balance,효율·증발량·열정산,boiler-efficiency-heat-balance,efficiency-output-heat-balance,효율·증발량·열정산,boiler-efficiency-heat-balance,automatic,10,environmental-pollution-control,7,medium,false,environmental-pollution-control:7,선택지:보일러 효율,온수보일러에서 배플 플레이트(Baffle plate)의 설치 목적으로 맞는 것은?
20130721_026,2013-07-21,26,,failures-accidents-safety,고장·사고·작업안전,boiler-work-safety,failures-accidents-safety,고장·사고·작업안전,boiler-work-safety,automatic,8,boiler-types-construction,6,medium,false,boiler-types-construction:6,선택지:사고·안전,원통형보일러의 일반적인 특징에 관한 설명으로 틀린 것은?
20130721_027,2013-07-21,27,,efficiency-output-heat-balance,효율·증발량·열정산,boiler-efficiency-heat-balance,efficiency-output-heat-balance,효율·증발량·열정산,boiler-efficiency-heat-balance,automatic,42,heat-steam-thermodynamics,32,high,false,heat-steam-thermodynamics:32,본문:보일러 효율 | 본문:증발량,"보일러 효율이 85%, 실제증발량이 5t/h 이고 발생증기의 엔탈피 656kcal/㎏, 급수온도의 엔탈피는 56kcal/㎏, 연료의 저위발열량 9750kcal/㎏ 일 때 연료 소비량은 약 몇 ㎏/h 인가?"
20130721_028,2013-07-21,28,,auxiliary-feedwater-equipment,급수·부대설비,boiler-auxiliary-equipment,auxiliary-feedwater-equipment,급수·부대설비,boiler-auxiliary-equipment,automatic,26,burners-furnaces-atomization,10,high,false,,선택지:오일프리히터 | 본문:연료 공급 계통,보일러의 부속설비 중 연료공급계통에 해당하는 것은?
20130721_029,2013-07-21,29,,boiler-types-construction,보일러 형식·구조·재료,boiler-operation-basics,boiler-types-construction,보일러 형식·구조·재료,boiler-operation-basics,automatic,36,fuel-properties,15,high,false,,선택지:보일러 형식 | 본문:보일러 분류 | 선택지:재료·제작 | 선택지:최고사용압력,보일러설치기술규격에서 보일러의 분류에 대한 설명 중 틀린 것은?
20130721_030,2013-07-21,30,,safety-devices,안전장치·연소안전,boiler-protection-devices,safety-devices,안전장치·연소안전,boiler-protection-devices,automatic,18,boiler-types-construction,6,high,false,,선택지:안전장치 | 선택지:안전밸브·방출밸브,보일러가 최고사용압력 이하에서 파손되는 이유로 가장 옳은 것은?
20130721_031,2013-07-21,31,,piping-fittings-valves,배관·이음쇠·밸브,boiler-piping-insulation,piping-fittings-valves,배관·이음쇠·밸브,boiler-piping-insulation,automatic,16,automatic-control-interlocks,0,high,false,,본문:이음쇠,"동관 이음에서 한쪽 동관의 끝을 나팔형으로 넓히고, 압축이음쇠를 이용하여 체결하는 이음 방법은?"
20130721_032,2013-07-21,32,,insulation-materials,보온·단열재,boiler-piping-insulation,insulation-materials,보온·단열재,boiler-piping-insulation,automatic,28,automatic-control-interlocks,0,high,false,,본문:보온재 | 선택지:단열,보온재가 갖추어야 할 조건 설명으로 틀린 것은?
20130721_033,2013-07-21,33,,piping-fittings-valves,배관·이음쇠·밸브,boiler-piping-insulation,piping-fittings-valves,배관·이음쇠·밸브,boiler-piping-insulation,automatic,16,automatic-control-interlocks,0,high,false,,본문:배관 | 선택지:신축·지지,배관의 하중을 위에서 끌어당겨 지지할 목적으로 사용되는 지지구가 아닌 것은?
20130721_034,2013-07-21,34,,water-treatment-corrosion,수질관리·스케일·부식,boiler-water-treatment,water-treatment-corrosion,수질관리·스케일·부식,boiler-water-treatment,automatic,20,heating-systems,18,medium,false,heating-systems:18,본문:수처리,온수온돌의 방수처리에 대한 설명으로 적절하지 않은 것은?
20130721_035,2013-07-21,35,,water-treatment-corrosion,수질관리·스케일·부식,boiler-water-treatment,water-treatment-corrosion,수질관리·스케일·부식,boiler-water-treatment,automatic,18,automatic-control-interlocks,0,high,false,,본문:스케일,원통보일러에서 급수의 pH범위(25℃ 기준)로 가장 적합한 것은?
20130721_036,2013-07-21,36,,draft-flue-gas,통풍·연도·굴뚝,boiler-installation-combustion,draft-flue-gas,통풍·연도·굴뚝,boiler-installation-combustion,automatic,16,failures-accidents-safety,12,high,false,failures-accidents-safety:12 | operation-maintenance-preservation:12,선택지:통풍 | 선택지:연도·굴뚝,보일러에서 연소조작 중의 역화의 원인으로 거리가 먼 것은?
20130721_037,2013-07-21,37,,draft-flue-gas,통풍·연도·굴뚝,boiler-installation-combustion,draft-flue-gas,통풍·연도·굴뚝,boiler-installation-combustion,automatic,22,operation-maintenance-preservation,12,high,false,,선택지:송풍기 | 본문:연도·굴뚝,보일러 운전 중 연도 내에서 폭발이 발생하면 제일 먼저 해야 할 일은?
20130721_038,2013-07-21,38,,boiler-types-construction,보일러 형식·구조·재료,boiler-operation-basics,boiler-types-construction,보일러 형식·구조·재료,boiler-operation-basics,automatic,20,fuel-properties,7,high,false,,선택지:보일러 구조 | 본문:설치 구조,보일러를 옥내에 설치할 때의 설치 시공 기준 설명으로 틀린 것은?
20130721_039,2013-07-21,39,,boiler-types-construction,보일러 형식·구조·재료,boiler-operation-basics,boiler-types-construction,보일러 형식·구조·재료,boiler-operation-basics,automatic,16,automatic-control-interlocks,0,high,false,,본문:수압시험 | 본문:최고사용압력,강철제보일러의 최고사용압력이 0.43MPa 초과 1.5MPa이하일 때 수압시험 압력 기준으로 옳은 것은?
20130721_040,2013-07-21,40,,heating-systems,증기·온수·복사난방,boiler-piping-insulation,heating-systems,증기·온수·복사난방,boiler-piping-insulation,automatic,25,steam-traps-condensate,14,high,false,steam-traps-condensate:14,본문:난방 방식 | 선택지:환수 방식,증기난방 방식에서 응축수 환수방법에 의한 분류가 아닌 것은?
20130721_041,2013-07-21,41,,heating-systems,증기·온수·복사난방,boiler-piping-insulation,heating-systems,증기·온수·복사난방,boiler-piping-insulation,automatic,21,heating-load-radiators,19,medium,false,heating-load-radiators:19,본문:난방 방식 | 선택지:방열기,난방설비와 관련된 설명 중 잘못된 것은?
20130721_042,2013-07-21,42,,boiler-types-construction,보일러 형식·구조·재료,boiler-operation-basics,boiler-types-construction,보일러 형식·구조·재료,boiler-operation-basics,automatic,12,piping-fittings-valves,10,medium,false,piping-fittings-valves:10,본문:재료·제작,"구상흑연 주철관이라고도 하며, 땅속 또는 지상에 배관하여 압력상태 또는 무압력 상태에서 물의 수송 등에 주로 사용되는 주철관은?"
20130721_043,2013-07-21,43,,insulation-materials,보온·단열재,boiler-piping-insulation,insulation-materials,보온·단열재,boiler-piping-insulation,automatic,27,automatic-control-interlocks,0,high,false,,본문:보온재 | 선택지:보온재 종류,다음 중 보온재의 종류가 아닌 것은?
20130721_044,2013-07-21,44,jpg 확필,boiler-types-construction,보일러 형식·구조·재료,boiler-operation-basics,piping-fittings-valves,배관·이음쇠·밸브,boiler-piping-insulation,pdf-reviewed,12,automatic-control-interlocks,0,high,false,,본문:재료·제작,관의 접속상태ㆍ결합방식의 표시방법에서 용접이음을 나타내는 그림기호로 맞는 것은?
20130721_045,2013-07-21,45,,heating-load-radiators,난방부하·방열기 계산,boiler-installation-combustion,heating-load-radiators,난방부하·방열기 계산,boiler-installation-combustion,automatic,38,efficiency-output-heat-balance,20,high,false,,본문:난방부하 | 본문:방열기 계산,"손실열량 3000kcal/h의 사무실에 온수방열기를 설치할 때 방열기의 소요 섹션 수는 몇 쪽인가? (단, 방열기방열량은 표준방열량으로 하며 1섹션의 방열면적은 0.26m2이다.)"
20130721_046,2013-07-21,46,,piping-fittings-valves,배관·이음쇠·밸브,boiler-piping-insulation,piping-fittings-valves,배관·이음쇠·밸브,boiler-piping-insulation,automatic,36,automatic-control-interlocks,0,high,false,,본문:강관 규격 | 본문:이음쇠 | 선택지:신축·지지,신축곡관이라고 하며 강관 또는 동관을 구부려서 구부림에 따른 신축을 흡수하는 이음쇠는?
20130721_047,2013-07-21,47,,instruments-accessories,계측·부속장치,boiler-accessory-equipment,instruments-accessories,계측·부속장치,boiler-accessory-equipment,automatic,19,auxiliary-feedwater-equipment,9,high,false,,선택지:수면계 | 선택지:분출장치,보일러에서 이상고수위를 초래한 경우 나타나는 현상과 그 조치에 관한 설명으로 옳지 않은 것은?
20130721_048,2013-07-21,48,,heating-load-radiators,난방부하·방열기 계산,boiler-installation-combustion,heating-load-radiators,난방부하·방열기 계산,boiler-installation-combustion,automatic,38,heat-steam-thermodynamics,14,high,false,,본문:방열기 계산 | 본문:난방 계산,"어떤 주철제 방열기내의 증기의 평균온도가 110℃, 실내 온도가 18℃ 일 때, 방열기의 방열량은? (단 방열기의 방열계수는 7.2kcal/m2h℃이다.)"
20130721_049,2013-07-21,49,,operation-maintenance-preservation,기동·운전·정지·보존,boiler-operation-maintenance,operation-maintenance-preservation,기동·운전·정지·보존,boiler-operation-maintenance,automatic,18,automatic-control-interlocks,0,high,false,,본문:보존,보일러 휴지기간이 1개월 이하인 단기보존에 적합한 방법은?
20130721_050,2013-07-21,50,,failures-accidents-safety,고장·사고·작업안전,boiler-work-safety,failures-accidents-safety,고장·사고·작업안전,boiler-work-safety,automatic,34,draft-flue-gas,16,high,false,,본문:폭발·화재 | 본문:가스 폭발 예방,가스보일러에서 가스폭발의 예방을 위한 유의사항 중 틀린 것은?
20130721_051,2013-07-21,51,,energy-laws-inspection,에너지 관계법규·검사,energy-laws-and-inspection,energy-laws-inspection,에너지 관계법규·검사,energy-laws-and-inspection,automatic,30,draft-flue-gas,7,high,false,,본문:저탄소·녹색성장 | 본문:법령·행정,저탄소녹색성장기본법에 따라 대통령령으로 정하는 기준량 이상의 에너지 소비업체를 지정하는 기준으로 옳은 것은? (기준일은 2013년 7월21일)(관련 규정 개정전 문제로 여기서는 기존 정답인 4번을 누르면 정답 처리됩니다. 자세한 내용은 해설을 참고하세요.)
20130721_052,2013-07-21,52,,energy-laws-inspection,에너지 관계법규·검사,energy-laws-and-inspection,energy-laws-inspection,에너지 관계법규·검사,energy-laws-and-inspection,automatic,32,automatic-control-interlocks,0,high,false,,본문:에너지이용합리화법 | 선택지:에너지사용·진단 | 선택지:열사용기자재,에너지이용합리화법에 따라 에너지이용합리화 기본 계획에 포함될 사항으로 거리가 먼 것은?
20130721_053,2013-07-21,53,,energy-laws-inspection,에너지 관계법규·검사,energy-laws-and-inspection,energy-laws-inspection,에너지 관계법규·검사,energy-laws-and-inspection,automatic,32,automatic-control-interlocks,0,high,false,,본문:에너지이용합리화법 | 본문:법령·행정,에너지이용합리화법 시행령 상 에너지 저장의무부과대상자에 해당되는 자는?
20130721_054,2013-07-21,54,,boiler-types-construction,보일러 형식·구조·재료,boiler-operation-basics,boiler-types-construction,보일러 형식·구조·재료,boiler-operation-basics,automatic,36,energy-laws-inspection,32,high,false,energy-laws-inspection:32,본문:보일러 형식 | 선택지:보일러 구조 | 본문:재료·제작,에너지이용합리화법에 따라 주철제 보일러에서 설치검사를 면제 받을 수 있는 기준으로 옳은 것은?
20130721_055,2013-07-21,55,,energy-laws-inspection,에너지 관계법규·검사,energy-laws-and-inspection,energy-laws-inspection,에너지 관계법규·검사,energy-laws-and-inspection,automatic,20,automatic-control-interlocks,0,high,false,,본문:에너지이용합리화법,에너지이용합리화법의 목적이 아닌 것은?
20130721_056,2013-07-21,56,,heating-systems,증기·온수·복사난방,boiler-piping-insulation,heating-systems,증기·온수·복사난방,boiler-piping-insulation,automatic,36,instruments-accessories,18,high,false,,본문:난방 방식 | 본문:팽창탱크 | 선택지:난방 배관,온수난방에서 팽창탱크의 용량 및 구조에 대한 설명으로 틀린 것은?
20130721_057,2013-07-21,57,jpg 확필,efficiency-output-heat-balance,효율·증발량·열정산,boiler-efficiency-heat-balance,efficiency-output-heat-balance,효율·증발량·열정산,boiler-efficiency-heat-balance,pdf-reviewed,12,heating-load-radiators,10,medium,false,heating-load-radiators:10,본문:출력·부하율,<보기>와 같은 부하에 대해서 보일러의 “정격출력“을 올바르게 표시한 것은?
20130721_058,2013-07-21,58,,operation-maintenance-preservation,기동·운전·정지·보존,boiler-operation-maintenance,operation-maintenance-preservation,기동·운전·정지·보존,boiler-operation-maintenance,automatic,14,burners-furnaces-atomization,12,medium,false,burners-furnaces-atomization:12,본문:기동·점화,점화조작 시 주의사항에 관한 설명으로 틀린 것은?
20130721_059,2013-07-21,59,,operation-maintenance-preservation,기동·운전·정지·보존,boiler-operation-maintenance,operation-maintenance-preservation,기동·운전·정지·보존,boiler-operation-maintenance,automatic,8,automatic-control-interlocks,0,medium,false,,본문:점검·정비,보일러를 계획적으로 관리하기 위해서는 연간계획 및 일상보전계획을 세워 이에 따라 관리를 하는데 연간계획에 포함할 사항과 가장 거리가 먼 것은?
20130721_060,2013-07-21,60,,energy-laws-inspection,에너지 관계법규·검사,energy-laws-and-inspection,energy-laws-inspection,에너지 관계법규·검사,energy-laws-and-inspection,automatic,36,automatic-control-interlocks,0,high,false,,본문:신재생에너지 | 본문:신재생에너지 표기 변형,신·재생에너지 설비의 인증을 위한 심사기준 항목으로 거리가 먼 것은?
20131012_001,2013-10-12,1,,efficiency-output-heat-balance,효율·증발량·열정산,boiler-efficiency-heat-balance,efficiency-output-heat-balance,효율·증발량·열정산,boiler-efficiency-heat-balance,automatic,42,fuel-properties,12,high,false,,본문:보일러 효율 | 본문:증발량,"연료 발열량은 9750kcal/kg, 연료의 시간당 사용량은 300kg/h인 보일러의 상당증발량이 5000kg/h일 때 보일러 효율은 약 몇 %인가?"
20131012_002,2013-10-12,2,,auxiliary-feedwater-equipment,급수·부대설비,boiler-auxiliary-equipment,auxiliary-feedwater-equipment,급수·부대설비,boiler-auxiliary-equipment,automatic,32,heat-steam-thermodynamics,7,high,false,,본문:급수펌프 | 본문:급수장치,보일러 예비 급수장치인 인젝터의 특징을 설명한 것으로 틀린 것은?
20131012_003,2013-10-12,3,,fuel-properties,연료 특성·발열량,boiler-installation-combustion,fuel-properties,연료 특성·발열량,boiler-installation-combustion,automatic,14,automatic-control-interlocks,0,high,false,,본문:가스 연료,다음 중 액화천연가스(LNG)의 주성분은 어느 것인가?
20131012_004,2013-10-12,4,,environmental-pollution-control,집진·환경설비,boiler-accessory-equipment,environmental-pollution-control,집진·환경설비,boiler-accessory-equipment,automatic,38,automatic-control-interlocks,0,high,false,,본문:집진장치 | 본문:집진 방식,"보일러의 세정식 집진방법은 유수식과 가압수식, 회전식으로 분류할 수 있는데, 다음 중 가압수식 집진장치의 종류가 아닌 것은?"
20131012_005,2013-10-12,5,,burners-furnaces-atomization,버너·화격자·연소장치,boiler-installation-combustion,burners-furnaces-atomization,버너·화격자·연소장치,boiler-installation-combustion,automatic,28,fuel-properties,14,high,false,,본문:버너 | 선택지:분무·미립화,중유 연소에서 버너에 공급되는 중유의 예열온도가 너무 높을 때 발생되는 이상 현상으로 거리가 먼 것은?
20131012_006,2013-10-12,6,,fuel-properties,연료 특성·발열량,boiler-installation-combustion,fuel-properties,연료 특성·발열량,boiler-installation-combustion,automatic,22,combustion-air-calculation,10,high,false,,본문:발열량 | 본문:연료 성분,고체 연료의 고위발열량으로부터 저위발열량을 산출할 때 연료 속의 수분과 다른 한 성분의 함유율을 가지고 계산하여 산출할 수 있는데 이 성분은 무엇인가?
20131012_007,2013-10-12,7,,boiler-types-construction,보일러 형식·구조·재료,boiler-operation-basics,boiler-types-construction,보일러 형식·구조·재료,boiler-operation-basics,automatic,12,automatic-control-interlocks,0,high,false,,본문:보일러 구조,"노통 보일러에서 노통에 직각으로 설치하여 노통의 전열면적을 증가시키고, 이로 인한 강도보강, 관수순환을 양호하게 하는 역할을 위해 설치하는 것은?"
20131012_008,2013-10-12,8,,heat-steam-thermodynamics,열·증기·열역학 기초,boiler-operation-basics,heat-steam-thermodynamics,열·증기·열역학 기초,boiler-operation-basics,automatic,18,automatic-control-interlocks,0,high,false,,본문:열·일 단위 환산,다음 중 열량(에너지)의 단위가 아닌 것은?
20131012_009,2013-10-12,9,,safety-devices,안전장치·연소안전,boiler-protection-devices,safety-devices,안전장치·연소안전,boiler-protection-devices,automatic,18,piping-fittings-valves,8,high,false,,본문:안전밸브·방출밸브,강철제 증기보일러의 안전밸브 부착에 관한 설명으로 잘못된 것은?
20131012_010,2013-10-12,10,,fuel-properties,연료 특성·발열량,boiler-installation-combustion,fuel-properties,연료 특성·발열량,boiler-installation-combustion,automatic,14,failures-accidents-safety,8,high,false,failures-accidents-safety:8,본문:유류·중유,연료유 저장탱크의 일반사항에 대한 설명으로 틀린 것은?
20131012_011,2013-10-12,11,,combustion-air-calculation,연소·공기비·배기가스 계산,boiler-installation-combustion,combustion-air-calculation,연소·공기비·배기가스 계산,boiler-installation-combustion,automatic,13,automatic-control-interlocks,0,high,false,,선택지:배기가스 분석 | 본문:연소,프로판 가스가 완전 연소될 때 생성되는 것은?
20131012_012,2013-10-12,12,,boiler-types-construction,보일러 형식·구조·재료,boiler-operation-basics,boiler-types-construction,보일러 형식·구조·재료,boiler-operation-basics,automatic,14,automatic-control-interlocks,12,medium,false,automatic-control-interlocks:12,본문:급수내관·수위,보일러 수위제어 방식인 2요소식에서 검출하는 요소로 옳게 짝지어진 것은?
20131012_013,2013-10-12,13,,burners-furnaces-atomization,버너·화격자·연소장치,boiler-installation-combustion,burners-furnaces-atomization,버너·화격자·연소장치,boiler-installation-combustion,automatic,12,auxiliary-feedwater-equipment,8,high,false,auxiliary-feedwater-equipment:8,선택지:화격자·연소장치 | 선택지:연소실·노,일반적으로 보일러의 효율을 높이기 위한 방법으로 틀린 것은?
20131012_014,2013-10-12,14,,auxiliary-feedwater-equipment,급수·부대설비,boiler-auxiliary-equipment,auxiliary-feedwater-equipment,급수·부대설비,boiler-auxiliary-equipment,automatic,20,instruments-accessories,18,medium,false,instruments-accessories:18 | environmental-pollution-control:14,선택지:급수펌프 | 선택지:절탄기,보일러 전열면의 그을음을 제거하는 장치는?
20131012_015,2013-10-12,15,,boiler-types-construction,보일러 형식·구조·재료,boiler-operation-basics,boiler-types-construction,보일러 형식·구조·재료,boiler-operation-basics,automatic,30,automatic-control-interlocks,0,high,false,,본문:보일러 형식 | 본문:재료·제작,주철제 보일러의 특징 설명으로 옳은 것은?
20131012_016,2013-10-12,16,,heat-steam-thermodynamics,열·증기·열역학 기초,boiler-operation-basics,heat-steam-thermodynamics,열·증기·열역학 기초,boiler-operation-basics,automatic,18,efficiency-output-heat-balance,10,high,false,efficiency-output-heat-balance:10,본문:증기 상태,증기공급 시 과열증기를 사용함에 따른 장점이 아닌 것은?
20131012_017,2013-10-12,17,,safety-devices,안전장치·연소안전,boiler-protection-devices,safety-devices,안전장치·연소안전,boiler-protection-devices,automatic,16,draft-flue-gas,14,medium,false,draft-flue-gas:14,본문:화염 감시,"화염 검출기의 종류 중 화염의 발열을 이용한 것으로 바이메탈에 의하여 작동되며, 주로 소용량 온수보일러의 연도에 설치되는 것은?"
20131012_018,2013-10-12,18,,safety-devices,안전장치·연소안전,boiler-protection-devices,safety-devices,안전장치·연소안전,boiler-protection-devices,automatic,18,automatic-control-interlocks,0,high,false,,본문:수위경보기,수위 경보기의 종류에 속하지 않는 것은?
20131012_019,2013-10-12,19,,instruments-accessories,계측·부속장치,boiler-accessory-equipment,instruments-accessories,계측·부속장치,boiler-accessory-equipment,automatic,14,draft-flue-gas,9,high,false,draft-flue-gas:9 | burners-furnaces-atomization:8,본문:부속장치,보일러의 3대 구성요소 중 부속장치에 속하지 않는 것은?
20131012_020,2013-10-12,20,,safety-devices,안전장치·연소안전,boiler-protection-devices,safety-devices,안전장치·연소안전,boiler-protection-devices,automatic,18,combustion-air-calculation,6,high,false,,본문:안전장치,연소안전장치 중 플레임 아이(flame eye)로 사용되지 않는 것은?
20131012_021,2013-10-12,21,,instruments-accessories,계측·부속장치,boiler-accessory-equipment,instruments-accessories,계측·부속장치,boiler-accessory-equipment,automatic,14,auxiliary-feedwater-equipment,12,medium,false,auxiliary-feedwater-equipment:12 | draft-flue-gas:9 | safety-devices:9,본문:부속장치,보일러의 부속장치 중 축열기에 대한 설명으로 가장 옳은 것은?
20131012_022,2013-10-12,22,,instruments-accessories,계측·부속장치,boiler-accessory-equipment,instruments-accessories,계측·부속장치,boiler-accessory-equipment,automatic,16,boiler-types-construction,6,high,false,,본문:압력·온도·유량계,증기 보일러에 설치하는 압력계의 최고 눈금은 보일러 최고사용압력의 몇 배가 되어야 하는가?
20131012_023,2013-10-12,23,,draft-flue-gas,통풍·연도·굴뚝,boiler-installation-combustion,draft-flue-gas,통풍·연도·굴뚝,boiler-installation-combustion,automatic,25,burners-furnaces-atomization,16,high,false,burners-furnaces-atomization:16,본문:통풍 | 선택지:연도·굴뚝,보일러의 연소장치에서 통풍력을 크게 하는 조건으로 틀린 것은?
20131012_024,2013-10-12,24,,fuel-properties,연료 특성·발열량,boiler-installation-combustion,fuel-properties,연료 특성·발열량,boiler-installation-combustion,automatic,35,heat-steam-thermodynamics,7,high,false,,본문:연료 종류 | 선택지:석탄 | 선택지:발열량 | 선택지:연료 성분,보일러 액체 연료의 특징 설명으로 틀린 것은?
20131012_025,2013-10-12,25,,efficiency-output-heat-balance,효율·증발량·열정산,boiler-efficiency-heat-balance,efficiency-output-heat-balance,효율·증발량·열정산,boiler-efficiency-heat-balance,automatic,20,heat-steam-thermodynamics,14,high,false,heat-steam-thermodynamics:14,본문:열정산,"벽체 면적이 24m2, 열관류율이 0.5kcal/m2·h·℃, 벽체 내부의 온도가 40℃, 벽체 외부의 온도가 8℃일 경우 시간당 손실열량은 약 몇 kcal/h인가?"
20131012_026,2013-10-12,26,,efficiency-output-heat-balance,효율·증발량·열정산,boiler-efficiency-heat-balance,efficiency-output-heat-balance,효율·증발량·열정산,boiler-efficiency-heat-balance,automatic,38,automatic-control-interlocks,0,high,false,,본문:증발량 | 본문:보일러마력,1보일러 마력은 몇 kg/h의 상당증발량의 값을 가지는가?
20131012_027,2013-10-12,27,,efficiency-output-heat-balance,효율·증발량·열정산,boiler-efficiency-heat-balance,efficiency-output-heat-balance,효율·증발량·열정산,boiler-efficiency-heat-balance,automatic,22,automatic-control-interlocks,0,high,false,,본문:증발량,"보일러 증발율이 80kg/m2·h이고, 실제 증발량이 40t/h일 때, 전열 면적은 약 몇 m2인가?"
20131012_028,2013-10-12,28,,automatic-control-interlocks,자동제어·인터록,boiler-control-systems,automatic-control-interlocks,자동제어·인터록,boiler-control-systems,automatic,46,auxiliary-feedwater-equipment,0,high,false,,본문:자동제어 | 선택지:피드백·목표값 | 본문:제어량·조작량,보일러 자동제어에서 시퀀스(sequence)제어를 가장 옳게 설명한 것은?
20131012_029,2013-10-12,29,,failures-accidents-safety,고장·사고·작업안전,boiler-work-safety,failures-accidents-safety,고장·사고·작업안전,boiler-work-safety,automatic,28,fuel-properties,12,high,false,,본문:연소 이상 | 본문:연소 불안정,기름보일러에서 연소 중 화염이 점멸하는 등 연소 불안정이 발생하는 경우가 있다. 그 원인으로 적당하지 않은 것은?
20131012_030,2013-10-12,30,,water-treatment-corrosion,수질관리·스케일·부식,boiler-water-treatment,water-treatment-corrosion,수질관리·스케일·부식,boiler-water-treatment,pdf-reviewed,16,fuel-properties,15,low,false,fuel-properties:15 | combustion-air-calculation:10,본문:부식,공기 예열기에서 발생되는 부식에 관한 설명으로 틀린 것은?
20131012_031,2013-10-12,31,,piping-fittings-valves,배관·이음쇠·밸브,boiler-piping-insulation,piping-fittings-valves,배관·이음쇠·밸브,boiler-piping-insulation,automatic,38,automatic-control-interlocks,0,high,false,,본문:배관 | 본문:이음쇠 | 본문:신축·지지,"회전이음 이라고도 하며, 2개 이상의 엘보를 사용하여 이음부의 나사회전을 이용해서 배관의 신축을 흡수하는 신축 이음쇠는?"
20131012_032,2013-10-12,32,,insulation-materials,보온·단열재,boiler-piping-insulation,insulation-materials,보온·단열재,boiler-piping-insulation,automatic,16,automatic-control-interlocks,0,high,false,,본문:단열,단열재의 구비조건으로 맞는 것은?
20131012_033,2013-10-12,33,,failures-accidents-safety,고장·사고·작업안전,boiler-work-safety,failures-accidents-safety,고장·사고·작업안전,boiler-work-safety,automatic,16,water-treatment-corrosion,8,high,false,,본문:사고·안전,보일러 사고 원인 중 취급 부주의가 아닌 것은?
20131012_034,2013-10-12,34,,burners-furnaces-atomization,버너·화격자·연소장치,boiler-installation-combustion,burners-furnaces-atomization,버너·화격자·연소장치,boiler-installation-combustion,automatic,22,water-treatment-corrosion,17,high,false,water-treatment-corrosion:17,선택지:버너 | 선택지:화격자·연소장치 | 선택지:연소실·노,보일러의 계속사용검사기준 중 내부검사에 관한 설명이 아닌 것은?
20131012_035,2013-10-12,35,,piping-fittings-valves,배관·이음쇠·밸브,boiler-piping-insulation,piping-fittings-valves,배관·이음쇠·밸브,boiler-piping-insulation,automatic,10,automatic-control-interlocks,0,high,false,,본문:배관,배관계에 설치한 밸브의 오작동 방지 및 배관계 취급의 적정화를 도모하기 위해 배관에 식별(識別)표시를 하는데 관계가 없는 것은?
20131012_036,2013-10-12,36,,heating-systems,증기·온수·복사난방,boiler-piping-insulation,heating-systems,증기·온수·복사난방,boiler-piping-insulation,automatic,40,piping-fittings-valves,10,high,false,,본문:난방 방식 | 본문:환수 방식 | 본문:난방 배관,증기난방의 중력 환수식에서 복관식인 경우 배관기울기를 적당한 것은?
20131012_037,2013-10-12,37,,piping-fittings-valves,배관·이음쇠·밸브,boiler-piping-insulation,piping-fittings-valves,배관·이음쇠·밸브,boiler-piping-insulation,automatic,19,automatic-control-interlocks,0,high,false,,선택지:배관 | 본문:강관 규격,스테인리스강관의 특징 설명으로 옳은 것은?
20131012_038,2013-10-12,38,,heating-systems,증기·온수·복사난방,boiler-piping-insulation,heating-systems,증기·온수·복사난방,boiler-piping-insulation,automatic,26,steam-traps-condensate,14,high,false,,본문:난방 방식 | 본문:난방 배관,증기난방의 시공에서 환수배관에 리프트 피팅(lift fitting)을 적용하여 시공할 때 1단의 흡상높이로 적당한 것은?
20131012_039,2013-10-12,39,,boiler-types-construction,보일러 형식·구조·재료,boiler-operation-basics,boiler-types-construction,보일러 형식·구조·재료,boiler-operation-basics,automatic,12,water-treatment-corrosion,10,medium,false,water-treatment-corrosion:10,본문:보일러 구조,수관 보일러 중 자연순환식 보일러와 강제순환식 보일러에 관한 설명으로 틀린 것은?
20131012_040,2013-10-12,40,,combustion-air-calculation,연소·공기비·배기가스 계산,boiler-installation-combustion,combustion-air-calculation,연소·공기비·배기가스 계산,boiler-installation-combustion,automatic,19,draft-flue-gas,14,high,false,draft-flue-gas:14,선택지:연소 계산 | 선택지:연소 반응 | 선택지:연소,보일러의 가동 중 주의해야 할 사항으로 맞지 않는 것은?
20131012_041,2013-10-12,41,,heating-load-radiators,난방부하·방열기 계산,boiler-installation-combustion,heating-load-radiators,난방부하·방열기 계산,boiler-installation-combustion,automatic,38,heat-steam-thermodynamics,14,high,false,,본문:방열기 계산 | 본문:난방 계산,"방열기내 온수의 평균온도 85℃, 실내온도 15℃, 방열계수 7.2kcal/m2·h·℃인 경우 방열기 방열량은 얼마인가?"
20131012_042,2013-10-12,42,,operation-maintenance-preservation,기동·운전·정지·보존,boiler-operation-maintenance,operation-maintenance-preservation,기동·운전·정지·보존,boiler-operation-maintenance,automatic,18,combustion-air-calculation,7,high,false,,본문:보존,보일러 건식보존법에서 가스봉입방식(기체보존법)에 사용되는 가스는?
20131012_043,2013-10-12,43,,operation-maintenance-preservation,기동·운전·정지·보존,boiler-operation-maintenance,operation-maintenance-preservation,기동·운전·정지·보존,boiler-operation-maintenance,pdf-reviewed,14,piping-fittings-valves,13,low,false,piping-fittings-valves:13 | instruments-accessories:10,본문:기동·점화,보일러 점화전 수위확인 및 조정에 대한 설명 중 틀린 것은?
20131012_044,2013-10-12,44,,heating-systems,증기·온수·복사난방,boiler-piping-insulation,heating-systems,증기·온수·복사난방,boiler-piping-insulation,automatic,22,heating-load-radiators,9,high,false,,본문:난방 방식 | 선택지:난방 배관,온수난방에 대한 특징을 설명한 것으로 틀린 것은?
20131012_045,2013-10-12,45,,operation-maintenance-preservation,기동·운전·정지·보존,boiler-operation-maintenance,operation-maintenance-preservation,기동·운전·정지·보존,boiler-operation-maintenance,automatic,30,safety-devices,9,high,false,,본문:운전 조치 | 본문:정상운전·송기,보일러 운전 중 정전이 발생한 경우의 조치사항으로 적합하지 않은 것은?
20131012_046,2013-10-12,46,,piping-fittings-valves,배관·이음쇠·밸브,boiler-piping-insulation,piping-fittings-valves,배관·이음쇠·밸브,boiler-piping-insulation,automatic,44,heating-systems,26,high,false,heating-systems:26,본문:배관 | 본문:이음쇠 | 본문:배관 이경관,증기난방에서 환수관의 수평배관에서 관경이 가늘어 지는 경우 편심 리듀셔를 사용하는 이유로 적합한 것은?
20131012_047,2013-10-12,47,,heating-systems,증기·온수·복사난방,boiler-piping-insulation,heating-systems,증기·온수·복사난방,boiler-piping-insulation,automatic,26,piping-fittings-valves,10,high,false,,본문:난방 방식 | 본문:난방 배관,온수난방설비에서 복관식 배관방식에 대한 특징으로 틀린 것은?
20131012_048,2013-10-12,48,,heating-systems,증기·온수·복사난방,boiler-piping-insulation,heating-systems,증기·온수·복사난방,boiler-piping-insulation,automatic,14,instruments-accessories,8,high,false,instruments-accessories:8,본문:팽창탱크,개방식 팽창탱크에서 필요가 없는 것은?
20131012_049,2013-10-12,49,,efficiency-output-heat-balance,효율·증발량·열정산,boiler-efficiency-heat-balance,efficiency-output-heat-balance,효율·증발량·열정산,boiler-efficiency-heat-balance,automatic,10,piping-fittings-valves,5,high,false,,선택지:열정산,중앙식 급탕법에 대한 설명으로 틀린 것은?
20131012_050,2013-10-12,50,,failures-accidents-safety,고장·사고·작업안전,boiler-work-safety,failures-accidents-safety,고장·사고·작업안전,boiler-work-safety,automatic,14,boiler-types-construction,12,medium,false,boiler-types-construction:12 | water-treatment-corrosion:8,본문:본체 손상,보일러의 손상에 팽출(膨出)을 옳게 설명한 것은?
20131012_051,2013-10-12,51,,operation-maintenance-preservation,기동·운전·정지·보존,boiler-operation-maintenance,operation-maintenance-preservation,기동·운전·정지·보존,boiler-operation-maintenance,automatic,14,automatic-control-interlocks,0,high,false,,본문:취급자·관리,보일러 취급자가 주의하여 염두에 두어야 할 사항으로 틀린 것은?
20131012_052,2013-10-12,52,,water-treatment-corrosion,수질관리·스케일·부식,boiler-water-treatment,water-treatment-corrosion,수질관리·스케일·부식,boiler-water-treatment,automatic,26,efficiency-output-heat-balance,6,high,false,,선택지:수처리 | 본문:캐리오버,캐리 오버(carry over)에 대한 방지 대책이 아닌 것은?
20131012_053,2013-10-12,53,,boiler-types-construction,보일러 형식·구조·재료,boiler-operation-basics,boiler-types-construction,보일러 형식·구조·재료,boiler-operation-basics,automatic,10,automatic-control-interlocks,0,high,false,,본문:수압시험,보일러 수압시험시의 시험수압은 규정된 압력의 몇 % 이상을 초과하지 않도록 해야 하는가?
20131012_054,2013-10-12,54,,steam-traps-condensate,증기트랩·응축수 환수,boiler-piping-insulation,steam-traps-condensate,증기트랩·응축수 환수,boiler-piping-insulation,automatic,21,piping-fittings-valves,10,high,false,,본문:응축수 | 선택지:워터해머,증기배관 내에 응축수가 고여 있을 때 증기 밸브를 급격히 열어 증기를 빠른 속도로 보냈을 때 발생하는 현상으로 가장 적합한 것은?
20131012_055,2013-10-12,55,,energy-laws-inspection,에너지 관계법규·검사,energy-laws-and-inspection,energy-laws-inspection,에너지 관계법규·검사,energy-laws-and-inspection,automatic,18,environmental-pollution-control,8,high,false,,본문:에너지법,에너지법에서 정한 에너지기술개발사업비로 사용될 수 없는 사항은?
20131012_056,2013-10-12,56,,energy-laws-inspection,에너지 관계법규·검사,energy-laws-and-inspection,energy-laws-inspection,에너지 관계법규·검사,energy-laws-and-inspection,automatic,12,automatic-control-interlocks,0,high,false,,본문:법령·행정,산업통상자원부장관이 에너지 저장의무를 부과할 수 있는 대상자로 맞는 것은?
20131012_057,2013-10-12,57,,energy-laws-inspection,에너지 관계법규·검사,energy-laws-and-inspection,energy-laws-inspection,에너지 관계법규·검사,energy-laws-and-inspection,automatic,18,automatic-control-interlocks,0,high,false,,본문:신재생에너지 표기 변형,신에너지 및 재생에너지 개발·이용·보급 촉진법에서 규정하는 신에너지 또는 재생에너지에 해당하지 않는 것은?
20131012_058,2013-10-12,58,,energy-laws-inspection,에너지 관계법규·검사,energy-laws-and-inspection,energy-laws-inspection,에너지 관계법규·검사,energy-laws-and-inspection,automatic,30,draft-flue-gas,7,high,false,,본문:에너지이용합리화법 | 본문:에너지사용·진단,에너지이용합리화법에 따라 에너지다소비업자가 매년 1월 31일까지 신고해야 할 사항과 관계없는 것은?
20131012_059,2013-10-12,59,,energy-laws-inspection,에너지 관계법규·검사,energy-laws-and-inspection,energy-laws-inspection,에너지 관계법규·검사,energy-laws-and-inspection,automatic,18,automatic-control-interlocks,0,high,false,,본문:저탄소·녹색성장,저탄소녹색성장기본법에 따라 2020년의 우리나라 온실가스 감축 목표로 옳은 것은?
20131012_060,2013-10-12,60,,energy-laws-inspection,에너지 관계법규·검사,energy-laws-and-inspection,energy-laws-inspection,에너지 관계법규·검사,energy-laws-and-inspection,automatic,20,automatic-control-interlocks,0,high,false,,본문:에너지이용합리화법,에너지이용 합리화법의 목적과 거리가 먼 것은?
20140126_001,2014-01-26,1,,insulation-materials,보온·단열재,boiler-piping-insulation,insulation-materials,보온·단열재,boiler-piping-insulation,automatic,16,heat-steam-thermodynamics,14,medium,false,heat-steam-thermodynamics:14,본문:단열,"두께가 13㎝, 면적이 10m2인 벽이 있다. 벽 내부온도는 200℃, 외부의 온도가 20℃일 때 벽을 통한 전도되는 열량은 약 몇 kcal/h인가? (단, 열전도율은 0.02kcal/m·h·℃이다.)"
20140126_002,2014-01-26,2,,boiler-types-construction,보일러 형식·구조·재료,boiler-operation-basics,boiler-types-construction,보일러 형식·구조·재료,boiler-operation-basics,automatic,18,failures-accidents-safety,7,high,false,,본문:보일러 구조 | 선택지:재료·제작,"보일러 본체나 수관, 연관 등에 발생하는 블리스터(blister)를 옳게 설명한 것은?"
20140126_003,2014-01-26,3,,instruments-accessories,계측·부속장치,boiler-accessory-equipment,instruments-accessories,계측·부속장치,boiler-accessory-equipment,automatic,34,auxiliary-feedwater-equipment,20,high,false,auxiliary-feedwater-equipment:20,본문:압력·온도·유량계 | 본문:온도계 설치,일반 보일러(소용량 보일러 및 가스용 온수보일러 제외)에서 온도계를 설치할 필요가 없는 곳은?
20140126_004,2014-01-26,4,,operation-maintenance-preservation,기동·운전·정지·보존,boiler-operation-maintenance,operation-maintenance-preservation,기동·운전·정지·보존,boiler-operation-maintenance,automatic,18,automatic-control-interlocks,0,high,false,,본문:보존,다음 보일러의 휴지보존법 중 단기 보존법에 속하는 것은?
20140126_005,2014-01-26,5,,water-treatment-corrosion,수질관리·스케일·부식,boiler-water-treatment,water-treatment-corrosion,수질관리·스케일·부식,boiler-water-treatment,automatic,16,automatic-control-interlocks,0,high,false,,본문:부식,보일러에서 발생하는 고온 부식의 원인물질로 거리가 먼 것은?
20140126_006,2014-01-26,6,,boiler-types-construction,보일러 형식·구조·재료,boiler-operation-basics,boiler-types-construction,보일러 형식·구조·재료,boiler-operation-basics,automatic,30,water-treatment-corrosion,9,high,false,,본문:보일러 형식 | 본문:보일러 구조,수관식 보일러에 대한 설명으로 틀린 것은?
20140126_007,2014-01-26,7,,automatic-control-interlocks,자동제어·인터록,boiler-control-systems,automatic-control-interlocks,자동제어·인터록,boiler-control-systems,automatic,20,combustion-air-calculation,6,high,false,,본문:자동제어,보일러의 제어장치 중 연소용 공기를 제어하는 설비는 자동제어에서 어디에 속하는가?
20140126_008,2014-01-26,8,,boiler-types-construction,보일러 형식·구조·재료,boiler-operation-basics,boiler-types-construction,보일러 형식·구조·재료,boiler-operation-basics,automatic,8,automatic-control-interlocks,0,medium,false,,선택지:형식 고유명,특수보일러 중 간접가열 보일러에 해당되는 것은?
20140126_009,2014-01-26,9,,draft-flue-gas,통풍·연도·굴뚝,boiler-installation-combustion,draft-flue-gas,통풍·연도·굴뚝,boiler-installation-combustion,automatic,33,combustion-air-calculation,10,high,false,,본문:통풍 | 선택지:송풍기 | 선택지:연도·굴뚝,자연통풍에 대한 설명으로 가장 옳은 것은?
20140126_010,2014-01-26,10,,failures-accidents-safety,고장·사고·작업안전,boiler-work-safety,failures-accidents-safety,고장·사고·작업안전,boiler-work-safety,automatic,28,fuel-properties,12,high,false,,본문:연소 이상 | 본문:연소 불안정,다음 중 보일러에서 실화가 발생하는 원인으로 거리가 먼 것은?
20140126_011,2014-01-26,11,,boiler-types-construction,보일러 형식·구조·재료,boiler-operation-basics,boiler-types-construction,보일러 형식·구조·재료,boiler-operation-basics,automatic,6,burners-furnaces-atomization,4,medium,false,,선택지:보일러 구조,입형(직립) 보일러에 대한 설명으로 틀린 것은?
20140126_012,2014-01-26,12,,efficiency-output-heat-balance,효율·증발량·열정산,boiler-efficiency-heat-balance,efficiency-output-heat-balance,효율·증발량·열정산,boiler-efficiency-heat-balance,automatic,20,auxiliary-feedwater-equipment,16,high,false,auxiliary-feedwater-equipment:16,선택지:보일러 효율 | 선택지:열정산,공기예열기에 대한 설명으로 틀린 것은?
20140126_013,2014-01-26,13,,burners-furnaces-atomization,버너·화격자·연소장치,boiler-installation-combustion,burners-furnaces-atomization,버너·화격자·연소장치,boiler-installation-combustion,automatic,20,water-treatment-corrosion,8,high,false,,본문:버너,가스버너에 리프팅(Lifting) 현상이 발생하는 경우는?
20140126_014,2014-01-26,14,,fuel-properties,연료 특성·발열량,boiler-installation-combustion,fuel-properties,연료 특성·발열량,boiler-installation-combustion,automatic,14,automatic-control-interlocks,0,high,false,,본문:가스 연료,다음 중 LPG의 주성분이 아닌 것은?
20140126_015,2014-01-26,15,,boiler-types-construction,보일러 형식·구조·재료,boiler-operation-basics,boiler-types-construction,보일러 형식·구조·재료,boiler-operation-basics,automatic,20,operation-maintenance-preservation,6,high,false,,선택지:보일러 구조 | 본문:급수내관·수위,보일러의 안전 저수면에 대한 설명으로 적당한 것은?
20140126_016,2014-01-26,16,,instruments-accessories,계측·부속장치,boiler-accessory-equipment,instruments-accessories,계측·부속장치,boiler-accessory-equipment,automatic,20,water-treatment-corrosion,8,high,false,,본문:수면계,수면계의 기능시험의 시기에 대한 설명으로 틀린 것은?
20140126_017,2014-01-26,17,,auxiliary-feedwater-equipment,급수·부대설비,boiler-auxiliary-equipment,auxiliary-feedwater-equipment,급수·부대설비,boiler-auxiliary-equipment,pdf-reviewed,14,energy-laws-inspection,14,low,true,energy-laws-inspection:14,본문:급수장치,"열사용기자재의 검사 및 검사면제에 관한 기준에 따라 급수장치를 필요로 하는 보일러에는 기준을 만족시키는 주펌프 세트와 보조펌프 세트를 갖춘 급수장치가 있어야 하는데, 특정 조건에 따라 보조펌프 세트를 생략할 수 있다. 다음 중 보조펌프 세트를 생략할 수 없는 경우는?"
20140126_018,2014-01-26,18,,heating-load-radiators,난방부하·방열기 계산,boiler-installation-combustion,heating-load-radiators,난방부하·방열기 계산,boiler-installation-combustion,automatic,18,automatic-control-interlocks,0,high,false,,본문:난방부하,다음 중 난방부하의 단위로 옳은 것은?
20140126_019,2014-01-26,19,,boiler-types-construction,보일러 형식·구조·재료,boiler-operation-basics,boiler-types-construction,보일러 형식·구조·재료,boiler-operation-basics,automatic,16,automatic-control-interlocks,0,high,false,,본문:수압시험 | 본문:최고사용압력,최고사용압력이 16kgf/cm2인 강철제보일러의 수압시험압력으로 맞는 것은?
20140126_020,2014-01-26,20,,piping-fittings-valves,배관·이음쇠·밸브,boiler-piping-insulation,piping-fittings-valves,배관·이음쇠·밸브,boiler-piping-insulation,automatic,24,insulation-materials,10,high,false,,본문:배관 | 선택지:이음쇠 | 선택지:신축·지지,콘크리트 벽이나 바닥 등에 배관이 관통하는 곳에 관의 보호를 위하여 사용하는 것은?
20140126_021,2014-01-26,21,,safety-devices,안전장치·연소안전,boiler-protection-devices,safety-devices,안전장치·연소안전,boiler-protection-devices,automatic,38,automatic-control-interlocks,0,high,false,,본문:안전밸브·방출밸브 | 본문:안전밸브 계산·규격,"보일러의 압력이 8kgf/cm2이고, 안전밸브 입구 구멍의 단면적이 20cm2라면 안전밸브에 작용하는 힘은 얼마인가?"
20140126_022,2014-01-26,22,,heat-steam-thermodynamics,열·증기·열역학 기초,boiler-operation-basics,heat-steam-thermodynamics,열·증기·열역학 기초,boiler-operation-basics,automatic,14,automatic-control-interlocks,0,high,false,,본문:비열·열량,"1기압 하에서 20℃의 물 10kg을 100℃의 증기로 변화시킬 때 필요한 열량은 얼마인가? (단, 물의 비열은 1kcal/kg·℃이다.)"
20140126_023,2014-01-26,23,,efficiency-output-heat-balance,효율·증발량·열정산,boiler-efficiency-heat-balance,efficiency-output-heat-balance,효율·증발량·열정산,boiler-efficiency-heat-balance,pdf-reviewed,10,heat-steam-thermodynamics,9,low,false,heat-steam-thermodynamics:9,선택지:열정산,보일러의 출열 항목에 속하지 않는 것은?
20140126_024,2014-01-26,24,,auxiliary-feedwater-equipment,급수·부대설비,boiler-auxiliary-equipment,auxiliary-feedwater-equipment,급수·부대설비,boiler-auxiliary-equipment,automatic,20,combustion-air-calculation,10,high,false,,본문:오일프리히터,오일 프리히터의 사용 목적이 아닌 것은?
20140126_025,2014-01-26,25,,fuel-properties,연료 특성·발열량,boiler-installation-combustion,fuel-properties,연료 특성·발열량,boiler-installation-combustion,automatic,30,efficiency-output-heat-balance,20,high,false,efficiency-output-heat-balance:20,본문:연료 종류 | 본문:가스 연료,"육상용 보일러의 열정산은 원칙적으로 정격부하 이상에서 정상 상태로 적어도 몇 시간 이상의 운전 결과에 따라 하는가? (단, 액체 또는 기체연료를 사용하는 소형보일러에서 인수·인도 당사자 간의 협정이 있는 경우는 제외)"
20140126_026,2014-01-26,26,,fuel-properties,연료 특성·발열량,boiler-installation-combustion,fuel-properties,연료 특성·발열량,boiler-installation-combustion,automatic,42,automatic-control-interlocks,0,high,false,,본문:연료 종류 | 본문:가스 연료 | 본문:발열량,기체연료의 발열량 단위로 옳은 것은?
20140126_027,2014-01-26,27,,efficiency-output-heat-balance,효율·증발량·열정산,boiler-efficiency-heat-balance,efficiency-output-heat-balance,효율·증발량·열정산,boiler-efficiency-heat-balance,automatic,38,automatic-control-interlocks,0,high,false,,본문:증발량 | 본문:보일러마력,보일러 1마력을 상당증발량으로 환산하면 약 얼마인가?
20140126_028,2014-01-26,28,,efficiency-output-heat-balance,효율·증발량·열정산,boiler-efficiency-heat-balance,efficiency-output-heat-balance,효율·증발량·열정산,boiler-efficiency-heat-balance,automatic,10,burners-furnaces-atomization,4,high,false,,선택지:보일러 효율,공기량이 지나치게 많을 때 나타나는 현상 중 틀린 것은?
20140126_029,2014-01-26,29,,heat-steam-thermodynamics,열·증기·열역학 기초,boiler-operation-basics,heat-steam-thermodynamics,열·증기·열역학 기초,boiler-operation-basics,automatic,14,automatic-control-interlocks,0,high,false,,본문:압력·온도 기초,절대온도 360K를 섭씨온도로 환산하면 약 몇 ℃인가?
20140126_030,2014-01-26,30,,efficiency-output-heat-balance,효율·증발량·열정산,boiler-efficiency-heat-balance,efficiency-output-heat-balance,효율·증발량·열정산,boiler-efficiency-heat-balance,automatic,30,auxiliary-feedwater-equipment,20,high,false,auxiliary-feedwater-equipment:20,본문:보일러 효율 | 본문:성능시험,보일러효율 시험방법에 관한 설명으로 틀린 것은?
20140126_031,2014-01-26,31,,heat-steam-thermodynamics,열·증기·열역학 기초,boiler-operation-basics,heat-steam-thermodynamics,열·증기·열역학 기초,boiler-operation-basics,automatic,18,automatic-control-interlocks,0,high,false,,본문:열전달,열전달의 기본형식에 해당되지 않는 것은?
20140126_032,2014-01-26,32,,instruments-accessories,계측·부속장치,boiler-accessory-equipment,instruments-accessories,계측·부속장치,boiler-accessory-equipment,automatic,20,water-treatment-corrosion,8,high,false,,본문:수면계,보일러에서 수면계 기능시험을 해야 할 시기로 가장 거리가 먼 것은?
20140126_033,2014-01-26,33,,instruments-accessories,계측·부속장치,boiler-accessory-equipment,instruments-accessories,계측·부속장치,boiler-accessory-equipment,automatic,18,automatic-control-interlocks,0,high,false,,본문:분출장치,"보일러 동 내부 안전저수위보다 약간 높게 설치하여 유지분, 부유물 등을 제거하는 장치로서 연속분출장치에 해당되는 것은?"
20140126_034,2014-01-26,34,,burners-furnaces-atomization,버너·화격자·연소장치,boiler-installation-combustion,burners-furnaces-atomization,버너·화격자·연소장치,boiler-installation-combustion,automatic,36,fuel-properties,16,high,false,,본문:버너 | 본문:분무·미립화,액체연료의 유압분무식 버너의 종류에 해당되지 않는 것은?
20140126_035,2014-01-26,35,,efficiency-output-heat-balance,효율·증발량·열정산,boiler-efficiency-heat-balance,efficiency-output-heat-balance,효율·증발량·열정산,boiler-efficiency-heat-balance,automatic,22,heat-steam-thermodynamics,18,high,false,heat-steam-thermodynamics:18,본문:증발량,"어떤 보일러의 5시간 동안 증발량이 5000kg이고, 그때의 급수 엔탈피가 25kcal/kg, 증기엔탈피가 675kcal/kg이라면 상당증발량은 약 몇 kg/h인가?"
20140126_036,2014-01-26,36,,piping-fittings-valves,배관·이음쇠·밸브,boiler-piping-insulation,piping-fittings-valves,배관·이음쇠·밸브,boiler-piping-insulation,automatic,21,heat-steam-thermodynamics,18,medium,false,heat-steam-thermodynamics:18,선택지:배관 | 본문:밸브 일반,증기보일러에서 감압밸브 사용의 필요성에 대한 설명으로 가장 적합한 것은?
20140126_037,2014-01-26,37,,operation-maintenance-preservation,기동·운전·정지·보존,boiler-operation-maintenance,operation-maintenance-preservation,기동·운전·정지·보존,boiler-operation-maintenance,automatic,12,automatic-control-interlocks,0,high,false,,본문:정상운전·송기,제어계를 구성하는 요소 중 전송기의 종류에 해당되지 않는 것은?
20140126_038,2014-01-26,38,,auxiliary-feedwater-equipment,급수·부대설비,boiler-auxiliary-equipment,auxiliary-feedwater-equipment,급수·부대설비,boiler-auxiliary-equipment,automatic,18,combustion-air-calculation,6,high,false,,본문:과열·재열,과열기를 연소가스 흐름 상태에 의해 분류할 때 해당되지 않는 것은?
20140126_039,2014-01-26,39,,burners-furnaces-atomization,버너·화격자·연소장치,boiler-installation-combustion,burners-furnaces-atomization,버너·화격자·연소장치,boiler-installation-combustion,pdf-reviewed,16,combustion-air-calculation,15,low,false,combustion-air-calculation:15,본문:화격자·연소장치,보일러 연소장치의 선정기준에 대한 설명으로 틀린 것은?
20140126_040,2014-01-26,40,,instruments-accessories,계측·부속장치,boiler-accessory-equipment,instruments-accessories,계측·부속장치,boiler-accessory-equipment,automatic,17,heating-systems,14,medium,false,heating-systems:14,선택지:압력·온도·유량계 | 선택지:가스미터·액면계,액상 열매체 보일러 시스템에서 사용하는 팽창탱크에 관한 설명으로 틀린 것은?
20140126_041,2014-01-26,41,,water-treatment-corrosion,수질관리·스케일·부식,boiler-water-treatment,water-treatment-corrosion,수질관리·스케일·부식,boiler-water-treatment,automatic,37,failures-accidents-safety,6,high,false,,본문:수처리 | 선택지:스케일 | 선택지:부식,보일러 급수처리의 목적으로 볼 수 없는 것은?
20140126_042,2014-01-26,42,,heating-load-radiators,난방부하·방열기 계산,boiler-installation-combustion,heating-load-radiators,난방부하·방열기 계산,boiler-installation-combustion,automatic,38,heating-systems,24,high,false,heating-systems:24,본문:난방부하 | 본문:방열기 계산,"포화온도 105℃인 증기난방 방열기의 상당 방열면적이 20m2 일 경우 시간당 발생하는 응축수량은 약 kg/h인가? (단, 105℃ 증기의 증발잠열은 535.6kcal/kg이다.)"
20140126_043,2014-01-26,43,,piping-fittings-valves,배관·이음쇠·밸브,boiler-piping-insulation,piping-fittings-valves,배관·이음쇠·밸브,boiler-piping-insulation,automatic,36,automatic-control-interlocks,0,high,false,,본문:배관 | 본문:강관 규격 | 본문:신축·지지,"강관재 루프형 신축이음은 고압에 견디고, 고장이 적어 고온·고압용 배관에 이용되는데 이 신축이음의 곡률반경은 관지름의 몇 배 이상으로 하는 것이 좋은가?"
20140126_044,2014-01-26,44,,insulation-materials,보온·단열재,boiler-piping-insulation,insulation-materials,보온·단열재,boiler-piping-insulation,automatic,28,automatic-control-interlocks,0,high,false,,본문:보온재 | 선택지:단열,보온재 선정 시 고려하여야 할 사항으로 틀린 것은?
20140126_045,2014-01-26,45,,steam-traps-condensate,증기트랩·응축수 환수,boiler-piping-insulation,steam-traps-condensate,증기트랩·응축수 환수,boiler-piping-insulation,pdf-reviewed,14,piping-fittings-valves,13,low,false,piping-fittings-valves:13,본문:워터해머,수격작용을 방지하기 위한 조치로 거리가 먼 것은?
20140126_046,2014-01-26,46,,insulation-materials,보온·단열재,boiler-piping-insulation,insulation-materials,보온·단열재,boiler-piping-insulation,automatic,27,automatic-control-interlocks,0,high,false,,본문:보온재 | 선택지:보온재 종류,"무기질 보온재 중 하나로 안산암, 현무암에 석회석을 섞어 용융하여 섬유모양으로 만든 것은?"
20140126_047,2014-01-26,47,,water-treatment-corrosion,수질관리·스케일·부식,boiler-water-treatment,water-treatment-corrosion,수질관리·스케일·부식,boiler-water-treatment,automatic,9,automatic-control-interlocks,0,medium,false,,선택지:스케일,보일러 수 처리에서 순환계통의 처리방법 중 용해 고형물 제거 방법이 아닌 것은?
20140126_048,2014-01-26,48,,piping-fittings-valves,배관·이음쇠·밸브,boiler-piping-insulation,piping-fittings-valves,배관·이음쇠·밸브,boiler-piping-insulation,automatic,14,boiler-types-construction,12,medium,false,boiler-types-construction:12,본문:강관 규격,강관에 대한 용접이음의 장점으로 거리가 먼 것은?
20140126_049,2014-01-26,49,,water-treatment-corrosion,수질관리·스케일·부식,boiler-water-treatment,water-treatment-corrosion,수질관리·스케일·부식,boiler-water-treatment,automatic,34,automatic-control-interlocks,0,high,false,,본문:스케일 | 본문:부식,가동 보일러에 스케일과 부식물 제거를 위한 산세척 처리 순서로 올바른 것은?
20140126_050,2014-01-26,50,,heating-load-radiators,난방부하·방열기 계산,boiler-installation-combustion,heating-load-radiators,난방부하·방열기 계산,boiler-installation-combustion,automatic,16,boiler-types-construction,6,high,false,,본문:방열기 구조,방열기의 구조에 관한 설명으로 옳지 않은 것은?
20140126_051,2014-01-26,51,,energy-laws-inspection,에너지 관계법규·검사,energy-laws-and-inspection,energy-laws-inspection,에너지 관계법규·검사,energy-laws-and-inspection,automatic,36,automatic-control-interlocks,0,high,false,,본문:신재생에너지 | 본문:신재생에너지 표기 변형,신·재생에너지 정책심의회의 구성으로 맞는 것은?
20140126_052,2014-01-26,52,,energy-laws-inspection,에너지 관계법규·검사,energy-laws-and-inspection,energy-laws-inspection,에너지 관계법규·검사,energy-laws-and-inspection,automatic,18,automatic-control-interlocks,0,high,false,,본문:에너지법,에너지 수급안정을 위하여 산업통산자원부장관이 필요한 조치를 취할 수 있는 사항이 아닌 것은?
20140126_053,2014-01-26,53,,energy-laws-inspection,에너지 관계법규·검사,energy-laws-and-inspection,energy-laws-inspection,에너지 관계법규·검사,energy-laws-and-inspection,automatic,24,automatic-control-interlocks,0,high,false,,본문:저탄소·녹색성장 | 선택지:법령·행정,저탄소녹색성장 기본법에 의거 온실가스 감축목표 등의 설정·관리 및 필요한 조치에 관한 사항을 관장하는 기관으로 옳은 것은?
20140126_054,2014-01-26,54,,energy-laws-inspection,에너지 관계법규·검사,energy-laws-and-inspection,energy-laws-inspection,에너지 관계법규·검사,energy-laws-and-inspection,automatic,46,automatic-control-interlocks,0,high,false,,본문:에너지이용합리화법 | 본문:법령·행정 | 본문:열사용기자재,에너지이용합리화법상 검사대상기기조종자가 퇴직하는 경우 퇴직 이전에 다름 검사대상기기조종자를 선임하지 아니한 자에 대한 벌칙으로 맞는 것은?
20140126_055,2014-01-26,55,,energy-laws-inspection,에너지 관계법규·검사,energy-laws-and-inspection,energy-laws-inspection,에너지 관계법규·검사,energy-laws-and-inspection,automatic,34,boiler-types-construction,9,high,false,,본문:에너지이용합리화법 | 본문:열사용기자재,에너지이용합리화법에서 정한 검사대상기기 조종자의 자격에서 에너지관리기능사가 조정할 수 있는 조종범위로서 옳지 않은 것은?
20140126_056,2014-01-26,56,,boiler-types-construction,보일러 형식·구조·재료,boiler-operation-basics,boiler-types-construction,보일러 형식·구조·재료,boiler-operation-basics,automatic,12,piping-fittings-valves,10,medium,false,piping-fittings-valves:10,본문:재료·제작,배관용접 작업 시 안전사항 중 산소용기는 일반적으로 몇 ℃ 이하의 온도로 보관하여야 하는가?
20140126_057,2014-01-26,57,,heating-systems,증기·온수·복사난방,boiler-piping-insulation,heating-systems,증기·온수·복사난방,boiler-piping-insulation,automatic,26,piping-fittings-valves,18,high,false,piping-fittings-valves:18,본문:난방 방식 | 본문:난방 배관,단관 중력 순환식 온수난방의 배관은 주관을 앞내림 기울기로 하여 공기가 모두 어느 곳으로 빠지게 하는가?
20140126_058,2014-01-26,58,,piping-fittings-valves,배관·이음쇠·밸브,boiler-piping-insulation,piping-fittings-valves,배관·이음쇠·밸브,boiler-piping-insulation,automatic,22,automatic-control-interlocks,0,high,false,,본문:배관 | 본문:신축·지지,배관지지 장치의 명칭과 용도가 잘못 연결된 것은?
20140126_059,2014-01-26,59,,instruments-accessories,계측·부속장치,boiler-accessory-equipment,instruments-accessories,계측·부속장치,boiler-accessory-equipment,automatic,18,burners-furnaces-atomization,14,high,false,burners-furnaces-atomization:14,선택지:수면계 | 선택지:압력·온도·유량계,보일러 운전이 끝난 후의 조치사항으로 잘못된 것은?
20140126_060,2014-01-26,60,,energy-laws-inspection,에너지 관계법규·검사,energy-laws-and-inspection,energy-laws-inspection,에너지 관계법규·검사,energy-laws-and-inspection,automatic,30,automatic-control-interlocks,0,high,false,,본문:에너지법 | 본문:법령·행정,에너지법에 의거 지역에너지계획을 수립한 시·도지사는 이를 누구에게 제출하여야 하는가?
20140406_001,2014-04-06,1,,water-treatment-corrosion,수질관리·스케일·부식,boiler-water-treatment,water-treatment-corrosion,수질관리·스케일·부식,boiler-water-treatment,automatic,16,automatic-control-interlocks,0,high,false,,본문:캐리오버,증기보일러의 케리오버(carry over)의 발생 원인과 가장 거리가 먼 것은?
20140406_002,2014-04-06,2,,failures-accidents-safety,고장·사고·작업안전,boiler-work-safety,operation-maintenance-preservation,기동·운전·정지·보존,boiler-operation-maintenance,pdf-reviewed,14,operation-maintenance-preservation,14,low,true,operation-maintenance-preservation:14 | burners-furnaces-atomization:12,선택지:연소 이상 | 선택지:연소 불안정,보일러의 점화조작 시 주의사항에 대한 설명으로 잘못된 것은?
20140406_003,2014-04-06,3,,operation-maintenance-preservation,기동·운전·정지·보존,boiler-operation-maintenance,operation-maintenance-preservation,기동·운전·정지·보존,boiler-operation-maintenance,automatic,18,automatic-control-interlocks,0,high,false,,본문:보존,보일러 건조보존 시에 사용되는 건조제가 아닌 것은?
20140406_004,2014-04-06,4,,piping-fittings-valves,배관·이음쇠·밸브,boiler-piping-insulation,piping-fittings-valves,배관·이음쇠·밸브,boiler-piping-insulation,automatic,16,automatic-control-interlocks,0,high,false,,본문:배관 | 선택지:신축·지지,"이동 및 회전을 방지하기 위해 지지점 위치에 완전히 고정하는 지지금속으로, 열팽창 신축에 의한 영향이 다른 부분에 미치지 않도록 배관을 분리하여 설치·고정해야 하는 리스트레인트의 종류는?"
20140406_005,2014-04-06,5,,boiler-types-construction,보일러 형식·구조·재료,boiler-operation-basics,boiler-types-construction,보일러 형식·구조·재료,boiler-operation-basics,automatic,12,safety-devices,9,medium,false,safety-devices:9 | water-treatment-corrosion:9 | piping-fittings-valves:8,본문:보일러 구조,보일러 동체가 국부적으로 과열되는 경우는?
20140406_006,2014-04-06,6,,instruments-accessories,계측·부속장치,boiler-accessory-equipment,instruments-accessories,계측·부속장치,boiler-accessory-equipment,automatic,36,auxiliary-feedwater-equipment,18,high,false,,본문:분출장치 | 본문:수트블로워,매연분출장치에서 보일러의 고온부인 과열기나 수관부용으로 고온의 열가스 통로에 사용할 때만 사용되는 매연분출장치는?
20140406_007,2014-04-06,7,,automatic-control-interlocks,자동제어·인터록,boiler-control-systems,automatic-control-interlocks,자동제어·인터록,boiler-control-systems,automatic,48,heat-steam-thermodynamics,14,high,false,,본문:자동제어 | 본문:제어량·조작량 | 본문:수위·압력 제어,보일러의 자동제어에서 연소제어 시 조작량과 제어량의 관계가 옳은 것은?
20140406_008,2014-04-06,8,,boiler-types-construction,보일러 형식·구조·재료,boiler-operation-basics,boiler-types-construction,보일러 형식·구조·재료,boiler-operation-basics,automatic,38,automatic-control-interlocks,0,high,false,,본문:보일러 형식 | 선택지:형식 고유명 | 본문:보일러 구조,다음 보일러 중 수관식 보일러에 해당되는 것은?
20140406_009,2014-04-06,9,,operation-maintenance-preservation,기동·운전·정지·보존,boiler-operation-maintenance,operation-maintenance-preservation,기동·운전·정지·보존,boiler-operation-maintenance,automatic,8,automatic-control-interlocks,0,medium,false,,본문:점검·정비,보일러 화염검출장치의 보수나 점검에 대한 설명 중 틀린 것은?
20140406_010,2014-04-06,10,,heat-steam-thermodynamics,열·증기·열역학 기초,boiler-operation-basics,heat-steam-thermodynamics,열·증기·열역학 기초,boiler-operation-basics,automatic,7,automatic-control-interlocks,0,medium,false,,선택지:비열·열량,열용량에 대한 설명으로 옳은 것은?
20140406_011,2014-04-06,11,,auxiliary-feedwater-equipment,급수·부대설비,boiler-auxiliary-equipment,auxiliary-feedwater-equipment,급수·부대설비,boiler-auxiliary-equipment,automatic,32,water-treatment-corrosion,20,high,false,water-treatment-corrosion:20,본문:급수펌프 | 본문:급수장치,보일러수의 급수장치에서 인젝터의 특징으로 틀린 것은?
20140406_012,2014-04-06,12,,heat-steam-thermodynamics,열·증기·열역학 기초,boiler-operation-basics,heat-steam-thermodynamics,열·증기·열역학 기초,boiler-operation-basics,automatic,32,automatic-control-interlocks,0,high,false,,본문:엔탈피·잠열 | 본문:압력·온도 기초,물의 임계압력에서의 잠열은 몇 kcal/kg인가?
20140406_013,2014-04-06,13,,combustion-air-calculation,연소·공기비·배기가스 계산,boiler-installation-combustion,combustion-air-calculation,연소·공기비·배기가스 계산,boiler-installation-combustion,automatic,24,fuel-properties,14,high,false,fuel-properties:14,본문:연소 계산 | 본문:연소,유류 연소시의 일반적인 공기비는?
20140406_014,2014-04-06,14,jpg 확필,draft-flue-gas,통풍·연도·굴뚝,boiler-installation-combustion,draft-flue-gas,통풍·연도·굴뚝,boiler-installation-combustion,pdf-reviewed,18,automatic-control-interlocks,0,high,false,,본문:통풍,다음과 같은 특징을 갖고 있는 통풍방식은?
20140406_015,2014-04-06,15,,efficiency-output-heat-balance,효율·증발량·열정산,boiler-efficiency-heat-balance,efficiency-output-heat-balance,효율·증발량·열정산,boiler-efficiency-heat-balance,automatic,20,steam-traps-condensate,7,high,false,,본문:열정산,보일러의 열손실이 아닌 것은?
20140406_016,2014-04-06,16,,boiler-types-construction,보일러 형식·구조·재료,boiler-operation-basics,boiler-types-construction,보일러 형식·구조·재료,boiler-operation-basics,automatic,12,automatic-control-interlocks,0,high,false,,본문:보일러 구조,일반적으로 보일러 동(드럼) 내부에 물을 어느 정도로 채워야 하는가?
20140406_017,2014-04-06,17,,boiler-types-construction,보일러 형식·구조·재료,boiler-operation-basics,boiler-types-construction,보일러 형식·구조·재료,boiler-operation-basics,automatic,30,automatic-control-interlocks,0,high,false,,본문:보일러 형식 | 본문:재료·제작,주철제 보일러의 특징 설명으로 틀린 것은?
20140406_018,2014-04-06,18,,heat-steam-thermodynamics,열·증기·열역학 기초,boiler-operation-basics,heat-steam-thermodynamics,열·증기·열역학 기초,boiler-operation-basics,automatic,18,automatic-control-interlocks,0,high,false,,본문:엔탈피·잠열,다음 중 잠열에 해당되는 것은?
20140406_019,2014-04-06,19,,boiler-types-construction,보일러 형식·구조·재료,boiler-operation-basics,boiler-types-construction,보일러 형식·구조·재료,boiler-operation-basics,automatic,39,efficiency-output-heat-balance,10,high,false,,본문:보일러 형식 | 선택지:내분·외분식 | 본문:보일러 구조,노통 연관식 보일러의 특징으로 가장 거리가 먼 것은?
20140406_020,2014-04-06,20,,burners-furnaces-atomization,버너·화격자·연소장치,boiler-installation-combustion,failures-accidents-safety,고장·사고·작업안전,boiler-work-safety,pdf-reviewed,8,draft-flue-gas,7,low,false,draft-flue-gas:7 | operation-maintenance-preservation:7 | combustion-air-calculation:6,본문:연소실·노,보일러 연소실 내에서 가스 폭발을 일으킨 원인으로 가장 적절한 것은?
20140406_021,2014-04-06,21,,efficiency-output-heat-balance,효율·증발량·열정산,boiler-efficiency-heat-balance,efficiency-output-heat-balance,효율·증발량·열정산,boiler-efficiency-heat-balance,automatic,22,fuel-properties,12,high,false,,본문:증발량,"상당증발량이 6000kg/h, 연료 소비량이 400kg/h인 보일러의 효율은 약 몇 %인가? (단, 연료의 저위발열량은 9700kcal/kg이다.)"
20140406_022,2014-04-06,22,,fuel-properties,연료 특성·발열량,boiler-installation-combustion,fuel-properties,연료 특성·발열량,boiler-installation-combustion,automatic,23,automatic-control-interlocks,0,high,false,,본문:연료 종류 | 선택지:유류·중유,다음 중 탄화수소비가 가장 큰 액체연료는?
20140406_023,2014-04-06,23,,heat-steam-thermodynamics,열·증기·열역학 기초,boiler-operation-basics,heat-steam-thermodynamics,열·증기·열역학 기초,boiler-operation-basics,automatic,18,automatic-control-interlocks,0,high,false,,본문:열·일 단위 환산,무게 80kgf인 물체를 수직으로 5m까지 끌어올리기 위한 일을 열량으로 환산하면 약 몇 kcal인가?
20140406_024,2014-04-06,24,,fuel-properties,연료 특성·발열량,boiler-installation-combustion,fuel-properties,연료 특성·발열량,boiler-installation-combustion,automatic,27,water-treatment-corrosion,9,high,false,,선택지:석탄 | 본문:유류·중유 | 선택지:연료 성분,중유의 연소 상태를 개선하기 위한 첨가제의 종류가 아닌 것은?
20140406_025,2014-04-06,25,,auxiliary-feedwater-equipment,급수·부대설비,boiler-auxiliary-equipment,auxiliary-feedwater-equipment,급수·부대설비,boiler-auxiliary-equipment,automatic,26,combustion-air-calculation,3,high,false,,선택지:절탄기 | 선택지:공기예열기 | 선택지:급수장치,보일러의 폐열회수장치에 대한 설명 중 가장 거리가 먼 것은?
20140406_026,2014-04-06,26,,heating-systems,증기·온수·복사난방,boiler-piping-insulation,heating-systems,증기·온수·복사난방,boiler-piping-insulation,automatic,18,efficiency-output-heat-balance,10,high,false,efficiency-output-heat-balance:10,본문:난방 방식,복사난방의 특징에 관한 설명으로 옳지 않은 것은?
20140406_027,2014-04-06,27,,boiler-types-construction,보일러 형식·구조·재료,boiler-operation-basics,boiler-types-construction,보일러 형식·구조·재료,boiler-operation-basics,automatic,12,automatic-control-interlocks,0,high,false,,본문:보일러 구조,다음 중 보일러 용수관리에서 경도(hardness)와 관련되는 항목으로 가장 적합한 것은?
20140406_028,2014-04-06,28,,efficiency-output-heat-balance,효율·증발량·열정산,boiler-efficiency-heat-balance,efficiency-output-heat-balance,효율·증발량·열정산,boiler-efficiency-heat-balance,automatic,30,burners-furnaces-atomization,12,high,false,,본문:보일러 효율 | 선택지:열정산,보일러에서 열효율의 향상대책으로 틀린 것은?
20140406_029,2014-04-06,29,,piping-fittings-valves,배관·이음쇠·밸브,boiler-piping-insulation,insulation-materials,보온·단열재,boiler-piping-insulation,pdf-reviewed,10,steam-traps-condensate,10,low,true,steam-traps-condensate:10 | heating-systems:7,본문:배관,보일러의 증기관 중 반드시 보온을 해야 하는 곳은?
20140406_030,2014-04-06,30,,boiler-types-construction,보일러 형식·구조·재료,boiler-operation-basics,boiler-types-construction,보일러 형식·구조·재료,boiler-operation-basics,automatic,16,automatic-control-interlocks,0,high,false,,본문:수압시험 | 본문:최고사용압력,강철제 증기보일러의 최고사용압력이 2MPa일 때 수압시험압력은?
20140406_031,2014-04-06,31,jpg 확필,efficiency-output-heat-balance,효율·증발량·열정산,boiler-efficiency-heat-balance,efficiency-output-heat-balance,효율·증발량·열정산,boiler-efficiency-heat-balance,pdf-reviewed,19,heat-steam-thermodynamics,18,low,false,heat-steam-thermodynamics:18,선택지:증발량 | 선택지:보일러마력,"어떤 보일러의 시간당 발생증기량을 Ga, 발생증기의 엔탈피를 i2, 급수 엔탈피를 i1라 할 때, 다음 식으로 표시되는 값(Ge)은?"
20140406_032,2014-04-06,32,,automatic-control-interlocks,자동제어·인터록,boiler-control-systems,automatic-control-interlocks,자동제어·인터록,boiler-control-systems,automatic,36,auxiliary-feedwater-equipment,0,high,false,,본문:자동제어 | 본문:제어동작,보일러의 자동제어를 제어동작에 따라 구분할 때 연속동작에 해당되는 것은?
20140406_033,2014-04-06,33,,efficiency-output-heat-balance,효율·증발량·열정산,boiler-efficiency-heat-balance,efficiency-output-heat-balance,효율·증발량·열정산,boiler-efficiency-heat-balance,automatic,37,heat-steam-thermodynamics,18,high,false,,선택지:증발량 | 선택지:보일러마력 | 본문:보일러 용량 계산,"정격압력이 12kgf/cm2 일 때 보일러의 용량이 가장 큰 것은? (단, 급수온도는 10℃, 증기엔탈피는 663.8kcal/kg이다.)"
20140406_034,2014-04-06,34,,water-treatment-corrosion,수질관리·스케일·부식,boiler-water-treatment,water-treatment-corrosion,수질관리·스케일·부식,boiler-water-treatment,automatic,26,boiler-types-construction,7,high,false,,선택지:수처리 | 본문:캐리오버,프라이밍의 발생 원인으로 거리가 먼 것은?
20140406_035,2014-04-06,35,,heat-steam-thermodynamics,열·증기·열역학 기초,boiler-operation-basics,heat-steam-thermodynamics,열·증기·열역학 기초,boiler-operation-basics,automatic,14,automatic-control-interlocks,0,high,false,,본문:비열·열량,흑체로부터의 복사 전열량은 절대온도의 몇 승에 비례하는가?
20140406_036,2014-04-06,36,,boiler-types-construction,보일러 형식·구조·재료,boiler-operation-basics,boiler-types-construction,보일러 형식·구조·재료,boiler-operation-basics,automatic,30,water-treatment-corrosion,10,high,false,,본문:보일러 형식 | 본문:보일러 구조,수관식 보일러의 특징에 관한 설명으로 틀린 것은?
20140406_037,2014-04-06,37,,safety-devices,안전장치·연소안전,boiler-protection-devices,safety-devices,안전장치·연소안전,boiler-protection-devices,automatic,16,operation-maintenance-preservation,7,high,false,,본문:화염 감시,화염검출기 기능불량과 대책을 연결한 것으로 잘못된 것은?
20140406_038,2014-04-06,38,,burners-furnaces-atomization,버너·화격자·연소장치,boiler-installation-combustion,burners-furnaces-atomization,버너·화격자·연소장치,boiler-installation-combustion,automatic,36,fuel-properties,7,high,false,,본문:버너 | 본문:분무·미립화,유압분무식 오일버너의 특징에 관한 설명으로 틀린 것은?
20140406_039,2014-04-06,39,,environmental-pollution-control,집진·환경설비,boiler-accessory-equipment,environmental-pollution-control,집진·환경설비,boiler-accessory-equipment,automatic,29,automatic-control-interlocks,0,high,false,,본문:집진장치 | 선택지:집진 방식,집진장치 중 집진효율은 높으나 압력손실이 낮은 형식은?
20140406_040,2014-04-06,40,,piping-fittings-valves,배관·이음쇠·밸브,boiler-piping-insulation,piping-fittings-valves,배관·이음쇠·밸브,boiler-piping-insulation,automatic,40,automatic-control-interlocks,0,high,false,,본문:배관 | 본문:강관 규격 | 본문:이음쇠,강관 배관에서 유체의 흐름방향을 바꾸는 데 사용되는 이음쇠는?
20140406_041,2014-04-06,41,,burners-furnaces-atomization,버너·화격자·연소장치,boiler-installation-combustion,burners-furnaces-atomization,버너·화격자·연소장치,boiler-installation-combustion,automatic,20,fuel-properties,16,high,false,fuel-properties:16,본문:분무·미립화 | 선택지:연소실·노,액체연료에서의 무화의 목적으로 틀린 것은?
20140406_042,2014-04-06,42,,instruments-accessories,계측·부속장치,boiler-accessory-equipment,instruments-accessories,계측·부속장치,boiler-accessory-equipment,automatic,20,operation-maintenance-preservation,8,high,false,,본문:수면계,수면계의 점검순서 중 가장 먼저 해야 하는 사항으로 적당한 것은?
20140406_043,2014-04-06,43,,heating-systems,증기·온수·복사난방,boiler-piping-insulation,heating-systems,증기·온수·복사난방,boiler-piping-insulation,automatic,14,boiler-types-construction,6,high,false,,본문:팽창탱크,팽창탱크 내의 물이 넘쳐흐를 때를 대비하여 팽창탱크에 설치하는 관은?
20140406_044,2014-04-06,44,,piping-fittings-valves,배관·이음쇠·밸브,boiler-piping-insulation,piping-fittings-valves,배관·이음쇠·밸브,boiler-piping-insulation,automatic,26,automatic-control-interlocks,0,high,false,,본문:배관 | 본문:이음쇠,"배관 중간이나 밸브, 펌프, 열교환기 등의 접속을 위해 사용되는 이음쇠로서 분해, 조립이 필요한 경우에 사용되는 것은?"
20140406_045,2014-04-06,45,,efficiency-output-heat-balance,효율·증발량·열정산,boiler-efficiency-heat-balance,efficiency-output-heat-balance,효율·증발량·열정산,boiler-efficiency-heat-balance,automatic,23,boiler-types-construction,6,high,false,,선택지:증발량 | 본문:출력·부하율,보일러의 부하율에 대한 설명으로 적합한 것은?
20140406_046,2014-04-06,46,,heating-load-radiators,난방부하·방열기 계산,boiler-installation-combustion,heating-load-radiators,난방부하·방열기 계산,boiler-installation-combustion,automatic,18,efficiency-output-heat-balance,10,high,false,efficiency-output-heat-balance:10,본문:난방부하,난방부하의 발생요인 중 맞지 않는 것은?
20140406_047,2014-04-06,47,,boiler-types-construction,보일러 형식·구조·재료,boiler-operation-basics,boiler-types-construction,보일러 형식·구조·재료,boiler-operation-basics,pdf-reviewed,10,efficiency-output-heat-balance,10,low,true,efficiency-output-heat-balance:10 | failures-accidents-safety:7,본문:수압시험,보일러의 수압시험을 하는 주된 목적은?
20140406_048,2014-04-06,48,,insulation-materials,보온·단열재,boiler-piping-insulation,insulation-materials,보온·단열재,boiler-piping-insulation,automatic,20,automatic-control-interlocks,0,high,false,,본문:보온재,규산칼슘 보온재의 안전사용 최고온도(℃)는?
20140406_049,2014-04-06,49,,operation-maintenance-preservation,기동·운전·정지·보존,boiler-operation-maintenance,operation-maintenance-preservation,기동·운전·정지·보존,boiler-operation-maintenance,automatic,30,draft-flue-gas,7,high,false,,본문:운전 조치 | 본문:정상운전·송기,보일러 운전 중 저수위로 인하여 보일러가 과열된 경우의 조치법으로 거리가 먼 것은?
20140406_050,2014-04-06,50,,safety-devices,안전장치·연소안전,boiler-protection-devices,safety-devices,안전장치·연소안전,boiler-protection-devices,automatic,27,operation-maintenance-preservation,20,high,false,operation-maintenance-preservation:20 | water-treatment-corrosion:15,선택지:안전장치 | 선택지:안전밸브·방출밸브 | 선택지:저수위 보호,보일러 운전 중 1일 1회 이상 실행하거나 상태를 점검해야 하는 것으로 가장 거리가 먼 사항은?
20140406_051,2014-04-06,51,,energy-laws-inspection,에너지 관계법규·검사,energy-laws-and-inspection,energy-laws-inspection,에너지 관계법규·검사,energy-laws-and-inspection,automatic,18,automatic-control-interlocks,0,high,false,,본문:저탄소·녹색성장,저탄소 녹색성장 기본법상 온실가스에 해당하지 않는 것은?
20140406_052,2014-04-06,52,,energy-laws-inspection,에너지 관계법규·검사,energy-laws-and-inspection,energy-laws-inspection,에너지 관계법규·검사,energy-laws-and-inspection,automatic,18,automatic-control-interlocks,0,high,false,,본문:에너지법,에너지법상 에너지 공급설비에 포함되지 않는 것은?
20140406_053,2014-04-06,53,,energy-laws-inspection,에너지 관계법규·검사,energy-laws-and-inspection,energy-laws-inspection,에너지 관계법규·검사,energy-laws-and-inspection,automatic,6,automatic-control-interlocks,0,medium,false,,선택지:법령·행정,온실가스 감축 목표의 설정·관리 및 필요한 조치에 관하여 총괄·조정 기능을 수행하는 자는?
20140406_054,2014-04-06,54,,energy-laws-inspection,에너지 관계법규·검사,energy-laws-and-inspection,energy-laws-inspection,에너지 관계법규·검사,energy-laws-and-inspection,automatic,16,environmental-pollution-control,10,high,false,environmental-pollution-control:10,본문:자원순환,"자원을 절약하고, 효율적으로 이용하며 폐기물의 발생을 줄이는 등 자원순환산업을 육성·지원하기 위한 다양한 시책에 포함되지 않는 것은?"
20140406_055,2014-04-06,55,,draft-flue-gas,통풍·연도·굴뚝,boiler-installation-combustion,draft-flue-gas,통풍·연도·굴뚝,boiler-installation-combustion,automatic,14,automatic-control-interlocks,0,high,false,,본문:연도·굴뚝,"온실가스감축, 에너지 절약 및 에너지 이용효율 목표를 통보받은 관리업체가 규정의 사항을 포함한 다음 연도 이행계획을 전자적 방식으로 언제까지 부문별 관장기관에게 제출하여야 하는가?"
20140406_056,2014-04-06,56,,instruments-accessories,계측·부속장치,boiler-accessory-equipment,instruments-accessories,계측·부속장치,boiler-accessory-equipment,automatic,20,boiler-types-construction,12,high,false,boiler-types-construction:12,본문:수면계,환수관의 배관방식에 의한 분류 중 환수주관을 보일러의 표준수위 보다 낮게 배관하여 환수하는 방식은 어떤 배관방식인가?
20140406_057,2014-04-06,57,,water-treatment-corrosion,수질관리·스케일·부식,boiler-water-treatment,water-treatment-corrosion,수질관리·스케일·부식,boiler-water-treatment,automatic,18,automatic-control-interlocks,0,high,false,,본문:세관·세정,세관작업 시 규산염은 염산에 잘 녹지 않으므로 용해촉진제를 사용하는데 다음 중 어느 것을 사용하는가?
20140406_058,2014-04-06,58,,boiler-types-construction,보일러 형식·구조·재료,boiler-operation-basics,boiler-types-construction,보일러 형식·구조·재료,boiler-operation-basics,automatic,46,automatic-control-interlocks,0,high,false,,본문:보일러 형식 | 본문:재료·제작 | 본문:수압시험 | 본문:최고사용압력,주철제 보일러의 최고사용압력이 0.30Mpa인 경우 수압시험압력은?
20140406_059,2014-04-06,59,,piping-fittings-valves,배관·이음쇠·밸브,boiler-piping-insulation,piping-fittings-valves,배관·이음쇠·밸브,boiler-piping-insulation,automatic,14,boiler-types-construction,12,medium,false,boiler-types-construction:12,본문:강관 규격,강관 용접접합의 특징에 대한 설명으로 틀린 것은?
20140406_060,2014-04-06,60,,energy-laws-inspection,에너지 관계법규·검사,energy-laws-and-inspection,energy-laws-inspection,에너지 관계법규·검사,energy-laws-and-inspection,automatic,34,automatic-control-interlocks,0,high,false,,본문:에너지이용합리화법 | 본문:열사용기자재,에너지이용합리화법상 열사용기자재가 아닌 것은?
20140720_001,2014-07-20,1,,boiler-types-construction,보일러 형식·구조·재료,boiler-operation-basics,boiler-types-construction,보일러 형식·구조·재료,boiler-operation-basics,automatic,30,water-treatment-corrosion,10,high,false,,본문:보일러 형식 | 본문:보일러 구조,원통형 및 수관식 보일러의 구조에 대한 설명 중 틀린 것은?
20140720_002,2014-07-20,2,,heat-steam-thermodynamics,열·증기·열역학 기초,boiler-operation-basics,heat-steam-thermodynamics,열·증기·열역학 기초,boiler-operation-basics,automatic,18,automatic-control-interlocks,0,high,false,,본문:열·일 단위 환산,열의 일당량 값으로 옳은 것은?
20140720_003,2014-07-20,3,,auxiliary-feedwater-equipment,급수·부대설비,boiler-auxiliary-equipment,auxiliary-feedwater-equipment,급수·부대설비,boiler-auxiliary-equipment,automatic,16,efficiency-output-heat-balance,10,high,false,efficiency-output-heat-balance:10,본문:공기예열기,보일러 시스템에서 공기예열기 설치 사용 시 특징으로 틀린 것은?
20140720_004,2014-07-20,4,,fuel-properties,연료 특성·발열량,boiler-installation-combustion,fuel-properties,연료 특성·발열량,boiler-installation-combustion,automatic,30,automatic-control-interlocks,0,high,false,,본문:연료 종류 | 본문:가스 연료,보일러 연료로 사용되는 LNG의 성분 중 함유량이 가장 많은 것은?
20140720_005,2014-07-20,5,,efficiency-output-heat-balance,효율·증발량·열정산,boiler-efficiency-heat-balance,efficiency-output-heat-balance,효율·증발량·열정산,boiler-efficiency-heat-balance,automatic,20,auxiliary-feedwater-equipment,16,high,false,auxiliary-feedwater-equipment:16,선택지:보일러 효율 | 선택지:열정산,공기예열기 설치 시 이점으로 옳지 않은 것은?
20140720_006,2014-07-20,6,,boiler-types-construction,보일러 형식·구조·재료,boiler-operation-basics,boiler-types-construction,보일러 형식·구조·재료,boiler-operation-basics,automatic,8,automatic-control-interlocks,0,medium,false,,선택지:형식 고유명,보일러 중에서 관류 보일러에 속하는 것은?
20140720_007,2014-07-20,7,,efficiency-output-heat-balance,효율·증발량·열정산,boiler-efficiency-heat-balance,efficiency-output-heat-balance,효율·증발량·열정산,boiler-efficiency-heat-balance,automatic,42,heat-steam-thermodynamics,32,high,false,heat-steam-thermodynamics:32,본문:보일러 효율 | 본문:증발량,"보일러 효율이 85%, 실제증발량이 5t/h이고, 발생증기의 엔탈피 656kcal/kg, 급수온도의 엔탈피는 56kcal/kg, 연려의 저위발열량이 9750kcal/kg일 때 연료 소비량은 약 몇 kg/h인가?"
20140720_008,2014-07-20,8,,heat-steam-thermodynamics,열·증기·열역학 기초,boiler-operation-basics,heat-steam-thermodynamics,열·증기·열역학 기초,boiler-operation-basics,automatic,9,automatic-control-interlocks,0,medium,false,,선택지:엔탈피·잠열,"물질의 온도 변화에 소요되는 열 즉, 물질의 온도를 상승시키는 에너지로 사용되는 열은 무엇인가?"
20140720_009,2014-07-20,9,,instruments-accessories,계측·부속장치,boiler-accessory-equipment,instruments-accessories,계측·부속장치,boiler-accessory-equipment,automatic,16,automatic-control-interlocks,0,high,false,,본문:압력·온도·유량계,용적식 유량계가 아닌 것은?
20140720_010,2014-07-20,10,,environmental-pollution-control,집진·환경설비,boiler-accessory-equipment,environmental-pollution-control,집진·환경설비,boiler-accessory-equipment,automatic,20,automatic-control-interlocks,0,high,false,,본문:집진장치,가압수식 집진장치의 종류에 속하는 것은?
20140720_011,2014-07-20,11,,instruments-accessories,계측·부속장치,boiler-accessory-equipment,instruments-accessories,계측·부속장치,boiler-accessory-equipment,automatic,18,automatic-control-interlocks,0,high,false,,본문:수트블로워,분사관을 이용해 선단에 노즐을 설치하여 청소하는 것으로 주로 고온의 전열면에 사용하는 슈트블로워(soot blower)의 형식은?
20140720_012,2014-07-20,12,,boiler-types-construction,보일러 형식·구조·재료,boiler-operation-basics,boiler-types-construction,보일러 형식·구조·재료,boiler-operation-basics,automatic,6,automatic-control-interlocks,0,medium,false,,선택지:보일러 구조,"긴 관의 한 끝에서 펌프로 압송된 급수가 관을 지나는 동안 차례로 가열, 증발, 과열된 다음 과열 증기가 되어 나가는 형식의 보일러는?"
20140720_013,2014-07-20,13,,safety-devices,안전장치·연소안전,boiler-protection-devices,safety-devices,안전장치·연소안전,boiler-protection-devices,automatic,27,burners-furnaces-atomization,8,high,false,,본문:안전장치 | 선택지:안전밸브·방출밸브,보일러 연소실 내의 미연소가스 폭발에 대비하여 설치하는 안전장치는?
20140720_014,2014-07-20,14,,combustion-air-calculation,연소·공기비·배기가스 계산,boiler-installation-combustion,combustion-air-calculation,연소·공기비·배기가스 계산,boiler-installation-combustion,automatic,24,automatic-control-interlocks,0,high,false,,본문:연소 계산 | 본문:연소,"연료를 연소시키는데 필요한 실제공기량과 이론공기량의 비 즉, 공기비를 m이라 할 때 (m-1)×100% 식이 뜻하는 것은?"
20140720_015,2014-07-20,15,,automatic-control-interlocks,자동제어·인터록,boiler-control-systems,automatic-control-interlocks,자동제어·인터록,boiler-control-systems,automatic,36,auxiliary-feedwater-equipment,0,high,false,,본문:자동제어 | 본문:제어량·조작량,보일러의 자동제어 신호전달 방식 중 전달거리가 가장 긴 것은?
20140720_016,2014-07-20,16,,combustion-air-calculation,연소·공기비·배기가스 계산,boiler-installation-combustion,combustion-air-calculation,연소·공기비·배기가스 계산,boiler-installation-combustion,automatic,22,heat-steam-thermodynamics,7,high,false,,본문:연소 속도 | 본문:연소,연소의 속도에 미치는 인자가 아닌 것은?
20140720_017,2014-07-20,17,,automatic-control-interlocks,자동제어·인터록,boiler-control-systems,automatic-control-interlocks,자동제어·인터록,boiler-control-systems,automatic,36,auxiliary-feedwater-equipment,0,high,false,,본문:자동제어 | 본문:제어량·조작량,"자동제어의 신호전달방법 중 신호전송 시 시간지연이 있으며, 전송거리가 100~150m 정도인 것은?"
20140720_018,2014-07-20,18,,fuel-properties,연료 특성·발열량,boiler-installation-combustion,fuel-properties,연료 특성·발열량,boiler-installation-combustion,automatic,16,burners-furnaces-atomization,8,high,false,,본문:연료 종류,액체연료 중 경질유에 주로 사용하는 기화연소 방식의 종류에 해당하지 않는 것은?
20140720_019,2014-07-20,19,,heat-steam-thermodynamics,열·증기·열역학 기초,boiler-operation-basics,heat-steam-thermodynamics,열·증기·열역학 기초,boiler-operation-basics,automatic,25,auxiliary-feedwater-equipment,18,high,false,auxiliary-feedwater-equipment:18,본문:증기 상태 | 선택지:비열·열량,보일러에 과열기를 설치하여 과열증기를 사용하는 경우의 설명으로 잘못된 것은?
20140720_020,2014-07-20,20,,steam-traps-condensate,증기트랩·응축수 환수,boiler-piping-insulation,steam-traps-condensate,증기트랩·응축수 환수,boiler-piping-insulation,automatic,20,automatic-control-interlocks,0,high,false,,본문:증기트랩,플로트 트랩은 어떤 종류의 트랩인가?
20140720_021,2014-07-20,21,,water-treatment-corrosion,수질관리·스케일·부식,boiler-water-treatment,water-treatment-corrosion,수질관리·스케일·부식,boiler-water-treatment,automatic,20,automatic-control-interlocks,0,high,false,,본문:외처리,보일러의 외처리 방법 중 탈기법에서 제거되는 것은?
20140720_022,2014-07-20,22,,water-treatment-corrosion,수질관리·스케일·부식,boiler-water-treatment,water-treatment-corrosion,수질관리·스케일·부식,boiler-water-treatment,automatic,26,fuel-properties,5,high,false,,선택지:수처리 | 본문:부식,보일러의 외부부식 발생원인과 관계가 가장 먼 것은?
20140720_023,2014-07-20,23,,heating-systems,증기·온수·복사난방,boiler-piping-insulation,heating-systems,증기·온수·복사난방,boiler-piping-insulation,automatic,17,automatic-control-interlocks,0,high,false,,선택지:방열기 | 본문:난방 일반,실내의 온도분포가 가장 균등한 난방방식은 무엇인가?
20140720_024,2014-07-20,24,,piping-fittings-valves,배관·이음쇠·밸브,boiler-piping-insulation,piping-fittings-valves,배관·이음쇠·밸브,boiler-piping-insulation,automatic,6,automatic-control-interlocks,0,medium,false,,선택지:신축·지지,관을 아래서 지지하면서 신축을 자유롭게 하는 지지물은 무엇인가?
20140720_025,2014-07-20,25,,heat-steam-thermodynamics,열·증기·열역학 기초,boiler-operation-basics,heat-steam-thermodynamics,열·증기·열역학 기초,boiler-operation-basics,automatic,18,automatic-control-interlocks,0,high,false,,본문:열전달,"고체 내부에서의 열의 이동 현상으로 물질은 움직이지 않고, 열만 이동하는 현상은 무엇인가?"
20140720_026,2014-07-20,26,,fuel-properties,연료 특성·발열량,boiler-installation-combustion,fuel-properties,연료 특성·발열량,boiler-installation-combustion,automatic,22,combustion-air-calculation,6,high,false,,선택지:석탄 | 선택지:유류·중유 | 선택지:가스 연료,연료 중 표면 연소하는 것은?
20140720_027,2014-07-20,27,,instruments-accessories,계측·부속장치,boiler-accessory-equipment,instruments-accessories,계측·부속장치,boiler-accessory-equipment,automatic,16,automatic-control-interlocks,0,high,false,,본문:압력·온도·유량계,서로 다른 두 종류의 금속판을 하나로 합쳐 온도 차이에 따라 팽창정도가 다른 점을 이용한 온도계는?
20140720_028,2014-07-20,28,,boiler-types-construction,보일러 형식·구조·재료,boiler-operation-basics,boiler-types-construction,보일러 형식·구조·재료,boiler-operation-basics,automatic,6,automatic-control-interlocks,0,medium,false,,선택지:보일러 구조,일반적으로 효율이 가장 좋은 보일러는?
20140720_029,2014-07-20,29,,safety-devices,안전장치·연소안전,boiler-protection-devices,safety-devices,안전장치·연소안전,boiler-protection-devices,automatic,26,piping-fittings-valves,8,high,false,,본문:연료차단 보호 | 선택지:압력 보호,"급유장치에서 보일러 가동 중 연소의 소화, 압력초과 등 이상 현상 발생 시 긴급히 연료를 차단하는 것은?"
20140720_030,2014-07-20,30,,instruments-accessories,계측·부속장치,boiler-accessory-equipment,instruments-accessories,계측·부속장치,boiler-accessory-equipment,automatic,16,automatic-control-interlocks,0,high,false,,본문:압력·온도·유량계,급유량계 앞에 설치하는 여과기의 종류가 아닌 것은?
20140720_031,2014-07-20,31,,heat-steam-thermodynamics,열·증기·열역학 기초,boiler-operation-basics,heat-steam-thermodynamics,열·증기·열역학 기초,boiler-operation-basics,automatic,32,efficiency-output-heat-balance,20,high,false,efficiency-output-heat-balance:20,본문:엔탈피·잠열 | 본문:비열·열량,"보일러 증기 발생량이 5t/h, 발생 증기 엔탈피는 650kcal/kg, 연료 사용량이 400kg/h, 연료의 저위 발열량이 9750kcal/kg일 때 보일러 효율은 약 몇 %인가? (단, 급수 온도는 20[℃]이다.)"
20140720_032,2014-07-20,32,,piping-fittings-valves,배관·이음쇠·밸브,boiler-piping-insulation,piping-fittings-valves,배관·이음쇠·밸브,boiler-piping-insulation,automatic,26,automatic-control-interlocks,0,high,false,,본문:배관 | 본문:밸브 일반,보일러 급수배관에서 급수의 역류를 방지하기 위하여 설치하는 밸브는?
20140720_033,2014-07-20,33,,boiler-types-construction,보일러 형식·구조·재료,boiler-operation-basics,boiler-types-construction,보일러 형식·구조·재료,boiler-operation-basics,automatic,38,automatic-control-interlocks,0,high,false,,본문:보일러 형식 | 선택지:형식 고유명 | 본문:보일러 구조,보일러 중 노통연관식 보일러는?
20140720_034,2014-07-20,34,,instruments-accessories,계측·부속장치,boiler-accessory-equipment,instruments-accessories,계측·부속장치,boiler-accessory-equipment,automatic,20,automatic-control-interlocks,0,high,false,,본문:수면계,수면계의 기능시험 시기로 틀린 것은?
20140720_035,2014-07-20,35,,piping-fittings-valves,배관·이음쇠·밸브,boiler-piping-insulation,piping-fittings-valves,배관·이음쇠·밸브,boiler-piping-insulation,automatic,14,automatic-control-interlocks,0,high,false,,본문:강관 규격,강관의 스케줄 번호를 나타내는 것은?
20140720_036,2014-07-20,36,,heating-systems,증기·온수·복사난방,boiler-piping-insulation,heating-systems,증기·온수·복사난방,boiler-piping-insulation,automatic,14,safety-devices,9,high,false,safety-devices:9,본문:팽창탱크,가정용 온수보일러 등에 설치하는 팽창탱크의 주된 설치 목적은 무엇인가?
20140720_037,2014-07-20,37,,heating-load-radiators,난방부하·방열기 계산,boiler-installation-combustion,heating-load-radiators,난방부하·방열기 계산,boiler-installation-combustion,automatic,56,boiler-types-construction,12,high,false,,본문:난방부하 | 본문:방열기 계산 | 본문:난방 계산,"난방부하가 15000kcal/h이고, 주철제 증기 방열기로 난방 한다면 방열기 소요 방열면적은 약 몇 m2인가? (단, 방열기의 방열량은 표준 방열량으로 한다.)"
20140720_038,2014-07-20,38,,heating-systems,증기·온수·복사난방,boiler-piping-insulation,heating-systems,증기·온수·복사난방,boiler-piping-insulation,automatic,18,heating-load-radiators,9,high,false,,본문:난방 방식,증기난방과 비교한 온수난방의 특징 설명으로 틀린 것은?
20140720_039,2014-07-20,39,,operation-maintenance-preservation,기동·운전·정지·보존,boiler-operation-maintenance,operation-maintenance-preservation,기동·운전·정지·보존,boiler-operation-maintenance,automatic,12,instruments-accessories,10,medium,false,instruments-accessories:10 | auxiliary-feedwater-equipment:8 | steam-traps-condensate:7,본문:정상운전·송기,증기보일러에서 송기를 개시할 때 증기밸브를 급히 열면 발생할 수 있는 현상으로 가장 적당한 것은?
20140720_040,2014-07-20,40,,insulation-materials,보온·단열재,boiler-piping-insulation,insulation-materials,보온·단열재,boiler-piping-insulation,automatic,16,piping-fittings-valves,10,high,false,piping-fittings-valves:10,본문:단열,배관의 단열공사를 실시하는 목적에서 가장 거리가 먼 것은 무엇인가?
20140720_041,2014-07-20,41,jpg 확필,boiler-types-construction,보일러 형식·구조·재료,boiler-operation-basics,piping-fittings-valves,배관·이음쇠·밸브,boiler-piping-insulation,pdf-reviewed,12,piping-fittings-valves,10,medium,false,piping-fittings-valves:10,본문:재료·제작,냉동용 배관 결합 방식에 따른 도시방법 중 용접식을 나타내는 것은?
20140720_042,2014-07-20,42,,heating-systems,증기·온수·복사난방,boiler-piping-insulation,heating-systems,증기·온수·복사난방,boiler-piping-insulation,automatic,6,automatic-control-interlocks,0,medium,false,,본문:방열기,방열기 설치 시 벽면과의 간격으로 가장 적합한 것은?
20140720_043,2014-07-20,43,,piping-fittings-valves,배관·이음쇠·밸브,boiler-piping-insulation,piping-fittings-valves,배관·이음쇠·밸브,boiler-piping-insulation,automatic,12,automatic-control-interlocks,0,high,false,,본문:배관 표시·굽힘,"20A 관을 90°로 구부릴 때 중심곡선의 적당한 길이는 약 몇 ㎜인가? (단, 곡률 반지름 R=100㎜이다.)"
20140720_044,2014-07-20,44,,piping-fittings-valves,배관·이음쇠·밸브,boiler-piping-insulation,piping-fittings-valves,배관·이음쇠·밸브,boiler-piping-insulation,automatic,16,combustion-air-calculation,3,high,false,,본문:배관 가공,가스절단 조건에 대한 설명 중 틀린 것은?
20140720_045,2014-07-20,45,,energy-laws-inspection,에너지 관계법규·검사,energy-laws-and-inspection,energy-laws-inspection,에너지 관계법규·검사,energy-laws-and-inspection,automatic,18,automatic-control-interlocks,0,high,false,,본문:에너지법,에너지법에서 사용하는 “에너지”의 정의를 가장 올바르게 나타낸 것은?
20140720_046,2014-07-20,46,,energy-laws-inspection,에너지 관계법규·검사,energy-laws-and-inspection,energy-laws-inspection,에너지 관계법규·검사,energy-laws-and-inspection,automatic,36,automatic-control-interlocks,0,high,false,,본문:신재생에너지 | 본문:신재생에너지 표기 변형,신·재생에너지 설비의 설치를 전문으로 하려는 자는 자본금·기술인력 등의 신고기준 및 절차에 따라 누구에게 신고를 하여야 하는가?
20140720_047,2014-07-20,47,,energy-laws-inspection,에너지 관계법규·검사,energy-laws-and-inspection,energy-laws-inspection,에너지 관계법규·검사,energy-laws-and-inspection,automatic,23,automatic-control-interlocks,0,high,false,,선택지:법령·행정 | 본문:에너지사용·진단 | 선택지:열사용기자재,에너지절약 전문기업의 등록은 누구에게 하도록 위탁되어 있는가?
20140720_048,2014-07-20,48,,energy-laws-inspection,에너지 관계법규·검사,energy-laws-and-inspection,energy-laws-inspection,에너지 관계법규·검사,energy-laws-and-inspection,automatic,18,automatic-control-interlocks,0,high,false,,본문:에너지법,에너지법상 지역에너지계획은 몇 년 마다 몇 년 이상을 계획기간으로 수립·시행하는가?
20140720_049,2014-07-20,49,,boiler-types-construction,보일러 형식·구조·재료,boiler-operation-basics,boiler-types-construction,보일러 형식·구조·재료,boiler-operation-basics,automatic,30,energy-laws-inspection,14,high,false,,선택지:보일러 형식 | 선택지:보일러 구조 | 본문:재료·제작 | 선택지:최고사용압력,열사용기자재 관리규칙에서 용접검사가 면제될 수 있는 보일러의 대상 범위로 틀린 것은?
20140720_050,2014-07-20,50,,energy-laws-inspection,에너지 관계법규·검사,energy-laws-and-inspection,energy-laws-inspection,에너지 관계법규·검사,energy-laws-and-inspection,automatic,18,automatic-control-interlocks,0,high,false,,본문:저탄소·녹색성장,저탄소 녹색성장기본법상 녹색성장위원회는 위원장 2명을 포함한 몇 명 이내의 위원으로 구성하는가?
20140720_051,2014-07-20,51,,piping-fittings-valves,배관·이음쇠·밸브,boiler-piping-insulation,piping-fittings-valves,배관·이음쇠·밸브,boiler-piping-insulation,automatic,28,automatic-control-interlocks,0,high,false,,본문:이음쇠 | 본문:신축·지지,"신축이음 종류 중 고온, 고압에 적당하며, 신축에 따른 자체응력이 생기는 결점이 있는 신축이음쇠는?"
20140720_052,2014-07-20,52,,heating-load-radiators,난방부하·방열기 계산,boiler-installation-combustion,heating-load-radiators,난방부하·방열기 계산,boiler-installation-combustion,automatic,18,heat-steam-thermodynamics,9,high,false,,본문:난방부하,난방부하 계산 시 사용되는 용어에 대한 설명 중 틀린 것은?
20140720_053,2014-07-20,53,,piping-fittings-valves,배관·이음쇠·밸브,boiler-piping-insulation,piping-fittings-valves,배관·이음쇠·밸브,boiler-piping-insulation,automatic,16,automatic-control-interlocks,0,high,false,,본문:밸브 일반,증기 보일러의 관류밸브에서 보일러와 압력릴리프밸브와의 사이에 체크밸브를 설치할 경우 압력릴리프밸브는 몇 개 이상 설치하여야 하는가?
20140720_054,2014-07-20,54,,piping-fittings-valves,배관·이음쇠·밸브,boiler-piping-insulation,piping-fittings-valves,배관·이음쇠·밸브,boiler-piping-insulation,automatic,10,automatic-control-interlocks,0,high,false,,본문:배관,"보일러 설치·시공기준상 가스용 보일러의 경우 연료배관 외부에 표시하여야 하는 사항이 아닌 것은? (단, 배관은 지상에 노출된 경우임)"
20140720_055,2014-07-20,55,,operation-maintenance-preservation,기동·운전·정지·보존,boiler-operation-maintenance,operation-maintenance-preservation,기동·운전·정지·보존,boiler-operation-maintenance,automatic,20,burners-furnaces-atomization,14,high,false,burners-furnaces-atomization:14 | fuel-properties:14,본문:정지 | 선택지:점검·정비,유류연소 수동보일러의 운전정지 내용으로 잘못된 것은?
20140720_056,2014-07-20,56,,steam-traps-condensate,증기트랩·응축수 환수,boiler-piping-insulation,steam-traps-condensate,증기트랩·응축수 환수,boiler-piping-insulation,automatic,20,automatic-control-interlocks,0,high,false,,본문:증기트랩,증기 트랩의 종류가 아닌 것은?
20140720_057,2014-07-20,57,,boiler-types-construction,보일러 형식·구조·재료,boiler-operation-basics,boiler-types-construction,보일러 형식·구조·재료,boiler-operation-basics,automatic,12,failures-accidents-safety,7,high,false,failures-accidents-safety:7,본문:재료·제작,강판 제조 시 강괴 속에 함유되어 있는 가스체 등에 의해 강판이 두 장의 층을 형성하는 결함은?
20140720_058,2014-07-20,58,,combustion-air-calculation,연소·공기비·배기가스 계산,boiler-installation-combustion,combustion-air-calculation,연소·공기비·배기가스 계산,boiler-installation-combustion,automatic,10,burners-furnaces-atomization,8,medium,false,burners-furnaces-atomization:8 | operation-maintenance-preservation:7,선택지:연소 반응 | 선택지:연소,가연가스와 미연가스가 노내에 발생하는 경우가 아닌 것은?
20140720_059,2014-07-20,59,,water-treatment-corrosion,수질관리·스케일·부식,boiler-water-treatment,water-treatment-corrosion,수질관리·스케일·부식,boiler-water-treatment,automatic,18,automatic-control-interlocks,0,high,false,,본문:스케일,보일러 급수의 pH로 가장 적합한 것은?
20140720_060,2014-07-20,60,,operation-maintenance-preservation,기동·운전·정지·보존,boiler-operation-maintenance,operation-maintenance-preservation,기동·운전·정지·보존,boiler-operation-maintenance,automatic,16,auxiliary-feedwater-equipment,9,high,false,auxiliary-feedwater-equipment:9,본문:정지,보일러의 운전정지 시 가장 뒤에 조작하는 작업은?
20141011_001,2014-10-11,1,,auxiliary-feedwater-equipment,급수·부대설비,boiler-auxiliary-equipment,auxiliary-feedwater-equipment,급수·부대설비,boiler-auxiliary-equipment,automatic,37,instruments-accessories,32,high,false,instruments-accessories:32,선택지:급수펌프 | 선택지:절탄기 | 선택지:공기예열기 | 선택지:과열·재열,보일러의 여열을 이용하여 증기보일러의 효율을 높이기 위한 부속장치로 맞는 것은?
20141011_002,2014-10-11,2,,efficiency-output-heat-balance,효율·증발량·열정산,boiler-efficiency-heat-balance,efficiency-output-heat-balance,효율·증발량·열정산,boiler-efficiency-heat-balance,automatic,10,operation-maintenance-preservation,6,high,false,operation-maintenance-preservation:6,선택지:열정산,스팀 헤더(steam header)에 관한 설명으로 틀린 것은?
20141011_003,2014-10-11,3,,automatic-control-interlocks,자동제어·인터록,boiler-control-systems,automatic-control-interlocks,자동제어·인터록,boiler-control-systems,automatic,18,operation-maintenance-preservation,7,high,false,,본문:인터록,보일러 기관 작동을 저지시키는 인터록 제어에 속하지 않는 것은?
20141011_004,2014-10-11,4,,boiler-types-construction,보일러 형식·구조·재료,boiler-operation-basics,boiler-types-construction,보일러 형식·구조·재료,boiler-operation-basics,automatic,8,automatic-control-interlocks,0,medium,false,,선택지:형식 고유명,다음 중 특수 보일러에 속하는 것은?
20141011_005,2014-10-11,5,,draft-flue-gas,통풍·연도·굴뚝,boiler-installation-combustion,draft-flue-gas,통풍·연도·굴뚝,boiler-installation-combustion,automatic,14,burners-furnaces-atomization,8,high,false,burners-furnaces-atomization:8,본문:연도·굴뚝,보일러 연소실이나 연도에서 화염의 유무를 검출하는 장치가 아닌 것은?
20141011_006,2014-10-11,6,,boiler-types-construction,보일러 형식·구조·재료,boiler-operation-basics,boiler-types-construction,보일러 형식·구조·재료,boiler-operation-basics,automatic,30,water-treatment-corrosion,10,high,false,,본문:보일러 형식 | 본문:보일러 구조,수관식 보일러의 특징에 대한 설명으로 틀린 것은?
20141011_007,2014-10-11,7,,draft-flue-gas,통풍·연도·굴뚝,boiler-installation-combustion,draft-flue-gas,통풍·연도·굴뚝,boiler-installation-combustion,automatic,32,combustion-air-calculation,6,high,false,,본문:통풍 | 본문:연도·굴뚝,"연소가스와 대기의 온도가 각각 250℃, 30℃이고 연돌의 높이가 50m일 때 이론 통풍력은 약 얼마인가? (단, 연소가스와 대기의 비중량은 각각 1.35kg/Nm3, 1.25kg/Nm3이다.)"
20141011_008,2014-10-11,8,,environmental-pollution-control,집진·환경설비,boiler-accessory-equipment,environmental-pollution-control,집진·환경설비,boiler-accessory-equipment,automatic,27,automatic-control-interlocks,0,high,false,,본문:집진장치 | 선택지:분진·매연,사이클론 집진기의 집진율을 증가시키기 위한 방법으로 틀린 것은?
20141011_009,2014-10-11,9,,heat-steam-thermodynamics,열·증기·열역학 기초,boiler-operation-basics,heat-steam-thermodynamics,열·증기·열역학 기초,boiler-operation-basics,automatic,43,automatic-control-interlocks,0,high,false,,본문:증기 상태 | 본문:엔탈피·잠열 | 선택지:비열·열량,건포화증기의 엔탈피와 포화수의 엔탈피의 차는?
20141011_010,2014-10-11,10,,auxiliary-feedwater-equipment,급수·부대설비,boiler-auxiliary-equipment,auxiliary-feedwater-equipment,급수·부대설비,boiler-auxiliary-equipment,pdf-reviewed,9,water-treatment-corrosion,9,low,true,water-treatment-corrosion:9,선택지:급수펌프,보일러에서 발생하는 증기를 이용하여 급수하는 장치는?
20141011_011,2014-10-11,11,,boiler-types-construction,보일러 형식·구조·재료,boiler-operation-basics,boiler-types-construction,보일러 형식·구조·재료,boiler-operation-basics,automatic,39,automatic-control-interlocks,0,high,false,,본문:보일러 형식 | 선택지:내분·외분식 | 본문:보일러 구조,연관식 보일러의 특징으로 틀린 것은?
20141011_012,2014-10-11,12,,boiler-types-construction,보일러 형식·구조·재료,boiler-operation-basics,boiler-types-construction,보일러 형식·구조·재료,boiler-operation-basics,automatic,14,automatic-control-interlocks,12,medium,false,automatic-control-interlocks:12,본문:급수내관·수위,보일러의 수위 제어에 영향을 미치는 요인 중에서 보일러 수위제어시스템으로 제어할 수 없는 것은?
20141011_013,2014-10-11,13,,instruments-accessories,계측·부속장치,boiler-accessory-equipment,instruments-accessories,계측·부속장치,boiler-accessory-equipment,automatic,18,draft-flue-gas,16,medium,false,draft-flue-gas:16,본문:수트블로워,슈트블로워(soot blower) 사용 시 주의 사항으로 거리가 먼 것은?
20141011_014,2014-10-11,14,,water-treatment-corrosion,수질관리·스케일·부식,boiler-water-treatment,water-treatment-corrosion,수질관리·스케일·부식,boiler-water-treatment,automatic,19,automatic-control-interlocks,0,high,false,,선택지:수처리 | 선택지:스케일,보일러의 과열 원인으로 적당하지 않은 것은?
20141011_015,2014-10-11,15,,burners-furnaces-atomization,버너·화격자·연소장치,boiler-installation-combustion,burners-furnaces-atomization,버너·화격자·연소장치,boiler-installation-combustion,automatic,32,water-treatment-corrosion,9,high,false,,본문:버너 | 선택지:분무·미립화 | 선택지:연소실·노,오일 버너의 화염이 불안정한 원인과 가장 무관한 것은?
20141011_016,2014-10-11,16,,heat-steam-thermodynamics,열·증기·열역학 기초,boiler-operation-basics,heat-steam-thermodynamics,열·증기·열역학 기초,boiler-operation-basics,automatic,7,automatic-control-interlocks,0,medium,false,,선택지:비열·열량,열전도에 적용되는 퓨리에의 법칙 설명 중 틀린 것은?
20141011_017,2014-10-11,17,,safety-devices,안전장치·연소안전,boiler-protection-devices,safety-devices,안전장치·연소안전,boiler-protection-devices,automatic,18,automatic-control-interlocks,0,high,false,,선택지:안전장치 | 선택지:안전밸브·방출밸브,최근 난방 또는 급탕용으로 사용되는 진공 온수보일러에 대한 설명 중 틀린 것은?
20141011_018,2014-10-11,18,,efficiency-output-heat-balance,효율·증발량·열정산,boiler-efficiency-heat-balance,efficiency-output-heat-balance,효율·증발량·열정산,boiler-efficiency-heat-balance,automatic,22,burners-furnaces-atomization,4,high,false,,본문:증발량,보일러에서 실제 증발량(kg/h)을 연료 소모량(kg/h)으로 나눈 값은?
20141011_019,2014-10-11,19,,automatic-control-interlocks,자동제어·인터록,boiler-control-systems,automatic-control-interlocks,자동제어·인터록,boiler-control-systems,automatic,12,combustion-air-calculation,6,high,false,,본문:수위·압력 제어,보일러 제어에서 자동연소제어에 해당하는 약호는?
20141011_020,2014-10-11,20,,combustion-air-calculation,연소·공기비·배기가스 계산,boiler-installation-combustion,combustion-air-calculation,연소·공기비·배기가스 계산,boiler-installation-combustion,automatic,38,automatic-control-interlocks,0,high,false,,본문:연소 계산 | 본문:연소 반응 | 본문:연소,프로판(C3H8) 1kg이 완전연소 하는 경우 필요한 이론 산소량은 약 몇 Nm3인가?
20141011_021,2014-10-11,21,,fuel-properties,연료 특성·발열량,boiler-installation-combustion,fuel-properties,연료 특성·발열량,boiler-installation-combustion,automatic,22,efficiency-output-heat-balance,10,high,false,,본문:연료 종류 | 선택지:발열량,고체연료와 비교하여 액체연료 사용 시의 장점을 잘못 설명한 것은?
20141011_022,2014-10-11,22,,auxiliary-feedwater-equipment,급수·부대설비,boiler-auxiliary-equipment,auxiliary-feedwater-equipment,급수·부대설비,boiler-auxiliary-equipment,automatic,14,automatic-control-interlocks,0,high,false,,선택지:급수펌프 | 선택지:펌프,"고압, 중압 보일러 급수용 및 고양정 급수용으로 쓰이는 것으로 임펠러와 안내날개가 있는 펌프는?"
20141011_023,2014-10-11,23,,heat-steam-thermodynamics,열·증기·열역학 기초,boiler-operation-basics,heat-steam-thermodynamics,열·증기·열역학 기초,boiler-operation-basics,automatic,32,automatic-control-interlocks,0,high,false,,선택지:증기 상태 | 선택지:엔탈피·잠열 | 본문:압력·온도 기초,증기압력이 높아질 때 감소되는 것은?
20141011_024,2014-10-11,24,,boiler-types-construction,보일러 형식·구조·재료,boiler-operation-basics,boiler-types-construction,보일러 형식·구조·재료,boiler-operation-basics,automatic,18,automatic-control-interlocks,0,high,false,,본문:보일러 구조 | 선택지:재료·제작,노통 보일러에서 아담슨 조인트를 하는 목적은?
20141011_025,2014-10-11,25,,instruments-accessories,계측·부속장치,boiler-accessory-equipment,instruments-accessories,계측·부속장치,boiler-accessory-equipment,automatic,16,piping-fittings-valves,6,high,false,,본문:압력·온도·유량계,다음 중 압력계의 종류가 아닌 것은?
20141011_026,2014-10-11,26,,heat-steam-thermodynamics,열·증기·열역학 기초,boiler-operation-basics,heat-steam-thermodynamics,열·증기·열역학 기초,boiler-operation-basics,automatic,14,automatic-control-interlocks,0,high,false,,본문:전열 가열 계산,"500W의 전열기로서 2kg의 물을 18℃로부터 100℃까지 가열하는 데 소요되는 시간은 얼마인가? (단, 전열기 효율은 100%로 가정한다.)"
20141011_027,2014-10-11,27,,boiler-types-construction,보일러 형식·구조·재료,boiler-operation-basics,boiler-types-construction,보일러 형식·구조·재료,boiler-operation-basics,automatic,6,automatic-control-interlocks,0,medium,false,,선택지:보일러 구조,랭커셔 보일러는 어디에 속하는가?
20141011_028,2014-10-11,28,,burners-furnaces-atomization,버너·화격자·연소장치,boiler-installation-combustion,burners-furnaces-atomization,버너·화격자·연소장치,boiler-installation-combustion,automatic,20,fuel-properties,16,high,false,fuel-properties:16,본문:분무·미립화 | 선택지:연소실·노,액체연료 연소에서 무화의 목적이 아닌 것은?
20141011_029,2014-10-11,29,,fuel-properties,연료 특성·발열량,boiler-installation-combustion,fuel-properties,연료 특성·발열량,boiler-installation-combustion,automatic,30,burners-furnaces-atomization,8,high,false,,본문:연료 종류 | 본문:가스 연료,보일러에서 기체연료의 연소방식으로 가장 적당한 것은?
20141011_030,2014-10-11,30,,heating-systems,증기·온수·복사난방,boiler-piping-insulation,heating-systems,증기·온수·복사난방,boiler-piping-insulation,automatic,38,heating-load-radiators,10,high,false,,본문:난방 방식 | 본문:환수 방식 | 본문:방열기,단관 중력 환수식 온수난방에서 방열기 입구 반대편 상부에 부착하는 밸브는?
20141011_031,2014-10-11,31,,instruments-accessories,계측·부속장치,boiler-accessory-equipment,instruments-accessories,계측·부속장치,boiler-accessory-equipment,automatic,18,environmental-pollution-control,14,high,false,environmental-pollution-control:14 | operation-maintenance-preservation:10,본문:수트블로워,보일러 슈트 블로워를 사용하여 그을음 제거 작업을 하는 경우의 주의사항 설명으로 가장 옳은 것은?
20141011_032,2014-10-11,32,,water-treatment-corrosion,수질관리·스케일·부식,boiler-water-treatment,water-treatment-corrosion,수질관리·스케일·부식,boiler-water-treatment,automatic,25,automatic-control-interlocks,0,high,false,,선택지:스케일 | 선택지:캐리오버 | 선택지:부식,보일러 내부에 아연판을 매다는 가장 큰 이유는?
20141011_033,2014-10-11,33,,water-treatment-corrosion,수질관리·스케일·부식,boiler-water-treatment,water-treatment-corrosion,수질관리·스케일·부식,boiler-water-treatment,automatic,26,automatic-control-interlocks,0,high,false,,본문:스케일 | 선택지:부식,보일러 수(水) 중의 경도 성분을 슬러지로 만들기 위하여 사용하는 청관제는?
20141011_034,2014-10-11,34,,water-treatment-corrosion,수질관리·스케일·부식,boiler-water-treatment,water-treatment-corrosion,수질관리·스케일·부식,boiler-water-treatment,automatic,18,automatic-control-interlocks,0,high,false,,본문:세관·세정,보일러 내면의 산세정 시 염산을 사용하는 경우 세정액의 처리온도와 처리사간으로 가장 적합한 것은?
20141011_035,2014-10-11,35,,insulation-materials,보온·단열재,boiler-piping-insulation,insulation-materials,보온·단열재,boiler-piping-insulation,automatic,43,burners-furnaces-atomization,8,high,false,,본문:보온재 | 본문:단열 | 선택지:보온재 종류,"다른 보온재에 비하여 단열 효과가 낮으며 500℃ 이하의 파이프, 탱크, 노벽 등에 사용하는 것은?"
20141011_036,2014-10-11,36,,draft-flue-gas,통풍·연도·굴뚝,boiler-installation-combustion,draft-flue-gas,통풍·연도·굴뚝,boiler-installation-combustion,automatic,30,fuel-properties,18,high,false,fuel-properties:18,본문:송풍기 | 본문:연도·굴뚝,점화전 댐퍼를 열고 노내와 연도에 체류하고 있는 가연성가스를 송풍기로 취출시키는 작업은?
20141011_037,2014-10-11,37,,heating-systems,증기·온수·복사난방,boiler-piping-insulation,heating-systems,증기·온수·복사난방,boiler-piping-insulation,automatic,9,automatic-control-interlocks,0,medium,false,,선택지:난방 방식,"건물을 구성하는 구조체 즉 바닥, 벽 등에 난방용 코일을 묻고 열매체를 통과시켜 난방을 하는 것은?"
20141011_038,2014-10-11,38,,piping-fittings-valves,배관·이음쇠·밸브,boiler-piping-insulation,piping-fittings-valves,배관·이음쇠·밸브,boiler-piping-insulation,automatic,10,automatic-control-interlocks,0,high,false,,본문:배관,배관의 높이를 관의 중심을 기준으로 표시한 기호는?
20141011_039,2014-10-11,39,,auxiliary-feedwater-equipment,급수·부대설비,boiler-auxiliary-equipment,auxiliary-feedwater-equipment,급수·부대설비,boiler-auxiliary-equipment,automatic,33,efficiency-output-heat-balance,20,high,false,efficiency-output-heat-balance:20,선택지:급수펌프 | 선택지:펌프 | 선택지:절탄기 | 선택지:공기예열기,보일러의 열효율 향상과 관계가 없는 것은?
20141011_040,2014-10-11,40,,water-treatment-corrosion,수질관리·스케일·부식,boiler-water-treatment,water-treatment-corrosion,수질관리·스케일·부식,boiler-water-treatment,automatic,25,automatic-control-interlocks,0,high,false,,선택지:스케일 | 본문:캐리오버,보일러 급수성분 중 포밍과 관련이 가장 큰 것은?
20141011_041,2014-10-11,41,,failures-accidents-safety,고장·사고·작업안전,boiler-work-safety,failures-accidents-safety,고장·사고·작업안전,boiler-work-safety,automatic,12,operation-maintenance-preservation,7,high,false,operation-maintenance-preservation:7,본문:연소 이상,보일러에서 역화의 발생 원인이 아닌 것은?
20141011_042,2014-10-11,42,,instruments-accessories,계측·부속장치,boiler-accessory-equipment,instruments-accessories,계측·부속장치,boiler-accessory-equipment,automatic,20,water-treatment-corrosion,8,high,false,,본문:수면계,보일러 유리 수면계의 유리파손 원인과 무관한 것은?
20141011_043,2014-10-11,43,,heating-systems,증기·온수·복사난방,boiler-piping-insulation,heating-systems,증기·온수·복사난방,boiler-piping-insulation,automatic,14,efficiency-output-heat-balance,10,high,false,efficiency-output-heat-balance:10,본문:팽창탱크,가정용 온수보일러 등에 설치하는 팽창탱크의 주된 기능은?
20141011_044,2014-10-11,44,,heating-systems,증기·온수·복사난방,boiler-piping-insulation,heating-systems,증기·온수·복사난방,boiler-piping-insulation,automatic,16,environmental-pollution-control,8,high,false,,본문:지역·급탕 난방,지역난방의 특징을 설명한 것 중 틀린 것은?
20141011_045,2014-10-11,45,,instruments-accessories,계측·부속장치,boiler-accessory-equipment,instruments-accessories,계측·부속장치,boiler-accessory-equipment,automatic,20,boiler-types-construction,9,high,false,,본문:수면계,증기보일러에 설치하는 유리수면계는 2개 이상이어야 하는데 1개만 설치해도 되는 경우는?
20141011_046,2014-10-11,46,,heating-systems,증기·온수·복사난방,boiler-piping-insulation,heating-systems,증기·온수·복사난방,boiler-piping-insulation,automatic,35,steam-traps-condensate,32,medium,false,steam-traps-condensate:32,본문:난방 방식 | 본문:환수 방식 | 선택지:방열기,진공환수식 증기난방에서 리프트 피팅이란?
20141011_047,2014-10-11,47,,draft-flue-gas,통풍·연도·굴뚝,boiler-installation-combustion,draft-flue-gas,통풍·연도·굴뚝,boiler-installation-combustion,automatic,24,combustion-air-calculation,3,high,false,,선택지:통풍 | 선택지:송풍기 | 선택지:연도·굴뚝,보일러에서 분출 사고 시 긴급조치 사항으로 틀린 것은?
20141011_048,2014-10-11,48,,insulation-materials,보온·단열재,boiler-piping-insulation,insulation-materials,보온·단열재,boiler-piping-insulation,automatic,32,automatic-control-interlocks,0,high,false,,선택지:보온재 | 선택지:단열 | 본문:보온재 종류,유리솜 또는 암면의 용도와 관계없는 것은?
20141011_049,2014-10-11,49,jpg 확필,piping-fittings-valves,배관·이음쇠·밸브,boiler-piping-insulation,piping-fittings-valves,배관·이음쇠·밸브,boiler-piping-insulation,pdf-reviewed,40,automatic-control-interlocks,0,high,false,,본문:배관 | 본문:강관 규격 | 본문:이음쇠,"호칭지름 20A인 강관을 그림과 같이 배관할 때 엘보 사이의 파이프의 절단 길이는? (단, 20A 엘보의 끝단에서 중심까지 거리는 32㎜이고, 파이프의 물림 길이는 13㎜이다.)"
20141011_050,2014-10-11,50,,insulation-materials,보온·단열재,boiler-piping-insulation,insulation-materials,보온·단열재,boiler-piping-insulation,automatic,20,automatic-control-interlocks,0,high,false,,본문:보온재,"보온재 중 흔히 스치로폴이라고도 하며, 체적의 97~98%가 기공으로 되어있어 열 차단 능력이 우수하고, 내수성도 뛰어난 보온재는?"
20141011_051,2014-10-11,51,,heating-load-radiators,난방부하·방열기 계산,boiler-installation-combustion,heating-load-radiators,난방부하·방열기 계산,boiler-installation-combustion,automatic,20,heat-steam-thermodynamics,7,high,false,,본문:방열기 계산,방열기의 표준 방열량에 대한 설명으로 틀린 것은?
20141011_052,2014-10-11,52,,heating-systems,증기·온수·복사난방,boiler-piping-insulation,heating-systems,증기·온수·복사난방,boiler-piping-insulation,automatic,41,steam-traps-condensate,32,high,false,steam-traps-condensate:32,본문:난방 방식 | 선택지:환수 방식 | 본문:응축수 환수 계통,증기난방의 분류에서 응축수 환수방식에 해당하는 것은?
20141011_053,2014-10-11,53,,heating-load-radiators,난방부하·방열기 계산,boiler-installation-combustion,heating-load-radiators,난방부하·방열기 계산,boiler-installation-combustion,automatic,56,boiler-types-construction,12,high,false,,본문:난방부하 | 본문:방열기 계산 | 본문:난방 계산,"어떤 거실의 난방부하가 5000kcal/h이고, 주철제 온수 방열기로 난방할 때 필요한 방열기 쪽수는? (단, 방열기 1쪽당 방열면적은 0.26m2이고, 방열량은 표준 방열량으로 한다.)"
20141011_054,2014-10-11,54,,heating-systems,증기·온수·복사난방,boiler-piping-insulation,heating-systems,증기·온수·복사난방,boiler-piping-insulation,automatic,33,piping-fittings-valves,10,high,false,,본문:난방 방식 | 선택지:팽창탱크 | 본문:난방 배관,온수난방 배관 시공법의 설명으로 잘못된 것은?
20141011_055,2014-10-11,55,,energy-laws-inspection,에너지 관계법규·검사,energy-laws-and-inspection,energy-laws-inspection,에너지 관계법규·검사,energy-laws-and-inspection,automatic,44,automatic-control-interlocks,0,high,false,,본문:에너지이용합리화법 | 본문:법령·행정 | 본문:효율관리,에너지이용합리화법상 에너지의 최저소비효율기준에 미달하는 효율관리기자재의 생산 또는 판매금지 명령을 위반한 자에 대한 벌칙 기준은?
20141011_056,2014-10-11,56,jpg 확필,energy-laws-inspection,에너지 관계법규·검사,energy-laws-and-inspection,energy-laws-inspection,에너지 관계법규·검사,energy-laws-and-inspection,pdf-reviewed,18,automatic-control-interlocks,0,high,false,,본문:저탄소·녹색성장,다음은 저탄소 녹색성장 기본법에 명시된 용어의 뜻이다. ( )안에 알맞은 것은?
20141011_057,2014-10-11,57,,energy-laws-inspection,에너지 관계법규·검사,energy-laws-and-inspection,energy-laws-inspection,에너지 관계법규·검사,energy-laws-and-inspection,automatic,26,automatic-control-interlocks,0,high,false,,본문:법령·행정 | 본문:열사용기자재,특정열사용기자재 중 산업통상자원부령으로 정하는 검사대상기기를 폐기한 경우에는 폐기한 날부터 며칠 이내에 폐기신고서를 제출해야 하는가?
20141011_058,2014-10-11,58,,energy-laws-inspection,에너지 관계법규·검사,energy-laws-and-inspection,energy-laws-inspection,에너지 관계법규·검사,energy-laws-and-inspection,automatic,38,automatic-control-interlocks,0,high,false,,본문:법령·행정 | 본문:열사용기자재 | 본문:검사 행정,특정열사용기자재 중 산업통상자원부령으로 정하는 검사대상기기의 계속사용검사 신청서는 검사유효기간 만류 며칠 전까지 제출해야 하는가?
20141011_059,2014-10-11,59,,energy-laws-inspection,에너지 관계법규·검사,energy-laws-and-inspection,energy-laws-inspection,에너지 관계법규·검사,energy-laws-and-inspection,automatic,17,automatic-control-interlocks,0,high,false,,선택지:저탄소·녹색성장 | 선택지:자원순환,"화석연료에 대한 의존도를 낮추어 청정에너지의 사용 및 보급을 확대하여 녹색기술 연구개발, 탄소흡수원 확충 등을 통하여 온실가스를 적정수준 이하로 줄이는 것에 대한 정의로 옳은 것은?"
20141011_060,2014-10-11,60,,energy-laws-inspection,에너지 관계법규·검사,energy-laws-and-inspection,energy-laws-inspection,에너지 관계법규·검사,energy-laws-and-inspection,automatic,20,automatic-control-interlocks,0,high,false,,본문:에너지이용합리화법,에너지이용합리화법상의 목표에너지 단위를 가장 옳게 설명한 것은?
20150125_001,2015-01-25,1,,efficiency-output-heat-balance,효율·증발량·열정산,boiler-efficiency-heat-balance,efficiency-output-heat-balance,효율·증발량·열정산,boiler-efficiency-heat-balance,automatic,22,heat-steam-thermodynamics,18,high,false,heat-steam-thermodynamics:18,본문:증발량,"증발량 3500kgf/h인 보일러의 증기 엔탈피가 640kcal/kg이고, 급수의 온도는 20℃이다. 이 보일러의 상당 증발량은 얼마인가?"
20150125_002,2015-01-25,2,,burners-furnaces-atomization,버너·화격자·연소장치,boiler-installation-combustion,burners-furnaces-atomization,버너·화격자·연소장치,boiler-installation-combustion,automatic,26,fuel-properties,16,high,false,fuel-properties:16,선택지:버너 | 본문:화격자·연소장치,액체 연료 연소장치에서 보염장치(공기조절장치)의 구성 요소가 아닌 것은?
20150125_003,2015-01-25,3,,efficiency-output-heat-balance,효율·증발량·열정산,boiler-efficiency-heat-balance,efficiency-output-heat-balance,효율·증발량·열정산,boiler-efficiency-heat-balance,automatic,22,heat-steam-thermodynamics,16,high,false,heat-steam-thermodynamics:16,본문:증발량,보일러의 상당증발량을 옳게 설명한 것은?
20150125_004,2015-01-25,4,,safety-devices,안전장치·연소안전,boiler-protection-devices,safety-devices,안전장치·연소안전,boiler-protection-devices,automatic,18,automatic-control-interlocks,0,high,false,,본문:안전밸브·방출밸브,안전밸브의 종류가 아닌 것은?
20150125_005,2015-01-25,5,,instruments-accessories,계측·부속장치,boiler-accessory-equipment,instruments-accessories,계측·부속장치,boiler-accessory-equipment,automatic,16,piping-fittings-valves,7,high,false,,본문:압력·온도·유량계,증기보일러의 압력계 부착에 대한 설명으로 틀린 것은?
20150125_006,2015-01-25,6,,efficiency-output-heat-balance,효율·증발량·열정산,boiler-efficiency-heat-balance,efficiency-output-heat-balance,효율·증발량·열정산,boiler-efficiency-heat-balance,automatic,10,fuel-properties,8,medium,false,fuel-properties:8,선택지:보일러 효율,육용 보일러 열 정산의 조건과 관련된 설명 중 틀린 것은?
20150125_007,2015-01-25,7,,boiler-types-construction,보일러 형식·구조·재료,boiler-operation-basics,boiler-types-construction,보일러 형식·구조·재료,boiler-operation-basics,automatic,12,efficiency-output-heat-balance,10,medium,false,efficiency-output-heat-balance:10 | failures-accidents-safety:7,본문:보일러 구조,보일러 본체에서 수부가 클 경우의 설명으로 틀린 것은?
20150125_008,2015-01-25,8,,environmental-pollution-control,집진·환경설비,boiler-accessory-equipment,environmental-pollution-control,집진·환경설비,boiler-accessory-equipment,automatic,14,automatic-control-interlocks,0,high,false,,본문:분진·매연,분진가스를 방해판 등에 충돌시키거나 급격한 방향전환 등에 의해 매연을 분리 포집하는 집진방법은?
20150125_009,2015-01-25,9,,auxiliary-feedwater-equipment,급수·부대설비,boiler-auxiliary-equipment,auxiliary-feedwater-equipment,급수·부대설비,boiler-auxiliary-equipment,automatic,28,heating-systems,3,high,false,,선택지:절탄기 | 선택지:공기예열기 | 선택지:과열·재열,보일러에 사용되는 열교환기 중 배기가스의 폐열을 이용하는 교환기가 아닌 것은?
20150125_010,2015-01-25,10,,boiler-types-construction,보일러 형식·구조·재료,boiler-operation-basics,boiler-types-construction,보일러 형식·구조·재료,boiler-operation-basics,automatic,30,efficiency-output-heat-balance,10,high,false,,본문:보일러 형식 | 본문:보일러 구조,수관식 보일러의 일반적인 특징에 관한 설명으로 틀린 것은?
20150125_011,2015-01-25,11,,automatic-control-interlocks,자동제어·인터록,boiler-control-systems,automatic-control-interlocks,자동제어·인터록,boiler-control-systems,automatic,20,auxiliary-feedwater-equipment,0,high,false,,본문:피드백·목표값,보일러 피드백제어에서 동작신호를 받아 규정된 동작을 하기 위해 조작신호를 만들어 조작부에 보내는 부분은?
20150125_012,2015-01-25,12,,boiler-types-construction,보일러 형식·구조·재료,boiler-operation-basics,boiler-types-construction,보일러 형식·구조·재료,boiler-operation-basics,automatic,38,automatic-control-interlocks,0,high,false,,본문:보일러 형식 | 선택지:형식 고유명 | 본문:보일러 구조,다음 중 수관식 보일러에 속하는 것은?
20150125_013,2015-01-25,13,,heat-steam-thermodynamics,열·증기·열역학 기초,boiler-operation-basics,heat-steam-thermodynamics,열·증기·열역학 기초,boiler-operation-basics,automatic,14,automatic-control-interlocks,0,high,false,,본문:압력·온도 기초,게이지 압력이 1.57MPa이고 대기압이 0.103MPa일 때 절대압력은 몇 MPa인가?
20150125_014,2015-01-25,14,,heat-steam-thermodynamics,열·증기·열역학 기초,boiler-operation-basics,heat-steam-thermodynamics,열·증기·열역학 기초,boiler-operation-basics,automatic,18,fuel-properties,12,high,false,fuel-properties:12,본문:엔탈피·잠열,"매시간 1500kg의 연료를 연소시켜서 시간당 11000kg의 증기를 발생시키는 보일러의 효율은 몇 % 인가? (단, 연료의 발열량은 6000kcal/kg, 발생증기의 엔탈피는 742kcal/kg, 급수의 엔탈피는 20kcal/kg이다.)"
20150125_015,2015-01-25,15,,draft-flue-gas,통풍·연도·굴뚝,boiler-installation-combustion,draft-flue-gas,통풍·연도·굴뚝,boiler-installation-combustion,automatic,34,operation-maintenance-preservation,8,high,false,,본문:통풍 | 본문:송풍기,연소용 공기를 노의 앞에서 불어 넣으므로 공기가 차고 깨끗하며 송풍기의 고장이 적고 점검 수리가 용이한 보일러의 강제통풍 방식은?
20150125_016,2015-01-25,16,,burners-furnaces-atomization,버너·화격자·연소장치,boiler-installation-combustion,burners-furnaces-atomization,버너·화격자·연소장치,boiler-installation-combustion,automatic,8,combustion-air-calculation,6,medium,false,combustion-air-calculation:6,본문:연소실·노,가스용 보일러의 연소방식 중에서 연료와 공기를 각각 연소실에 공급하여 연소실에서 연료와 공기가 혼합되면서 연소하는 방식은?
20150125_017,2015-01-25,17,,fuel-properties,연료 특성·발열량,boiler-installation-combustion,fuel-properties,연료 특성·발열량,boiler-installation-combustion,automatic,25,combustion-air-calculation,3,high,false,,본문:가스 연료 | 선택지:발열량 | 선택지:연료 성분,액화석유가스(LPG)의 특징에 대한 설명 중 틀린 것은?
20150125_018,2015-01-25,18,,instruments-accessories,계측·부속장치,boiler-accessory-equipment,instruments-accessories,계측·부속장치,boiler-accessory-equipment,automatic,18,automatic-control-interlocks,0,high,false,,본문:가스미터·액면계,액면계 중 직접식 액면계에 속하는 것은?
20150125_019,2015-01-25,19,,instruments-accessories,계측·부속장치,boiler-accessory-equipment,instruments-accessories,계측·부속장치,boiler-accessory-equipment,automatic,18,boiler-types-construction,6,high,false,,본문:분출장치,분출밸브의 최고사용압력은 보일러 최고사용압력의 몇 배 이상이어야 하는가?
20150125_020,2015-01-25,20,,boiler-types-construction,보일러 형식·구조·재료,boiler-operation-basics,boiler-types-construction,보일러 형식·구조·재료,boiler-operation-basics,automatic,15,automatic-control-interlocks,0,high,false,,선택지:보일러 형식 | 선택지:재료·제작,증기 또는 온수 보일러로써 여러 개의 섹션(section)을 조합하여 제작하는 보일러는?
20150125_021,2015-01-25,21,,steam-traps-condensate,증기트랩·응축수 환수,boiler-piping-insulation,steam-traps-condensate,증기트랩·응축수 환수,boiler-piping-insulation,automatic,20,heating-systems,18,medium,false,heating-systems:18,본문:증기트랩,증기난방시공에서 관말 증기 트랩 장치의 냉각래그(cooling leg) 길이는 일반적으로 몇 m 이상으로 해주어야 하는가?
20150125_022,2015-01-25,22,,heat-steam-thermodynamics,열·증기·열역학 기초,boiler-operation-basics,heat-steam-thermodynamics,열·증기·열역학 기초,boiler-operation-basics,automatic,14,boiler-types-construction,12,medium,false,boiler-types-construction:12,본문:압력·온도 기초,드럼 없이 초임계압력 하에서 증기를 발생시키는 강제순환 보일러는?
20150125_023,2015-01-25,23,,instruments-accessories,계측·부속장치,boiler-accessory-equipment,instruments-accessories,계측·부속장치,boiler-accessory-equipment,automatic,17,fuel-properties,14,medium,false,fuel-properties:14,선택지:압력·온도·유량계 | 선택지:온도계 설치,연료유 탱크에 가열장치를 설치한 경우에 대한 설명으로 틀린 것은?
20150125_024,2015-01-25,24,,auxiliary-feedwater-equipment,급수·부대설비,boiler-auxiliary-equipment,auxiliary-feedwater-equipment,급수·부대설비,boiler-auxiliary-equipment,automatic,14,water-treatment-corrosion,10,high,false,water-treatment-corrosion:10,본문:급수장치,보일러 급수예열기를 사용할 때의 장점을 설명한 것으로 틀린 것은?
20150125_025,2015-01-25,25,,fuel-properties,연료 특성·발열량,boiler-installation-combustion,fuel-properties,연료 특성·발열량,boiler-installation-combustion,automatic,16,automatic-control-interlocks,0,high,false,,본문:연료 종류,"보일러 연료 중에서 고체연료를 원소 분석하였을 때 일반적인 주성분은? (단, 중량 %를 기준으로 한 주성분을 구한다.)"
20150125_026,2015-01-25,26,,automatic-control-interlocks,자동제어·인터록,boiler-control-systems,automatic-control-interlocks,자동제어·인터록,boiler-control-systems,automatic,42,piping-fittings-valves,5,high,false,,본문:자동제어 | 본문:제어량·조작량 | 선택지:수위·압력 제어,보일러 자동제어 신호전달 방식 중 공기압 신호전송의 특징 설명으로 틀린 것은?
20150125_027,2015-01-25,27,,heat-steam-thermodynamics,열·증기·열역학 기초,boiler-operation-basics,heat-steam-thermodynamics,열·증기·열역학 기초,boiler-operation-basics,automatic,18,automatic-control-interlocks,0,high,false,,선택지:증기 상태 | 선택지:엔탈피·잠열,증기의 압력을 높일 때 변하는 현상으로 틀린 것은?
20150125_028,2015-01-25,28,,automatic-control-interlocks,자동제어·인터록,boiler-control-systems,automatic-control-interlocks,자동제어·인터록,boiler-control-systems,automatic,56,auxiliary-feedwater-equipment,0,high,false,,본문:자동제어 | 본문:제어량·조작량 | 본문:급수 3요소 제어,보일러 자동제어의 급수제어(F.W.C)에서 조작량은?
20150125_029,2015-01-25,29,,heat-steam-thermodynamics,열·증기·열역학 기초,boiler-operation-basics,heat-steam-thermodynamics,열·증기·열역학 기초,boiler-operation-basics,automatic,14,automatic-control-interlocks,0,high,false,,본문:압력·온도 기초,물의 임계압력은 약 몇 kgf/cm2인가?
20150125_030,2015-01-25,30,,piping-fittings-valves,배관·이음쇠·밸브,boiler-piping-insulation,piping-fittings-valves,배관·이음쇠·밸브,boiler-piping-insulation,automatic,16,automatic-control-interlocks,0,high,false,,본문:배관 공구·작업,경납땜의 종류가 아닌 것은?
20150125_031,2015-01-25,31,,heating-systems,증기·온수·복사난방,boiler-piping-insulation,heating-systems,증기·온수·복사난방,boiler-piping-insulation,automatic,15,automatic-control-interlocks,0,high,false,,선택지:난방 방식 | 본문:방열기,보일러에서 발생한 증기 또는 온수를 건물의 각 실내에 설치된 방열기에 보내어 난방하는 방식은?
20150125_032,2015-01-25,32,,water-treatment-corrosion,수질관리·스케일·부식,boiler-water-treatment,water-treatment-corrosion,수질관리·스케일·부식,boiler-water-treatment,automatic,36,automatic-control-interlocks,0,high,false,,본문:수처리 | 본문:부식,보일러수 중에 함유된 산소에 의해서 생기는 부식의 형태는?
20150125_033,2015-01-25,33,,failures-accidents-safety,고장·사고·작업안전,boiler-work-safety,failures-accidents-safety,고장·사고·작업안전,boiler-work-safety,automatic,28,water-treatment-corrosion,8,high,false,,본문:사고·안전 | 본문:취급상 사고,보일러 사고의 원인 중 취급상의 원인이 아닌 것은?
20150125_034,2015-01-25,34,,draft-flue-gas,통풍·연도·굴뚝,boiler-installation-combustion,draft-flue-gas,통풍·연도·굴뚝,boiler-installation-combustion,automatic,16,failures-accidents-safety,12,high,false,failures-accidents-safety:12 | combustion-air-calculation:9,선택지:통풍 | 선택지:연도·굴뚝,보일러 점화 시 역화가 발생하는 경우와 가장 거리가 먼 것은?
20150125_035,2015-01-25,35,,heating-systems,증기·온수·복사난방,boiler-piping-insulation,heating-systems,증기·온수·복사난방,boiler-piping-insulation,automatic,26,piping-fittings-valves,18,high,false,piping-fittings-valves:18,본문:난방 방식 | 본문:난방 배관,온수난방 배관 시공법에 대한 설명 중 틀린 것은?
20150125_036,2015-01-25,36,,heating-load-radiators,난방부하·방열기 계산,boiler-installation-combustion,heating-load-radiators,난방부하·방열기 계산,boiler-installation-combustion,automatic,38,heat-steam-thermodynamics,14,high,false,,본문:방열기 계산 | 본문:난방 계산,"방열기내 온수의 평균온도 80℃, 실내온도 18℃, 방열계수 7.2kcal/m2·h·℃ 일때 방열기의 방열량은 얼마인가?"
20150125_037,2015-01-25,37,,piping-fittings-valves,배관·이음쇠·밸브,boiler-piping-insulation,piping-fittings-valves,배관·이음쇠·밸브,boiler-piping-insulation,automatic,16,automatic-control-interlocks,0,high,false,,본문:배관 | 선택지:신축·지지,배관의 이동 및 회전을 방지하기 위해 지지점 위치에 완전히 고정시키는 장치는?
20150125_038,2015-01-25,38,,water-treatment-corrosion,수질관리·스케일·부식,boiler-water-treatment,water-treatment-corrosion,수질관리·스케일·부식,boiler-water-treatment,automatic,18,automatic-control-interlocks,0,high,false,,본문:세관·세정,보일러 산세정의 순서로 옳은 것은?
20150125_039,2015-01-25,39,,boiler-types-construction,보일러 형식·구조·재료,boiler-operation-basics,boiler-types-construction,보일러 형식·구조·재료,boiler-operation-basics,automatic,12,piping-fittings-valves,10,medium,false,piping-fittings-valves:10,본문:재료·제작,땅속 또는 지상에 배관하여 압력 상태 또는 무압력 상태에서 물의 수송 등에 주로 사용되는 덕 타일 주철관을 무엇이라 부르는가?
20150125_040,2015-01-25,40,,instruments-accessories,계측·부속장치,boiler-accessory-equipment,instruments-accessories,계측·부속장치,boiler-accessory-equipment,automatic,19,water-treatment-corrosion,10,high,false,,선택지:수면계 | 선택지:분출장치,보일러 과열의 요인 중 하나인 저수위의 발생 원인으로 거리가 먼 것은?
20150125_041,2015-01-25,41,,boiler-types-construction,보일러 형식·구조·재료,boiler-operation-basics,boiler-types-construction,보일러 형식·구조·재료,boiler-operation-basics,automatic,12,piping-fittings-valves,10,medium,false,piping-fittings-valves:10,본문:재료·제작,"보일러의 설치·시공기준 상 가스용 보일러의 연료 배관 시 배관의 이음부와 전기계량기 및 전기개폐기와의 유지 거리는 얼마인가? (단, 용접이음매는 제외한다.)"
20150125_042,2015-01-25,42,,insulation-materials,보온·단열재,boiler-piping-insulation,insulation-materials,보온·단열재,boiler-piping-insulation,automatic,37,automatic-control-interlocks,0,high,false,,본문:보온재 | 선택지:보온재 종류 | 선택지:글라스울,다음 보온재 중 안전사용온도가 가장 높은 것은?
20150125_043,2015-01-25,43,,piping-fittings-valves,배관·이음쇠·밸브,boiler-piping-insulation,piping-fittings-valves,배관·이음쇠·밸브,boiler-piping-insulation,automatic,16,automatic-control-interlocks,0,high,false,,본문:배관 공구·작업,동관 끝을 원형으로 정형하기 위해 사용하는 공구는?
20150125_044,2015-01-25,44,,heating-load-radiators,난방부하·방열기 계산,boiler-installation-combustion,heating-load-radiators,난방부하·방열기 계산,boiler-installation-combustion,automatic,56,heating-systems,24,high,false,,본문:난방부하 | 본문:방열기 계산 | 본문:난방 계산,"어떤 건물의 소요 난방부하가 45000kcal/h이다. 주철제 방열기로 증기난방을 한다면 약 몇 쪽(section)의 방열기를 설치해야 하는가? (단, 표준방열량으로 계산하며, 주철제 방열기의 쪽당 방열면적은 0.24m2이다.)"
20150125_045,2015-01-25,45,,insulation-materials,보온·단열재,boiler-piping-insulation,insulation-materials,보온·단열재,boiler-piping-insulation,automatic,16,automatic-control-interlocks,0,high,false,,본문:단열,단열재를 사용하여 얻을 수 있는 효과에 해당하지 않는 것은?
20150125_046,2015-01-25,46,,heating-systems,증기·온수·복사난방,boiler-piping-insulation,heating-systems,증기·온수·복사난방,boiler-piping-insulation,automatic,39,steam-traps-condensate,23,high,false,steam-traps-condensate:23,본문:난방 방식 | 선택지:환수 방식 | 본문:난방 일반,증기난방방식을 응축수환수법에 의해 분류하였을 때 해당되지 않는 것은?
20150125_047,2015-01-25,47,,energy-laws-inspection,에너지 관계법규·검사,energy-laws-and-inspection,energy-laws-inspection,에너지 관계법규·검사,energy-laws-and-inspection,automatic,12,failures-accidents-safety,7,high,false,failures-accidents-safety:7,본문:검사 행정,보일러의 계속사용검사기준에서 사용 중 검사에 대한 설명으로 거리가 먼 것은?
20150125_048,2015-01-25,48,jpg 확필,operation-maintenance-preservation,기동·운전·정지·보존,boiler-operation-maintenance,operation-maintenance-preservation,기동·운전·정지·보존,boiler-operation-maintenance,pdf-reviewed,16,automatic-control-interlocks,0,high,false,,본문:정지,보일러 운전정지의 순서를 바르게 나열한 것은?
20150125_049,2015-01-25,49,,automatic-control-interlocks,자동제어·인터록,boiler-control-systems,automatic-control-interlocks,자동제어·인터록,boiler-control-systems,automatic,29,operation-maintenance-preservation,22,high,false,operation-maintenance-preservation:22 | safety-devices:18,본문:자동제어 | 선택지:인터록,보일러 점화 전 자동제어장치의 점검에 대한 설명이 아닌 것은?
20150125_050,2015-01-25,50,,operation-maintenance-preservation,기동·운전·정지·보존,boiler-operation-maintenance,operation-maintenance-preservation,기동·운전·정지·보존,boiler-operation-maintenance,pdf-reviewed,18,instruments-accessories,17,low,false,instruments-accessories:17,본문:기동·점화 | 선택지:점검·정비,상용 보일러의 점화전 준비사항과 관련이 없는 것은?
20150125_051,2015-01-25,51,,boiler-types-construction,보일러 형식·구조·재료,boiler-operation-basics,boiler-types-construction,보일러 형식·구조·재료,boiler-operation-basics,automatic,12,heating-systems,6,high,false,,본문:재료·제작,주철제 방열기를 설치할 때 벽과의 간격은 약 몇 ㎜ 정도로 하는 것이 좋은가?
20150125_052,2015-01-25,52,,water-treatment-corrosion,수질관리·스케일·부식,boiler-water-treatment,water-treatment-corrosion,수질관리·스케일·부식,boiler-water-treatment,automatic,28,boiler-types-construction,12,high,false,,본문:수처리 | 선택지:캐리오버,"보일러수 속에 유지류, 부유물 등의 농도가 높아지면 드럼수면에 거품이 발생하고, 또한 거품이 증가하여 드럼의 증기실에 확대되는 현상은?"
20150125_053,2015-01-25,53,,failures-accidents-safety,고장·사고·작업안전,boiler-work-safety,failures-accidents-safety,고장·사고·작업안전,boiler-work-safety,automatic,14,boiler-types-construction,12,medium,false,boiler-types-construction:12 | water-treatment-corrosion:8,본문:본체 손상,보일러에서 라미네이션(lamination)이란?
20150125_054,2015-01-25,54,,piping-fittings-valves,배관·이음쇠·밸브,boiler-piping-insulation,piping-fittings-valves,배관·이음쇠·밸브,boiler-piping-insulation,automatic,33,water-treatment-corrosion,8,high,false,,선택지:배관 | 본문:이음쇠 | 본문:신축·지지,벨로즈형 신축이음쇠에 대한 설명으로 틀린 것은?
20150125_055,2015-01-25,55,,energy-laws-inspection,에너지 관계법규·검사,energy-laws-and-inspection,energy-laws-inspection,에너지 관계법규·검사,energy-laws-and-inspection,automatic,26,automatic-control-interlocks,0,high,false,,본문:에너지이용합리화법 | 선택지:법령·행정,에너지이용합리화법상 에너지를 사용하여 만드는 제품의 단위당 에너지사용목표량 또는 건축물의 단위면적당 에너지사용목표량을 정하여 고시하는 자는?
20150125_056,2015-01-25,56,,energy-laws-inspection,에너지 관계법규·검사,energy-laws-and-inspection,energy-laws-inspection,에너지 관계법규·검사,energy-laws-and-inspection,automatic,10,draft-flue-gas,7,medium,false,draft-flue-gas:7,본문:에너지사용·진단,에너지다소비사업자가 매년 1월 31일까지 신고해야 할 사항에 포함되지 않는 것은?
20150125_057,2015-01-25,57,,energy-laws-inspection,에너지 관계법규·검사,energy-laws-and-inspection,energy-laws-inspection,에너지 관계법규·검사,energy-laws-and-inspection,automatic,18,automatic-control-interlocks,0,high,false,,본문:저탄소·녹색성장,정부는 국가전략을 효율적·체계적으로 이행하기 위하여 몇 년마다 저탄소 녹색성장 국가전략 5개년 계획을 수립하는가?
20150125_058,2015-01-25,58,,energy-laws-inspection,에너지 관계법규·검사,energy-laws-and-inspection,energy-laws-inspection,에너지 관계법규·검사,energy-laws-and-inspection,automatic,58,automatic-control-interlocks,0,high,false,,본문:에너지이용합리화법 | 본문:법령·행정 | 본문:열사용기자재 | 본문:검사 행정,에너지이용합리화법에서 정한 검사에 합격 되지 아니한 검사대상기기를 사용한 자에 대한 벌칙은?
20150125_059,2015-01-25,59,,energy-laws-inspection,에너지 관계법규·검사,energy-laws-and-inspection,energy-laws-inspection,에너지 관계법규·검사,energy-laws-and-inspection,automatic,44,automatic-control-interlocks,0,high,false,,본문:에너지이용합리화법 | 본문:법령·행정 | 본문:효율관리,에너지이용 합리화법상 대기전력경고표지를 하지 아니한 자에 대한 벌칙은?
20150125_060,2015-01-25,60,,energy-laws-inspection,에너지 관계법규·검사,energy-laws-and-inspection,energy-laws-inspection,에너지 관계법규·검사,energy-laws-and-inspection,automatic,30,piping-fittings-valves,10,high,false,,본문:신재생에너지 표기 변형 | 본문:법령·행정,신에너지 및 재생에너지 개발·이용·보급·촉진법에 따라 건축물인증기관으로부터 건축물인증을 받지 아니하고 건축물인증의 표시 또는 이와 유사한 표시를 하거나 건축물인증을 받은 것으로 홍보한 자에 대해 부과하는 과태료 기준으로 맞는 것은?
20150404_001,2015-04-04,1,,boiler-types-construction,보일러 형식·구조·재료,boiler-operation-basics,boiler-types-construction,보일러 형식·구조·재료,boiler-operation-basics,automatic,30,water-treatment-corrosion,10,high,false,,본문:보일러 형식 | 본문:보일러 구조,노통연관식 보일러에서 노통을 한쪽으로 편심시켜 부착하는 이유로 가장 타당한 것은?
20150404_002,2015-04-04,2,,safety-devices,안전장치·연소안전,boiler-protection-devices,safety-devices,안전장치·연소안전,boiler-protection-devices,automatic,18,automatic-control-interlocks,0,high,false,,본문:안전밸브·방출밸브,스프링식 안전밸브에서 전양정식의 설명으로 옳은 것은?
20150404_003,2015-04-04,3,,draft-flue-gas,통풍·연도·굴뚝,boiler-installation-combustion,draft-flue-gas,통풍·연도·굴뚝,boiler-installation-combustion,automatic,16,combustion-air-calculation,13,medium,false,combustion-air-calculation:13,선택지:통풍 | 선택지:연도·굴뚝,2차 연소의 방지대책으로 적합하지 않은 것은?
20150404_004,2015-04-04,4,jpg 확필,draft-flue-gas,통풍·연도·굴뚝,boiler-installation-combustion,draft-flue-gas,통풍·연도·굴뚝,boiler-installation-combustion,pdf-reviewed,16,automatic-control-interlocks,0,high,false,,본문:송풍기,보기에서 설명한 송풍기의 종류는?
20150404_005,2015-04-04,5,,auxiliary-feedwater-equipment,급수·부대설비,boiler-auxiliary-equipment,auxiliary-feedwater-equipment,급수·부대설비,boiler-auxiliary-equipment,automatic,28,draft-flue-gas,14,high,false,,선택지:절탄기 | 선택지:공기예열기 | 선택지:과열·재열,연도에서 폐열회수장치의 설치순서가 옳은 것은?
20150404_006,2015-04-04,6,,boiler-types-construction,보일러 형식·구조·재료,boiler-operation-basics,boiler-types-construction,보일러 형식·구조·재료,boiler-operation-basics,automatic,38,automatic-control-interlocks,0,high,false,,본문:보일러 형식 | 선택지:형식 고유명 | 본문:보일러 구조,수관식 보일러 종류에 해당되지 않는 것은?
20150404_007,2015-04-04,7,,combustion-air-calculation,연소·공기비·배기가스 계산,boiler-installation-combustion,combustion-air-calculation,연소·공기비·배기가스 계산,boiler-installation-combustion,automatic,20,automatic-control-interlocks,0,high,false,,본문:배기가스 분석 | 본문:연소,"탄소(C) 1kmol이 완전 연소하여 탄산가스(CO2)가 될 때, 발생하는 열량은 몇 kcal인가?"
20150404_008,2015-04-04,8,,efficiency-output-heat-balance,효율·증발량·열정산,boiler-efficiency-heat-balance,efficiency-output-heat-balance,효율·증발량·열정산,boiler-efficiency-heat-balance,automatic,20,combustion-air-calculation,10,high,false,,본문:열정산,일반적으로 보일러의 열손실 중에서 가장 큰 것은?
20150404_009,2015-04-04,9,,heat-steam-thermodynamics,열·증기·열역학 기초,boiler-operation-basics,heat-steam-thermodynamics,열·증기·열역학 기초,boiler-operation-basics,automatic,9,automatic-control-interlocks,0,medium,false,,선택지:증기 상태,압력이 일정할 때 과열 증기에 대한 설명으로 가장 적절한 것은?
20150404_010,2015-04-04,10,,auxiliary-feedwater-equipment,급수·부대설비,boiler-auxiliary-equipment,auxiliary-feedwater-equipment,급수·부대설비,boiler-auxiliary-equipment,automatic,20,burners-furnaces-atomization,8,high,false,,본문:오일프리히터,기름예열기에 대한 설명 중 옳은 것은?
20150404_011,2015-04-04,11,,automatic-control-interlocks,자동제어·인터록,boiler-control-systems,automatic-control-interlocks,자동제어·인터록,boiler-control-systems,automatic,36,auxiliary-feedwater-equipment,0,high,false,,본문:자동제어 | 본문:제어동작,보일러의 자동제어 중 제어동작이 연속동작에 해당하지 않는 것은?
20150404_012,2015-04-04,12,,piping-fittings-valves,배관·이음쇠·밸브,boiler-piping-insulation,piping-fittings-valves,배관·이음쇠·밸브,boiler-piping-insulation,automatic,13,steam-traps-condensate,10,medium,false,steam-traps-condensate:10 | safety-devices:9 | instruments-accessories:8,선택지:배관 | 선택지:밸브 일반,바이패스(by-pass)관에 설치해서는 안 되는 부품은?
20150404_013,2015-04-04,13,,heat-steam-thermodynamics,열·증기·열역학 기초,boiler-operation-basics,heat-steam-thermodynamics,열·증기·열역학 기초,boiler-operation-basics,automatic,14,automatic-control-interlocks,0,high,false,,본문:압력·온도 기초,다음 중 압력의 단위가 아닌 것은?
20150404_014,2015-04-04,14,,instruments-accessories,계측·부속장치,boiler-accessory-equipment,instruments-accessories,계측·부속장치,boiler-accessory-equipment,automatic,16,efficiency-output-heat-balance,11,high,false,efficiency-output-heat-balance:11,본문:압력·온도·유량계,보일러에 부착하는 압력계에 대한 설명으로 옳은 것은?
20150404_015,2015-04-04,15,,instruments-accessories,계측·부속장치,boiler-accessory-equipment,instruments-accessories,계측·부속장치,boiler-accessory-equipment,automatic,18,draft-flue-gas,16,medium,false,draft-flue-gas:16 | operation-maintenance-preservation:10,본문:수트블로워,수트 블로워 사용에 관한 주의사항으로 틀린 것은?
20150404_016,2015-04-04,16,,auxiliary-feedwater-equipment,급수·부대설비,boiler-auxiliary-equipment,auxiliary-feedwater-equipment,급수·부대설비,boiler-auxiliary-equipment,automatic,17,boiler-types-construction,12,high,false,boiler-types-construction:12 | efficiency-output-heat-balance:11,선택지:공기예열기 | 선택지:과열·재열,수관보일러의 특징에 대한 설명으로 틀린 것은?
20150404_017,2015-04-04,17,,efficiency-output-heat-balance,효율·증발량·열정산,boiler-efficiency-heat-balance,efficiency-output-heat-balance,효율·증발량·열정산,boiler-efficiency-heat-balance,automatic,20,heat-steam-thermodynamics,14,high,false,heat-steam-thermodynamics:14,본문:열정산,"연통에서 배기되는 가스량이 2500kg/h이고, 배기가스 온도가 230℃, 가스의 평균비열이 0.31kcal/kg·℃, 외기온도가 18℃이면, 배기가스에 의한 손실열량은?"
20150404_018,2015-04-04,18,,environmental-pollution-control,집진·환경설비,boiler-accessory-equipment,environmental-pollution-control,집진·환경설비,boiler-accessory-equipment,automatic,20,automatic-control-interlocks,0,high,false,,본문:집진장치,보일러 집진장치의 형식과 종류를 짝지은 것 중 틀린 것은?
20150404_019,2015-04-04,19,,efficiency-output-heat-balance,효율·증발량·열정산,boiler-efficiency-heat-balance,efficiency-output-heat-balance,효율·증발량·열정산,boiler-efficiency-heat-balance,automatic,20,combustion-air-calculation,6,high,false,,본문:보일러 효율,"연소효율이 95%, 전열효율이 85%인 보일러의 효율은 약 몇 %인가?"
20150404_020,2015-04-04,20,,combustion-air-calculation,연소·공기비·배기가스 계산,boiler-installation-combustion,combustion-air-calculation,연소·공기비·배기가스 계산,boiler-installation-combustion,automatic,6,automatic-control-interlocks,0,medium,false,,본문:연소,"소형연소기를 실내에 설치하는 경우, 급배기통을 전용 챔버 내에 접속하여 자연통기력에 의해 급배기하는 방식은?"
20150404_021,2015-04-04,21,,burners-furnaces-atomization,버너·화격자·연소장치,boiler-installation-combustion,burners-furnaces-atomization,버너·화격자·연소장치,boiler-installation-combustion,automatic,20,combustion-air-calculation,6,high,false,,본문:버너,가스버너 연소방식 중 예혼합 연소방식이 아닌 것은?
20150404_022,2015-04-04,22,,boiler-types-construction,보일러 형식·구조·재료,boiler-operation-basics,boiler-types-construction,보일러 형식·구조·재료,boiler-operation-basics,automatic,12,automatic-control-interlocks,0,high,false,,본문:보일러 구조,"전열면적이 25m2인 연관보일러를 8시간 가동시킨 결과 4000kgf의 증기가 발생하였다면, 이 보일러의 전열면의 증발율은 몇 kgf/m2·h인가?"
20150404_023,2015-04-04,23,,heat-steam-thermodynamics,열·증기·열역학 기초,boiler-operation-basics,heat-steam-thermodynamics,열·증기·열역학 기초,boiler-operation-basics,automatic,18,automatic-control-interlocks,0,high,false,,본문:엔탈피·잠열,"물을 가열하여 압력을 높이면 어느 지점에서 액체, 기체 상태의 구별이 없어지고 증발 잠열이 0kcal/kg이 된다. 이 점을 무엇이라 하는가?"
20150404_024,2015-04-04,24,,heating-systems,증기·온수·복사난방,boiler-piping-insulation,heating-systems,증기·온수·복사난방,boiler-piping-insulation,automatic,21,steam-traps-condensate,10,high,false,,본문:난방 방식 | 선택지:방열기,증기난방과 비교한 온수난방의 특징에 대한 설명으로 틀린 것은?
20150404_025,2015-04-04,25,,draft-flue-gas,통풍·연도·굴뚝,boiler-installation-combustion,draft-flue-gas,통풍·연도·굴뚝,boiler-installation-combustion,automatic,32,automatic-control-interlocks,0,high,false,,본문:통풍 | 본문:연도·굴뚝,"외기온도 20℃, 배기가스온도 200℃이고, 연돌 높이가 20m일 때 통풍력은 약 몇 ㎜Aq인가?"
20150404_026,2015-04-04,26,,combustion-air-calculation,연소·공기비·배기가스 계산,boiler-installation-combustion,combustion-air-calculation,연소·공기비·배기가스 계산,boiler-installation-combustion,automatic,18,automatic-control-interlocks,0,high,false,,본문:연소 계산,과잉공기량에 관한 설명으로 옳은 것은?
20150404_027,2015-04-04,27,jpg 확필,auxiliary-feedwater-equipment,급수·부대설비,boiler-auxiliary-equipment,auxiliary-feedwater-equipment,급수·부대설비,boiler-auxiliary-equipment,pdf-reviewed,18,burners-furnaces-atomization,6,high,false,,본문:급수펌프,다음 그림은 인젝터의 단면을 나타낸 것이다. C부의 명칭은?
20150404_028,2015-04-04,28,,automatic-control-interlocks,자동제어·인터록,boiler-control-systems,auxiliary-feedwater-equipment,급수·부대설비,boiler-auxiliary-equipment,pdf-reviewed,12,auxiliary-feedwater-equipment,12,low,true,auxiliary-feedwater-equipment:12,본문:수위·압력 제어,증기 축열기(steam accumulator)에 대한 설명으로 옳은 것은?
20150404_029,2015-04-04,29,,heat-steam-thermodynamics,열·증기·열역학 기초,boiler-operation-basics,heat-steam-thermodynamics,열·증기·열역학 기초,boiler-operation-basics,automatic,23,automatic-control-interlocks,0,high,false,,선택지:엔탈피·잠열 | 본문:비열·열량,"물체의 온도를 변화시키지 않고, 상(相) 변화를 일으키는데만 사용되는 열량은?"
20150404_030,2015-04-04,30,,heat-steam-thermodynamics,열·증기·열역학 기초,boiler-operation-basics,heat-steam-thermodynamics,열·증기·열역학 기초,boiler-operation-basics,automatic,9,automatic-control-interlocks,0,medium,false,,선택지:엔탈피·잠열,고체벽의 한쪽에 있는 고온의 유체로부터 이 벽을 통과하여 다른 쪽에 있는 저온의 유체로 흐르는 열의 이동을 의미하는 용어는?
20150404_031,2015-04-04,31,,piping-fittings-valves,배관·이음쇠·밸브,boiler-piping-insulation,piping-fittings-valves,배관·이음쇠·밸브,boiler-piping-insulation,automatic,14,automatic-control-interlocks,0,high,false,,본문:강관 규격,"호칭지름 15A의 강관을 각도 90도로 구부릴 때 곡선부의 길이는 약 몇 ㎜인가? (단, 곡선부의 반지름은 90㎜로 한다.)"
20150404_032,2015-04-04,32,,burners-furnaces-atomization,버너·화격자·연소장치,boiler-installation-combustion,burners-furnaces-atomization,버너·화격자·연소장치,boiler-installation-combustion,automatic,12,environmental-pollution-control,7,high,false,environmental-pollution-control:7,선택지:분무·미립화 | 선택지:연소실·노,보일러의 점화 조작 시 주의사항으로 틀린 것은?
20150404_033,2015-04-04,33,,heating-load-radiators,난방부하·방열기 계산,boiler-installation-combustion,heating-load-radiators,난방부하·방열기 계산,boiler-installation-combustion,automatic,56,heating-systems,24,high,false,,본문:난방부하 | 본문:방열기 계산 | 본문:난방 계산,"온수난방에서 상당방열면적이 45m2일 때 난방부하는? (단, 방열기의 방열량은 표준방열량으로 한다.)"
20150404_034,2015-04-04,34,,failures-accidents-safety,고장·사고·작업안전,boiler-work-safety,failures-accidents-safety,고장·사고·작업안전,boiler-work-safety,automatic,16,boiler-types-construction,6,high,false,,본문:사고·안전,보일러 사고에서 제작상의 원인이 아닌 것은?
20150404_035,2015-04-04,35,,boiler-types-construction,보일러 형식·구조·재료,boiler-operation-basics,boiler-types-construction,보일러 형식·구조·재료,boiler-operation-basics,automatic,12,heating-systems,6,high,false,,본문:재료·제작,주철제 벽걸이 방열기의 호칭 방법은?
20150404_036,2015-04-04,36,,heating-systems,증기·온수·복사난방,boiler-piping-insulation,heating-systems,증기·온수·복사난방,boiler-piping-insulation,automatic,25,steam-traps-condensate,14,high,false,steam-traps-condensate:14,본문:난방 방식 | 선택지:환수 방식,"증기난방에서 응축수의 환수방법에 따른 분류 중 증기의 순환과 응축수의 배출이 빠르며, 방열량도 광범위하게 조절할 수 있어서 대규모 난방에서 많이 채택하는 방식은?"
20150404_037,2015-04-04,37,,heating-systems,증기·온수·복사난방,boiler-piping-insulation,heating-systems,증기·온수·복사난방,boiler-piping-insulation,automatic,16,automatic-control-interlocks,0,high,false,,본문:지역·급탕 난방,저탕식 급탕설비에서 급탕의 온도를 일정하게 유지시키기 위해서 가스나 전기를 공급 또는 정지하는 것은?
20150404_038,2015-04-04,38,,piping-fittings-valves,배관·이음쇠·밸브,boiler-piping-insulation,piping-fittings-valves,배관·이음쇠·밸브,boiler-piping-insulation,automatic,16,automatic-control-interlocks,0,high,false,,본문:배관 공구·작업,파이프 밴더에 의한 구부림 작업 시 관에 주름이 생기는 원인으로 가장 옳은 것은?
20150404_039,2015-04-04,39,,water-treatment-corrosion,수질관리·스케일·부식,boiler-water-treatment,water-treatment-corrosion,수질관리·스케일·부식,boiler-water-treatment,automatic,45,failures-accidents-safety,7,high,false,,본문:수처리 | 선택지:스케일 | 선택지:캐리오버 | 선택지:부식,보일러 급수의 수질이 불량할 때 보일러에 미치는 장해와 관계없는 것은?
20150404_040,2015-04-04,40,,instruments-accessories,계측·부속장치,boiler-accessory-equipment,instruments-accessories,계측·부속장치,boiler-accessory-equipment,automatic,20,operation-maintenance-preservation,12,high,false,operation-maintenance-preservation:12,본문:수면계,보일러의 정상운전 시 수면계에 나타나는 수위의 위치로 가장 적당한 것은?
20150404_041,2015-04-04,41,,safety-devices,안전장치·연소안전,boiler-protection-devices,safety-devices,안전장치·연소안전,boiler-protection-devices,automatic,16,fuel-properties,14,medium,false,fuel-properties:14 | draft-flue-gas:12,본문:화염 감시,유류 연소 자동점화 보일러의 점화순서상 화염검출기 작동 후 다음 단계는?
20150404_042,2015-04-04,42,,water-treatment-corrosion,수질관리·스케일·부식,boiler-water-treatment,water-treatment-corrosion,수질관리·스케일·부식,boiler-water-treatment,automatic,16,automatic-control-interlocks,0,high,false,,본문:부식,보일러 내처리제에서 가성취화 방지에 사용되는 약제가 아닌 것은?
20150404_043,2015-04-04,43,,boiler-types-construction,보일러 형식·구조·재료,boiler-operation-basics,boiler-types-construction,보일러 형식·구조·재료,boiler-operation-basics,automatic,26,automatic-control-interlocks,0,high,false,,본문:보일러 구조 | 본문:급수내관·수위,연관 최고부보다 노통 윗면이 높은 노통연관 보일러의 최저수위(안전저수면)의 위치는?
20150404_044,2015-04-04,44,,water-treatment-corrosion,수질관리·스케일·부식,boiler-water-treatment,water-treatment-corrosion,수질관리·스케일·부식,boiler-water-treatment,automatic,9,piping-fittings-valves,5,medium,false,piping-fittings-valves:5,선택지:스케일,보일러의 외부 검사에 해당되는 것은?
20150404_045,2015-04-04,45,,piping-fittings-valves,배관·이음쇠·밸브,boiler-piping-insulation,piping-fittings-valves,배관·이음쇠·밸브,boiler-piping-insulation,automatic,14,boiler-types-construction,12,medium,false,boiler-types-construction:12,본문:강관 규격,보일러 강판이나 강관을 제조할 때 재질 내부에 가스체 등이 함유되어 두 장의 층을 형성하고 있는 상태의 흠은?
20150404_046,2015-04-04,46,,auxiliary-feedwater-equipment,급수·부대설비,boiler-auxiliary-equipment,auxiliary-feedwater-equipment,급수·부대설비,boiler-auxiliary-equipment,automatic,20,automatic-control-interlocks,0,high,false,,본문:오일프리히터,오일프리히터의 종류에 속하지 않는 것은?
20150404_047,2015-04-04,47,,water-treatment-corrosion,수질관리·스케일·부식,boiler-water-treatment,water-treatment-corrosion,수질관리·스케일·부식,boiler-water-treatment,automatic,19,automatic-control-interlocks,0,high,false,,선택지:수처리 | 선택지:스케일,보일러의 과열 원인과 무관한 것은?
20150404_048,2015-04-04,48,,heating-systems,증기·온수·복사난방,boiler-piping-insulation,heating-systems,증기·온수·복사난방,boiler-piping-insulation,automatic,26,piping-fittings-valves,16,high,false,piping-fittings-valves:16,본문:난방 방식 | 본문:난방 배관,"증기난방 배관시공 시 환수관이 문 또는 보와 교차할 때 이용되는 배관형식으로 위로는 공기, 아래로는 응축수를 유통시킬 수 있도록 시공하는 배관은?"
20150404_049,2015-04-04,49,,boiler-types-construction,보일러 형식·구조·재료,boiler-operation-basics,boiler-types-construction,보일러 형식·구조·재료,boiler-operation-basics,automatic,16,automatic-control-interlocks,0,high,false,,본문:수압시험 | 본문:최고사용압력,강철제 증기보일러의 최고사용압력이 0.4MPa인 경우 수압시험 압력은?
20150404_050,2015-04-04,50,,operation-maintenance-preservation,기동·운전·정지·보존,boiler-operation-maintenance,operation-maintenance-preservation,기동·운전·정지·보존,boiler-operation-maintenance,automatic,34,automatic-control-interlocks,0,high,false,,본문:보존 | 본문:보일러 보존,질소봉입 방법으로 보일러 보존 시 보일러 내부에 질소가스의 봉입압력(MPa)으로 적합한 것은?
20150404_051,2015-04-04,51,,water-treatment-corrosion,수질관리·스케일·부식,boiler-water-treatment,water-treatment-corrosion,수질관리·스케일·부식,boiler-water-treatment,automatic,20,combustion-air-calculation,14,high,false,combustion-air-calculation:14,본문:수처리,"보일러 급수 중 Fe, Mn, CO2를 많이 함유하고 있는 경우의 급수처리 방법으로 가장 적합한 것은?"
20150404_052,2015-04-04,52,,heating-systems,증기·온수·복사난방,boiler-piping-insulation,heating-systems,증기·온수·복사난방,boiler-piping-insulation,automatic,24,automatic-control-interlocks,0,high,false,,본문:난방 방식 | 본문:방열기,증기난방에서 방열기와 벽면과의 적합한 간격(㎜)은?
20150404_053,2015-04-04,53,,insulation-materials,보온·단열재,boiler-piping-insulation,insulation-materials,보온·단열재,boiler-piping-insulation,automatic,27,automatic-control-interlocks,0,high,false,,본문:보온재 | 선택지:보온재 종류,다음 중 보온재의 종류가 아닌 것은?
20150404_054,2015-04-04,54,,insulation-materials,보온·단열재,boiler-piping-insulation,insulation-materials,보온·단열재,boiler-piping-insulation,automatic,37,automatic-control-interlocks,0,high,false,,본문:보온재 | 선택지:보온재 종류 | 선택지:글라스울,다음 보온재 중 안전사용 (최고)온도가 가장 높은 것은?
20150404_055,2015-04-04,55,,energy-laws-inspection,에너지 관계법규·검사,energy-laws-and-inspection,energy-laws-inspection,에너지 관계법규·검사,energy-laws-and-inspection,automatic,18,automatic-control-interlocks,0,high,false,,본문:저탄소·녹색성장,저탄소 녹색성장 기본법상 녹색성장위원회의 위원으로 틀린 것은?
20150404_056,2015-04-04,56,,energy-laws-inspection,에너지 관계법규·검사,energy-laws-and-inspection,energy-laws-inspection,에너지 관계법규·검사,energy-laws-and-inspection,automatic,46,automatic-control-interlocks,0,high,false,,본문:에너지이용합리화법 | 본문:법령·행정 | 본문:열사용기자재,에너지이용 합리화법상 검사대상기기 설치자가 검사대상기기의 조종자를 선임하지 않았을 때의 벌칙은?
20150404_057,2015-04-04,57,,energy-laws-inspection,에너지 관계법규·검사,energy-laws-and-inspection,energy-laws-inspection,에너지 관계법규·검사,energy-laws-and-inspection,automatic,42,automatic-control-interlocks,0,high,false,,본문:에너지이용합리화법 | 본문:법령·행정 | 본문:에너지사용·진단,에너지이용 합리화법령상 산업통상자원부장관이 에너지다소비사업자에게 개선명령을 할 수 있는 경우는 에너지관리 지도 결과 몇 % 이상 에너지 효율개선이 기대되는 경우인가?
20150404_058,2015-04-04,58,,energy-laws-inspection,에너지 관계법규·검사,energy-laws-and-inspection,energy-laws-inspection,에너지 관계법규·검사,energy-laws-and-inspection,automatic,20,automatic-control-interlocks,0,high,false,,본문:에너지이용합리화법,에너지이용 합리화법상 에너지사용자와 에너지공급자의 책무로 맞는 것은?
20150404_059,2015-04-04,59,,energy-laws-inspection,에너지 관계법규·검사,energy-laws-and-inspection,energy-laws-inspection,에너지 관계법규·검사,energy-laws-and-inspection,automatic,32,boiler-types-construction,9,high,false,,본문:에너지이용합리화법 | 본문:효율관리,에너지이용 합리화법상 평균에너지소비효율에 대하여 총량적인 에너지효율의 개선이 특히 필요하다고 인정되는 기자재는?
20150404_060,2015-04-04,60,,energy-laws-inspection,에너지 관계법규·검사,energy-laws-and-inspection,energy-laws-inspection,에너지 관계법규·검사,energy-laws-and-inspection,automatic,36,automatic-control-interlocks,0,high,false,,본문:에너지이용합리화법 | 선택지:효율관리 | 본문:에너지사용·진단,에너지이용 합리화법에 따라 에너지 진단을 면제 또는 에너지진단주기를 연장 받으려는 자가 제출해야 하는 첨부서류에 해당하지 않는 것은?
20150719_001,2015-07-19,1,,auxiliary-feedwater-equipment,급수·부대설비,boiler-auxiliary-equipment,auxiliary-feedwater-equipment,급수·부대설비,boiler-auxiliary-equipment,automatic,28,automatic-control-interlocks,0,high,false,,선택지:절탄기 | 선택지:공기예열기 | 선택지:과열·재열,보일러서 배출되는 배기가스의 여열을 이용하여 급수를 예열하는 장치는?
20150719_002,2015-07-19,2,,automatic-control-interlocks,자동제어·인터록,boiler-control-systems,automatic-control-interlocks,자동제어·인터록,boiler-control-systems,automatic,20,auxiliary-feedwater-equipment,0,high,false,,본문:피드백·목표값,목표 값이 시간에 따라 임의로 변화되는 것은?
20150719_003,2015-07-19,3,,instruments-accessories,계측·부속장치,boiler-accessory-equipment,instruments-accessories,계측·부속장치,boiler-accessory-equipment,automatic,22,safety-devices,18,high,false,safety-devices:18,선택지:압력·온도·유량계 | 본문:부속장치,보일러 부속품 중 안전장치에 속하는 것은?
20150719_004,2015-07-19,4,,auxiliary-feedwater-equipment,급수·부대설비,boiler-auxiliary-equipment,auxiliary-feedwater-equipment,급수·부대설비,boiler-auxiliary-equipment,automatic,16,automatic-control-interlocks,0,high,false,,본문:펌프 현상,캐비테이션의 발생 원인이 아닌 것은?
20150719_005,2015-07-19,5,,fuel-properties,연료 특성·발열량,boiler-installation-combustion,fuel-properties,연료 특성·발열량,boiler-installation-combustion,automatic,21,combustion-air-calculation,15,high,false,combustion-air-calculation:15,선택지:석탄 | 선택지:인화·발화 | 선택지:연료 성분,다음 중 연료의 연소온도에 가장 큰 영향을 미치는 것은?
20150719_006,2015-07-19,6,,fuel-properties,연료 특성·발열량,boiler-installation-combustion,fuel-properties,연료 특성·발열량,boiler-installation-combustion,automatic,36,combustion-air-calculation,10,high,false,,본문:유류·중유 | 본문:발열량 | 본문:연료 성분,"수소 15%, 수분 0.5%인 중유의 고위발열량이 10000kcal/kg이다. 이 중유의 저위발열량은 몇 kcal/kg인가?"
20150719_007,2015-07-19,7,,instruments-accessories,계측·부속장치,boiler-accessory-equipment,instruments-accessories,계측·부속장치,boiler-accessory-equipment,automatic,16,automatic-control-interlocks,0,high,false,,본문:압력·온도·유량계,부로돈관 압력계를 부착할 때 사용되는 사이펀관 속에 넣는 물질은?
20150719_008,2015-07-19,8,,environmental-pollution-control,집진·환경설비,boiler-accessory-equipment,environmental-pollution-control,집진·환경설비,boiler-accessory-equipment,automatic,20,automatic-control-interlocks,0,high,false,,본문:집진장치,집진장치의 종류 중 건식집진장치의 종류가 아닌 것은?
20150719_009,2015-07-19,9,,boiler-types-construction,보일러 형식·구조·재료,boiler-operation-basics,boiler-types-construction,보일러 형식·구조·재료,boiler-operation-basics,automatic,30,automatic-control-interlocks,0,high,false,,본문:보일러 형식 | 본문:보일러 구조,수관식 보일러에 속하지 않는 것은?
20150719_010,2015-07-19,10,,auxiliary-feedwater-equipment,급수·부대설비,boiler-auxiliary-equipment,auxiliary-feedwater-equipment,급수·부대설비,boiler-auxiliary-equipment,automatic,16,automatic-control-interlocks,0,high,false,,본문:공기예열기,공기예열기의 종류에 속하지 않는 것은?
20150719_011,2015-07-19,11,,instruments-accessories,계측·부속장치,boiler-accessory-equipment,instruments-accessories,계측·부속장치,boiler-accessory-equipment,automatic,16,automatic-control-interlocks,0,high,false,,본문:압력·온도·유량계,비접촉식 온도계의 종류가 아닌 것은?
20150719_012,2015-07-19,12,,boiler-types-construction,보일러 형식·구조·재료,boiler-operation-basics,boiler-types-construction,보일러 형식·구조·재료,boiler-operation-basics,pdf-reviewed,12,efficiency-output-heat-balance,11,low,false,efficiency-output-heat-balance:11,본문:보일러 구조,보일러의 전열면적이 클 때의 설명으로 틀린 것은?
20150719_013,2015-07-19,13,,draft-flue-gas,통풍·연도·굴뚝,boiler-installation-combustion,draft-flue-gas,통풍·연도·굴뚝,boiler-installation-combustion,automatic,23,environmental-pollution-control,7,high,false,,선택지:통풍 | 본문:연도·굴뚝,보일러 연도에 설치하는 댐퍼의 설치 목적과 관계가 없는 것은?
20150719_014,2015-07-19,14,,draft-flue-gas,통풍·연도·굴뚝,boiler-installation-combustion,draft-flue-gas,통풍·연도·굴뚝,boiler-installation-combustion,automatic,25,automatic-control-interlocks,0,high,false,,본문:통풍 | 선택지:연도·굴뚝,통풍력을 증가시키는 방법으로 옳은 것은?
20150719_015,2015-07-19,15,,combustion-air-calculation,연소·공기비·배기가스 계산,boiler-installation-combustion,combustion-air-calculation,연소·공기비·배기가스 계산,boiler-installation-combustion,automatic,15,automatic-control-interlocks,0,high,false,,선택지:연소 계산 | 본문:연소,연료의 연소에서 환원염이란?
20150719_016,2015-07-19,16,,burners-furnaces-atomization,버너·화격자·연소장치,boiler-installation-combustion,burners-furnaces-atomization,버너·화격자·연소장치,boiler-installation-combustion,automatic,10,automatic-control-interlocks,0,high,false,,선택지:버너,보일러 화염 유무를 검출하는 스택 스위치에 대한 설명으로 틀린 것은?
20150719_017,2015-07-19,17,,automatic-control-interlocks,자동제어·인터록,boiler-control-systems,automatic-control-interlocks,자동제어·인터록,boiler-control-systems,automatic,20,auxiliary-feedwater-equipment,0,high,false,,본문:급수 3요소 제어,3요소식 보일러 급수 제어 방식에서 검출하는 3요소는?
20150719_018,2015-07-19,18,,automatic-control-interlocks,자동제어·인터록,boiler-control-systems,automatic-control-interlocks,자동제어·인터록,boiler-control-systems,automatic,18,draft-flue-gas,16,medium,false,draft-flue-gas:16,본문:인터록,"대형보일러인 경우에 송풍기가 작동되지 않으면 전자 밸브가 열리지 않고, 점화를 저지하는 인터록의 종류는?"
20150719_019,2015-07-19,19,,safety-devices,안전장치·연소안전,boiler-protection-devices,safety-devices,안전장치·연소안전,boiler-protection-devices,automatic,18,automatic-control-interlocks,0,high,false,,본문:저수위 보호,수위의 부력에 의한 플로트 위치에 따라 연결된 수은 스위치로 작동하는 형식으로 중·소형 보일러에 가장 많이 사용하는 저수위 경보장치의 형식은?
20150719_020,2015-07-19,20,,boiler-types-construction,보일러 형식·구조·재료,boiler-operation-basics,boiler-types-construction,보일러 형식·구조·재료,boiler-operation-basics,automatic,12,fuel-properties,10,medium,false,fuel-properties:10,본문:보일러 구조,"증기의 발생이 활발해지면 증기와 함께 물방울이 같이 비산하여 증기기관으로 취출되는데, 이때 드럼 내에 증기 취출구에 부착하여 증기 속에 포함된 수분취출을 방지 해주는 관은?"
20150719_021,2015-07-19,21,,heat-steam-thermodynamics,열·증기·열역학 기초,boiler-operation-basics,heat-steam-thermodynamics,열·증기·열역학 기초,boiler-operation-basics,automatic,9,automatic-control-interlocks,0,medium,false,,선택지:증기 상태,증기의 과열도를 옳게 표현한 식은?
20150719_022,2015-07-19,22,,combustion-air-calculation,연소·공기비·배기가스 계산,boiler-installation-combustion,combustion-air-calculation,연소·공기비·배기가스 계산,boiler-installation-combustion,automatic,24,fuel-properties,16,high,false,fuel-properties:16,본문:연소 계산 | 본문:연소,"어떤 액체 연료를 완전 연소시키기 위한 이론 공기량이 10.5Nm3/kg이고, 공기비가 1.4인 경우 실제 공기량은?"
20150719_023,2015-07-19,23,,boiler-types-construction,보일러 형식·구조·재료,boiler-operation-basics,boiler-types-construction,보일러 형식·구조·재료,boiler-operation-basics,automatic,12,automatic-control-interlocks,0,high,false,,본문:보일러 구조,파형 노통보일러의 특징을 설명한 것으로 옳은 것은?
20150719_024,2015-07-19,24,,auxiliary-feedwater-equipment,급수·부대설비,boiler-auxiliary-equipment,auxiliary-feedwater-equipment,급수·부대설비,boiler-auxiliary-equipment,automatic,18,efficiency-output-heat-balance,10,high,false,efficiency-output-heat-balance:10,본문:과열·재열,보일러에 과열기를 설치할 때 얻어지는 장점으로 틀린 것은?
20150719_025,2015-07-19,25,,instruments-accessories,계측·부속장치,boiler-accessory-equipment,instruments-accessories,계측·부속장치,boiler-accessory-equipment,automatic,18,draft-flue-gas,9,high,false,,본문:수트블로워,슈트 블로워 사용 시 주의사항으로 틀린 것은?
20150719_026,2015-07-19,26,,draft-flue-gas,통풍·연도·굴뚝,boiler-installation-combustion,draft-flue-gas,통풍·연도·굴뚝,boiler-installation-combustion,automatic,16,automatic-control-interlocks,0,high,false,,본문:송풍기,후향 날개 형식으로 보일러의 압입송풍에 많이 사용되는 송풍기는?
20150719_027,2015-07-19,27,,fuel-properties,연료 특성·발열량,boiler-installation-combustion,fuel-properties,연료 특성·발열량,boiler-installation-combustion,automatic,18,automatic-control-interlocks,0,high,false,,본문:가연성 성분,연료의 가연 성분이 아닌 것은?
20150719_028,2015-07-19,28,,fuel-properties,연료 특성·발열량,boiler-installation-combustion,fuel-properties,연료 특성·발열량,boiler-installation-combustion,automatic,12,combustion-air-calculation,6,high,false,,본문:발열량,효율이 82%인 보일러로 발열량 9800kcal/kg의 연료를 15kg 연소시키는 경우의 손실 열량은?
20150719_029,2015-07-19,29,,burners-furnaces-atomization,버너·화격자·연소장치,boiler-installation-combustion,burners-furnaces-atomization,버너·화격자·연소장치,boiler-installation-combustion,automatic,10,combustion-air-calculation,6,high,false,combustion-air-calculation:6,선택지:버너,보일러 연소용 공기조절장치 중 착화를 원활하게 하고 화염의 안정을 도모하는 장치는?
20150719_030,2015-07-19,30,,heating-systems,증기·온수·복사난방,boiler-piping-insulation,heating-systems,증기·온수·복사난방,boiler-piping-insulation,automatic,26,piping-fittings-valves,10,high,false,,본문:난방 방식 | 본문:난방 배관,증기난방설비에서 배관 구배를 부여하는 가장 큰 이유는 무엇인가?
20150719_031,2015-07-19,31,,piping-fittings-valves,배관·이음쇠·밸브,boiler-piping-insulation,piping-fittings-valves,배관·이음쇠·밸브,boiler-piping-insulation,automatic,22,water-treatment-corrosion,10,high,false,,본문:배관 | 본문:신축·지지,보일러 배관 중에 신축이음을 하는 목적으로 가장 적합한 것은?
20150719_032,2015-07-19,32,,heating-systems,증기·온수·복사난방,boiler-piping-insulation,heating-systems,증기·온수·복사난방,boiler-piping-insulation,automatic,14,instruments-accessories,10,high,false,instruments-accessories:10,본문:팽창탱크,팽창탱크에 대한 설명으로 옳은 것은?
20150719_033,2015-07-19,33,,heating-systems,증기·온수·복사난방,boiler-piping-insulation,heating-systems,증기·온수·복사난방,boiler-piping-insulation,automatic,18,heating-load-radiators,9,high,false,,본문:난방 방식,온수난방의 특성을 설명한 것 중 틀린 것은?
20150719_034,2015-07-19,34,,heating-load-radiators,난방부하·방열기 계산,boiler-installation-combustion,heating-load-radiators,난방부하·방열기 계산,boiler-installation-combustion,automatic,16,heating-systems,6,high,false,,본문:방열기 구조,다음 중 주형 방열기의 종류로 거리가 먼 것은?
20150719_035,2015-07-19,35,,failures-accidents-safety,고장·사고·작업안전,boiler-work-safety,failures-accidents-safety,고장·사고·작업안전,boiler-work-safety,automatic,12,burners-furnaces-atomization,8,high,false,burners-furnaces-atomization:8 | operation-maintenance-preservation:7,본문:연소 이상,보일러 점화 시 역화의 원인과 관계가 없는 것은?
20150719_036,2015-07-19,36,,instruments-accessories,계측·부속장치,boiler-accessory-equipment,instruments-accessories,계측·부속장치,boiler-accessory-equipment,automatic,16,piping-fittings-valves,10,high,false,piping-fittings-valves:10,본문:압력·온도·유량계,"압력계로 연결하는 증기관을 황동관이나 동관을 사용할 경우, 증기온도는 약 몇 ℃ 이하 인가?"
20150719_037,2015-07-19,37,,operation-maintenance-preservation,기동·운전·정지·보존,boiler-operation-maintenance,operation-maintenance-preservation,기동·운전·정지·보존,boiler-operation-maintenance,automatic,18,combustion-air-calculation,3,high,false,,본문:운전 조치,보일러를 비상 정지시키는 경우의 일반적인 조치사항으로 거리가 먼 것은?
20150719_038,2015-07-19,38,,insulation-materials,보온·단열재,boiler-piping-insulation,insulation-materials,보온·단열재,boiler-piping-insulation,automatic,20,automatic-control-interlocks,0,high,false,,본문:보온재,금속 특유의 복사열에 대한 반사 특성을 이용한 대표적인 금속질 보온재는?
20150719_039,2015-07-19,39,,insulation-materials,보온·단열재,boiler-piping-insulation,insulation-materials,보온·단열재,boiler-piping-insulation,automatic,22,boiler-types-construction,6,high,false,,선택지:단열 | 본문:보온재 종류,기포성수지에 대한 설명으로 틀린 것은?
20150719_040,2015-07-19,40,,heating-systems,증기·온수·복사난방,boiler-piping-insulation,heating-systems,증기·온수·복사난방,boiler-piping-insulation,pdf-reviewed,14,piping-fittings-valves,13,low,false,piping-fittings-valves:13 | instruments-accessories:10,본문:난방 일반,온수 보일러의 순환펌프 설치 방법으로 옳은 것은?
20150719_041,2015-07-19,41,,environmental-pollution-control,집진·환경설비,boiler-accessory-equipment,environmental-pollution-control,집진·환경설비,boiler-accessory-equipment,automatic,14,burners-furnaces-atomization,4,high,false,,본문:분진·매연,보일러 가동 시 매연 발생의 원인과 가장 거리가 먼 것은?
20150719_042,2015-07-19,42,,water-treatment-corrosion,수질관리·스케일·부식,boiler-water-treatment,water-treatment-corrosion,수질관리·스케일·부식,boiler-water-treatment,automatic,16,fuel-properties,14,medium,false,fuel-properties:14,본문:부식,중유 연소 시 보일러 저온부식의 방지대책으로 거리가 먼 것은?
20150719_043,2015-07-19,43,,safety-devices,안전장치·연소안전,boiler-protection-devices,safety-devices,안전장치·연소안전,boiler-protection-devices,automatic,18,automatic-control-interlocks,0,high,false,,본문:안전밸브·방출밸브,물의 온도가 393K를 초과하는 온수발생 보일러에는 크기가 몇 ㎜ 이상인 안전밸브를 설치하여야 하는가?
20150719_044,2015-07-19,44,,water-treatment-corrosion,수질관리·스케일·부식,boiler-water-treatment,water-treatment-corrosion,수질관리·스케일·부식,boiler-water-treatment,automatic,25,fuel-properties,20,high,false,fuel-properties:20,선택지:스케일 | 본문:부식,보일러 부식에 관련된 설명 중 틀린 것은?
20150719_045,2015-07-19,45,,heating-systems,증기·온수·복사난방,boiler-piping-insulation,heating-systems,증기·온수·복사난방,boiler-piping-insulation,automatic,40,piping-fittings-valves,10,high,false,,본문:난방 방식 | 본문:환수 방식 | 본문:난방 배관,증기난방의 중력 환수식에서 단관식인 경우 배관 기울기로 적당한 것은?
20150719_046,2015-07-19,46,,heating-load-radiators,난방부하·방열기 계산,boiler-installation-combustion,heating-load-radiators,난방부하·방열기 계산,boiler-installation-combustion,automatic,14,piping-fittings-valves,5,high,false,,선택지:난방부하 | 선택지:정격출력·부하,보일러 용량 결정에 포함될 사항으로 거리가 먼 것은?
20150719_047,2015-07-19,47,,piping-fittings-valves,배관·이음쇠·밸브,boiler-piping-insulation,piping-fittings-valves,배관·이음쇠·밸브,boiler-piping-insulation,automatic,44,heating-systems,26,high,false,heating-systems:26,본문:배관 | 본문:이음쇠 | 본문:배관 이경관,온수난방 배관에서 수평주관에 지름이 다른 관을 접속하여 연결할 때 가장 적합한 관 이음쇠는?
20150719_048,2015-07-19,48,,heating-systems,증기·온수·복사난방,boiler-piping-insulation,heating-systems,증기·온수·복사난방,boiler-piping-insulation,automatic,6,automatic-control-interlocks,0,medium,false,,본문:방열기,"온수순환 방식에 의한 분류 중에서 순환이 자유롭고 신속하며, 방열기의 위치가 낮아도 순환이 가능한 방법은?"
20150719_049,2015-07-19,49,,heating-systems,증기·온수·복사난방,boiler-piping-insulation,heating-systems,증기·온수·복사난방,boiler-piping-insulation,automatic,17,boiler-types-construction,6,high,false,,본문:팽창탱크 | 선택지:방열기,온수보일러 개방식 팽창탱크 설치 시 주의사항으로 틀린 것은?
20150719_050,2015-07-19,50,,piping-fittings-valves,배관·이음쇠·밸브,boiler-piping-insulation,piping-fittings-valves,배관·이음쇠·밸브,boiler-piping-insulation,automatic,22,automatic-control-interlocks,0,high,false,,본문:배관 | 본문:신축·지지,열팽창에 의한 배관의 이동을 구속 또는 제한하는 배관 지지구인 레스트레인트(restraint)의 종류가 아닌 것은?
20150719_051,2015-07-19,51,,heating-systems,증기·온수·복사난방,boiler-piping-insulation,heating-systems,증기·온수·복사난방,boiler-piping-insulation,automatic,16,automatic-control-interlocks,0,high,false,,본문:지역·급탕 난방,보통 온수식 난방에서 온수의 온도는?
20150719_052,2015-07-19,52,,draft-flue-gas,통풍·연도·굴뚝,boiler-installation-combustion,draft-flue-gas,통풍·연도·굴뚝,boiler-installation-combustion,automatic,24,auxiliary-feedwater-equipment,20,high,false,auxiliary-feedwater-equipment:20 | instruments-accessories:14,선택지:통풍 | 선택지:송풍기 | 선택지:연도·굴뚝,"장시간 사용을 중지하고 있던 보일러의 점화 준비에서, 부속장치 조작 및 시동으로 틀린 것은?"
20150719_053,2015-07-19,53,,steam-traps-condensate,증기트랩·응축수 환수,boiler-piping-insulation,steam-traps-condensate,증기트랩·응축수 환수,boiler-piping-insulation,automatic,32,heating-systems,30,medium,false,heating-systems:30,본문:응축수 | 본문:환수 계통,"응축수 환수방식 중 중력환수 방식으로 환수가 불가능한 경우, 응축수를 별도의 응축수 탱크에 모으고 펌프 등을 이용하여 보일러에 급수를 행하는 방식은?"
20150719_054,2015-07-19,54,,insulation-materials,보온·단열재,boiler-piping-insulation,insulation-materials,보온·단열재,boiler-piping-insulation,automatic,27,automatic-control-interlocks,0,high,false,,본문:보온재 | 선택지:보온재 종류,무기질 보온재에 해당되는 것은?
20150719_055,2015-07-19,55,,energy-laws-inspection,에너지 관계법규·검사,energy-laws-and-inspection,energy-laws-inspection,에너지 관계법규·검사,energy-laws-and-inspection,automatic,32,automatic-control-interlocks,0,high,false,,본문:에너지이용합리화법 | 본문:효율관리,에너지이용합리화법상 효율관리기자재의 에너지소비효율등급 또는 에너지소비효율을 효율관리시험기관에서 측정 받아 해당 효율관리기자재에 표시하여야 하는 자는?
20150719_056,2015-07-19,56,,energy-laws-inspection,에너지 관계법규·검사,energy-laws-and-inspection,energy-laws-inspection,에너지 관계법규·검사,energy-laws-and-inspection,automatic,18,automatic-control-interlocks,0,high,false,,본문:저탄소·녹색성장,저탄소 녹색성장 기본법상 녹색성장위원회의 심의 사항이 아닌 것은?
20150719_057,2015-07-19,57,,energy-laws-inspection,에너지 관계법규·검사,energy-laws-and-inspection,energy-laws-inspection,에너지 관계법규·검사,energy-laws-and-inspection,automatic,30,automatic-control-interlocks,0,high,false,,본문:에너지법 | 본문:법령·행정,에너지법령상 “에너지 사용자”의 정의로 옳은 것은?
20150719_058,2015-07-19,58,,energy-laws-inspection,에너지 관계법규·검사,energy-laws-and-inspection,energy-laws-inspection,에너지 관계법규·검사,energy-laws-and-inspection,automatic,20,automatic-control-interlocks,0,high,false,,본문:에너지이용합리화법,"에너지이용 합리화법규상 냉난방온도제한 건물에 냉난방 제헌온도를 적용할 때의 기준으로 옳은 것은? (단, 판매시설 및 공항의 경우는 제외한다.)"
20150719_059,2015-07-19,59,jpg 확필,energy-laws-inspection,에너지 관계법규·검사,energy-laws-and-inspection,energy-laws-inspection,에너지 관계법규·검사,energy-laws-and-inspection,pdf-reviewed,6,automatic-control-interlocks,0,medium,false,,선택지:법령·행정,다음 ( )에 알맞은 것은?
20150719_060,2015-07-19,60,,energy-laws-inspection,에너지 관계법규·검사,energy-laws-and-inspection,energy-laws-inspection,에너지 관계법규·검사,energy-laws-and-inspection,automatic,46,operation-maintenance-preservation,4,high,false,,본문:에너지이용합리화법 | 본문:법령·행정 | 본문:열사용기자재,에너지이용합리화법상 검사대상기기설치자가 시·도지사에게 신고하여야 하는 경우가 아닌 것은?
20151010_001,2015-10-10,1,,fuel-properties,연료 특성·발열량,boiler-installation-combustion,fuel-properties,연료 특성·발열량,boiler-installation-combustion,automatic,27,burners-furnaces-atomization,16,high,false,burners-furnaces-atomization:16,선택지:석탄 | 본문:유류·중유 | 선택지:연료 성분,중유의 성상을 개선하기 위한 첨가제 중 분무를 순조롭게 하기 위하여 사용하는 것은?
20151010_002,2015-10-10,2,,fuel-properties,연료 특성·발열량,boiler-installation-combustion,fuel-properties,연료 특성·발열량,boiler-installation-combustion,automatic,18,automatic-control-interlocks,0,high,false,,본문:가연성 성분,"천연가스의 비중이 약 0.64라고 표시되었을 때, 비중의 기준은?"
20151010_003,2015-10-10,3,,heat-steam-thermodynamics,열·증기·열역학 기초,boiler-operation-basics,heat-steam-thermodynamics,열·증기·열역학 기초,boiler-operation-basics,automatic,16,automatic-control-interlocks,0,high,false,,본문:동력·열량 환산,"30마력(PS)인 기관이 1시간 동안 행한 일량을 열량으로 환산하면 약 몇 kcal 인가? (단, 이 과정에서 행한 일량은 모두 열량으로 변환된다고 가정한다.)"
20151010_004,2015-10-10,4,jpg 확필,combustion-air-calculation,연소·공기비·배기가스 계산,boiler-installation-combustion,combustion-air-calculation,연소·공기비·배기가스 계산,boiler-installation-combustion,pdf-reviewed,24,automatic-control-interlocks,0,high,false,,본문:연소 계산 | 본문:연소,프로판(propane) 가스의 연소식은 다음과 같다. 프로판 가스 10kg을 완전 연소시키는데 필요한 이론산소량은?
20151010_005,2015-10-10,5,,burners-furnaces-atomization,버너·화격자·연소장치,boiler-installation-combustion,burners-furnaces-atomization,버너·화격자·연소장치,boiler-installation-combustion,automatic,20,safety-devices,16,high,false,safety-devices:16,본문:버너,화염 검출기 종류 중 화염의 이온화를 이용한 것으로 가스 점화 버너에 주로 사용하는 것은?
20151010_006,2015-10-10,6,,safety-devices,안전장치·연소안전,boiler-protection-devices,safety-devices,안전장치·연소안전,boiler-protection-devices,automatic,18,automatic-control-interlocks,0,high,false,,본문:수위경보기,수위경보기의 종류 중 플로트의 위치변위에 따라 수은 스위치 또는 마이크로 스위치를 작동시켜 경보를 울리는 것은?
20151010_007,2015-10-10,7,,efficiency-output-heat-balance,효율·증발량·열정산,boiler-efficiency-heat-balance,efficiency-output-heat-balance,효율·증발량·열정산,boiler-efficiency-heat-balance,automatic,30,combustion-air-calculation,3,high,false,,선택지:보일러 효율 | 본문:열정산,보일러 열정산을 설명한 것 중 옳은 것은?
20151010_008,2015-10-10,8,,burners-furnaces-atomization,버너·화격자·연소장치,boiler-installation-combustion,burners-furnaces-atomization,버너·화격자·연소장치,boiler-installation-combustion,automatic,36,fuel-properties,16,high,false,,본문:버너 | 본문:화격자·연소장치,보일러 액체연료 연소장치인 버너의 형식별 종류에 해당되지 않는 것은?
20151010_009,2015-10-10,9,,heat-steam-thermodynamics,열·증기·열역학 기초,boiler-operation-basics,heat-steam-thermodynamics,열·증기·열역학 기초,boiler-operation-basics,automatic,18,combustion-air-calculation,6,high,false,,본문:엔탈피·잠열,"매시간 425kg의 연료를 연소시켜 4800kg/h의 증기를 발생시키는 보일러의 효율은 약 얼마인가? (단, 연료의 발열 량 : 9750kcal/kg, 증기엔탈피: 676kcal/kg, 급수온도 : 20℃이다.)"
20151010_010,2015-10-10,10,,environmental-pollution-control,집진·환경설비,boiler-accessory-equipment,environmental-pollution-control,집진·환경설비,boiler-accessory-equipment,automatic,34,automatic-control-interlocks,0,high,false,,본문:집진장치 | 본문:분진·매연,함진가스에 선회운동을 주어 분진입자에 작용하는 원심력에 의하여 입자를 분리하는 집진장치로 가장 적합한 것은?
20151010_011,2015-10-10,11,,efficiency-output-heat-balance,효율·증발량·열정산,boiler-efficiency-heat-balance,efficiency-output-heat-balance,효율·증발량·열정산,boiler-efficiency-heat-balance,automatic,16,automatic-control-interlocks,0,high,false,,본문:보일러마력,"""1 보일러 마력""에 대한 설명으로 옳은 것은?"
20151010_012,2015-10-10,12,,fuel-properties,연료 특성·발열량,boiler-installation-combustion,fuel-properties,연료 특성·발열량,boiler-installation-combustion,automatic,18,automatic-control-interlocks,0,high,false,,본문:가연성 성분,연료성분 중 가연 성분이 아닌 것은?
20151010_013,2015-10-10,13,,boiler-types-construction,보일러 형식·구조·재료,boiler-operation-basics,boiler-types-construction,보일러 형식·구조·재료,boiler-operation-basics,automatic,14,automatic-control-interlocks,0,high,false,,본문:급수내관·수위,보일러 급수내관의 설치 위치로 옳은 것은?
20151010_014,2015-10-10,14,,draft-flue-gas,통풍·연도·굴뚝,boiler-installation-combustion,draft-flue-gas,통풍·연도·굴뚝,boiler-installation-combustion,automatic,25,automatic-control-interlocks,0,high,false,,본문:통풍 | 선택지:연도·굴뚝,보일러 배기가스의 자연 통풍력을 증가시키는 방법으로 틀린 것은?
20151010_015,2015-10-10,15,,heat-steam-thermodynamics,열·증기·열역학 기초,boiler-operation-basics,heat-steam-thermodynamics,열·증기·열역학 기초,boiler-operation-basics,automatic,18,automatic-control-interlocks,0,high,false,,본문:증기 상태,증기의 건조도(x) 설명이 옳은 것은?
20151010_016,2015-10-10,16,,safety-devices,안전장치·연소안전,boiler-protection-devices,safety-devices,안전장치·연소안전,boiler-protection-devices,automatic,38,efficiency-output-heat-balance,22,high,false,efficiency-output-heat-balance:22,본문:안전밸브·방출밸브 | 본문:안전밸브 계산·규격,"다음 중 저양정식 안전밸브의 단면적 계산식은? (단, A=단면적(mm2), P=분출압력(kgf/cm2), E=증발량(kg/h)이다.)"
20151010_017,2015-10-10,17,,efficiency-output-heat-balance,효율·증발량·열정산,boiler-efficiency-heat-balance,efficiency-output-heat-balance,효율·증발량·열정산,boiler-efficiency-heat-balance,automatic,10,automatic-control-interlocks,0,high,false,,선택지:보일러 효율,입형보일러에 대한 설명으로 거리가 먼것은?
20151010_018,2015-10-10,18,,burners-furnaces-atomization,버너·화격자·연소장치,boiler-installation-combustion,burners-furnaces-atomization,버너·화격자·연소장치,boiler-installation-combustion,automatic,20,automatic-control-interlocks,0,high,false,,본문:버너,보일러용 가스버너 중 외부혼합식에 속하지 않는 것은?
20151010_019,2015-10-10,19,,auxiliary-feedwater-equipment,급수·부대설비,boiler-auxiliary-equipment,auxiliary-feedwater-equipment,급수·부대설비,boiler-auxiliary-equipment,automatic,18,instruments-accessories,14,high,false,instruments-accessories:14,본문:과열·재열,"보일러 부속장치인 증기 과열기를 설치 위치에 따라 분류할 때, 해당되지 않는 것은?"
20151010_020,2015-10-10,20,,safety-devices,안전장치·연소안전,boiler-protection-devices,safety-devices,안전장치·연소안전,boiler-protection-devices,automatic,26,combustion-air-calculation,6,high,false,,본문:안전장치 | 선택지:화염 감시,가스 연소용 보일러의 안전장치가 아닌 것은?
20151010_021,2015-10-10,21,,automatic-control-interlocks,자동제어·인터록,boiler-control-systems,automatic-control-interlocks,자동제어·인터록,boiler-control-systems,automatic,10,combustion-air-calculation,3,high,false,,선택지:급수 3요소 제어,보일러에서 제어해야할 요소에 해당되지 않는 것은?
20151010_022,2015-10-10,22,,water-treatment-corrosion,수질관리·스케일·부식,boiler-water-treatment,water-treatment-corrosion,수질관리·스케일·부식,boiler-water-treatment,automatic,10,heat-steam-thermodynamics,7,medium,false,heat-steam-thermodynamics:7 | boiler-types-construction:6,선택지:수처리,관류보일러의 특징에 대한 설명으로 틀린 것은?
20151010_023,2015-10-10,23,,efficiency-output-heat-balance,효율·증발량·열정산,boiler-efficiency-heat-balance,efficiency-output-heat-balance,효율·증발량·열정산,boiler-efficiency-heat-balance,automatic,22,boiler-types-construction,12,high,false,,본문:증발량,보일러 전열면적 1m2 당 1시간에 발생되는 실제 증발량은 무엇인가?
20151010_024,2015-10-10,24,,heat-steam-thermodynamics,열·증기·열역학 기초,boiler-operation-basics,heat-steam-thermodynamics,열·증기·열역학 기초,boiler-operation-basics,automatic,14,automatic-control-interlocks,0,high,false,,본문:비열·열량,"50kg의 -10℃ 얼음을 100℃의 증기로 만드는데 소요되는 열량은 몇 kcal 인가? (단, 물과 얼음의 비열은 각각 1kcal/kg·℃, 0.5kcal/kg·℃로 한다.)"
20151010_025,2015-10-10,25,,automatic-control-interlocks,자동제어·인터록,boiler-control-systems,automatic-control-interlocks,자동제어·인터록,boiler-control-systems,automatic,40,auxiliary-feedwater-equipment,0,high,false,,본문:자동제어 | 본문:피드백·목표값,피드 백 자동제어에서 동작신호를 받아서 제어계가 정해진 동작을 하는데 필요한 신호를 만들어 조작부에 보내는 부분은?
20151010_026,2015-10-10,26,,auxiliary-feedwater-equipment,급수·부대설비,boiler-auxiliary-equipment,auxiliary-feedwater-equipment,급수·부대설비,boiler-auxiliary-equipment,automatic,19,fuel-properties,14,high,false,fuel-properties:14,선택지:급수펌프 | 선택지:오일프리히터,중유 보일러의 연소 보조 장치에 속하지 않는 것은?
20151010_027,2015-10-10,27,,water-treatment-corrosion,수질관리·스케일·부식,boiler-water-treatment,water-treatment-corrosion,수질관리·스케일·부식,boiler-water-treatment,automatic,32,automatic-control-interlocks,0,high,false,,선택지:수처리 | 선택지:스케일 | 선택지:캐리오버 | 선택지:분출·농축,보일러 분출 목적으로 틀린 것은?
20151010_028,2015-10-10,28,,water-treatment-corrosion,수질관리·스케일·부식,boiler-water-treatment,water-treatment-corrosion,수질관리·스케일·부식,boiler-water-treatment,automatic,24,efficiency-output-heat-balance,10,high,false,,본문:캐리오버 | 선택지:부식,케리오버로 인하여 나타날 수 있는 결과로 거리가 먼 것은?
20151010_029,2015-10-10,29,,efficiency-output-heat-balance,효율·증발량·열정산,boiler-efficiency-heat-balance,efficiency-output-heat-balance,효율·증발량·열정산,boiler-efficiency-heat-balance,automatic,10,boiler-types-construction,6,high,false,boiler-types-construction:6,선택지:보일러 효율,입형보일러 특징으로 거리가 먼 것은?
20151010_030,2015-10-10,30,,failures-accidents-safety,고장·사고·작업안전,boiler-work-safety,failures-accidents-safety,고장·사고·작업안전,boiler-work-safety,automatic,12,draft-flue-gas,9,medium,false,draft-flue-gas:9 | burners-furnaces-atomization:8 | operation-maintenance-preservation:7,본문:연소 이상,보일러의 점화 시 역화 원인에 해당되지 않는 것은?
20151010_031,2015-10-10,31,,piping-fittings-valves,배관·이음쇠·밸브,boiler-piping-insulation,piping-fittings-valves,배관·이음쇠·밸브,boiler-piping-insulation,automatic,12,automatic-control-interlocks,0,high,false,,본문:배관 표시·굽힘,관속에 흐르는 유체의 종류를 나타내는 기호 중 증기를 나타내는 것은?
20151010_032,2015-10-10,32,,water-treatment-corrosion,수질관리·스케일·부식,boiler-water-treatment,water-treatment-corrosion,수질관리·스케일·부식,boiler-water-treatment,automatic,38,automatic-control-interlocks,0,high,false,,본문:수처리 | 본문:스케일,보일러 청관제 중 보일러수의 연화제로 사용되지 않는 것은?
20151010_033,2015-10-10,33,,heating-systems,증기·온수·복사난방,boiler-piping-insulation,heating-systems,증기·온수·복사난방,boiler-piping-insulation,automatic,18,heat-steam-thermodynamics,14,high,false,heat-steam-thermodynamics:14,본문:난방 방식,"어떤 방의 온수난방에서 소요되는 열량이 시간당 21000kcal이고, 송수온도가 85℃이며, 환수온도가 25℃라면, 온수의 순환량은? (단, 온수의 비열은 1kcal/kg·℃이다.)"
20151010_034,2015-10-10,34,,safety-devices,안전장치·연소안전,boiler-protection-devices,safety-devices,안전장치·연소안전,boiler-protection-devices,automatic,38,efficiency-output-heat-balance,11,high,false,,본문:안전밸브·방출밸브 | 본문:안전밸브 계산·규격,보일러에 사용되는 안전밸브 및 압력방출장치 크기를 20A 이상으로 할 수 있는 보일러구가 아닌 것은?
20151010_035,2015-10-10,35,,piping-fittings-valves,배관·이음쇠·밸브,boiler-piping-insulation,piping-fittings-valves,배관·이음쇠·밸브,boiler-piping-insulation,automatic,10,automatic-control-interlocks,0,high,false,,본문:배관,배관계의 식별 표시는 물질의 종류에 따라 달리한다. 물질과 식별색의 연결이 틀린 것은?
20151010_036,2015-10-10,36,,insulation-materials,보온·단열재,boiler-piping-insulation,insulation-materials,보온·단열재,boiler-piping-insulation,automatic,27,automatic-control-interlocks,0,high,false,,본문:보온재 | 선택지:보온재 종류,다음 보온재 중 안전사용 온도가 가장 낮은 것은?
20151010_037,2015-10-10,37,,piping-fittings-valves,배관·이음쇠·밸브,boiler-piping-insulation,piping-fittings-valves,배관·이음쇠·밸브,boiler-piping-insulation,automatic,10,steam-traps-condensate,7,medium,false,steam-traps-condensate:7 | auxiliary-feedwater-equipment:6,본문:배관,주증기관에서 증기의 건도를 향상 시키는 방법으로 적당하지 않은 것은?
20151010_038,2015-10-10,38,,water-treatment-corrosion,수질관리·스케일·부식,boiler-water-treatment,water-treatment-corrosion,수질관리·스케일·부식,boiler-water-treatment,automatic,26,operation-maintenance-preservation,6,high,false,,선택지:수처리 | 본문:캐리오버,보일러 기수공발(carry over)의 원인이 아닌 것은?
20151010_039,2015-10-10,39,,piping-fittings-valves,배관·이음쇠·밸브,boiler-piping-insulation,piping-fittings-valves,배관·이음쇠·밸브,boiler-piping-insulation,automatic,16,automatic-control-interlocks,0,high,false,,본문:배관 공구·작업,동관의 끝을 나팔 모양으로 만드는데 사용하는 공구는?
20151010_040,2015-10-10,40,,operation-maintenance-preservation,기동·운전·정지·보존,boiler-operation-maintenance,operation-maintenance-preservation,기동·운전·정지·보존,boiler-operation-maintenance,automatic,6,automatic-control-interlocks,0,medium,false,,선택지:정상운전·송기,보일러 분출 시의 유의사항 중 틀린 것은?
20151010_041,2015-10-10,41,,heating-load-radiators,난방부하·방열기 계산,boiler-installation-combustion,heating-load-radiators,난방부하·방열기 계산,boiler-installation-combustion,automatic,18,fuel-properties,6,high,false,,본문:난방부하,난방부하 계산 시 고려해야 할 사항으로 거리가 먼 것은?
20151010_042,2015-10-10,42,,boiler-types-construction,보일러 형식·구조·재료,boiler-operation-basics,boiler-types-construction,보일러 형식·구조·재료,boiler-operation-basics,automatic,10,heat-steam-thermodynamics,7,medium,false,heat-steam-thermodynamics:7,본문:수압시험,보일러에서 수압시험을 하는 목적으로 틀린 것은?
20151010_043,2015-10-10,43,,heating-systems,증기·온수·복사난방,boiler-piping-insulation,heating-systems,증기·온수·복사난방,boiler-piping-insulation,automatic,18,automatic-control-interlocks,0,high,false,,본문:난방 방식,온수난방법 중 고온수 난방에 사용되는 온수의 온도는?
20151010_044,2015-10-10,44,,piping-fittings-valves,배관·이음쇠·밸브,boiler-piping-insulation,piping-fittings-valves,배관·이음쇠·밸브,boiler-piping-insulation,automatic,16,heating-systems,6,high,false,,본문:밸브 일반,온수방열기의 공기빼기 밸브의 위치로 적당한 것은?
20151010_045,2015-10-10,45,,piping-fittings-valves,배관·이음쇠·밸브,boiler-piping-insulation,piping-fittings-valves,배관·이음쇠·밸브,boiler-piping-insulation,automatic,16,automatic-control-interlocks,0,high,false,,본문:이음쇠,관의 방향을 바꾸거나 분기할 때 사용되는 이음쇠가 아닌 것은?
20151010_046,2015-10-10,46,,draft-flue-gas,통풍·연도·굴뚝,boiler-installation-combustion,draft-flue-gas,통풍·연도·굴뚝,boiler-installation-combustion,automatic,14,burners-furnaces-atomization,8,high,false,burners-furnaces-atomization:8,본문:연도·굴뚝,"보일러 운전이 끝난 후, 노내와 연도에 체류하고 있는 가연성 가스를 배출시키는 작업은?"
20151010_047,2015-10-10,47,,steam-traps-condensate,증기트랩·응축수 환수,boiler-piping-insulation,steam-traps-condensate,증기트랩·응축수 환수,boiler-piping-insulation,automatic,34,heating-systems,20,high,false,heating-systems:20,본문:증기트랩 | 본문:응축수,"온도 조절식 트랩으로 응축수와 함께 저온의 공기도 통과시키는 특성이 있으며, 진공 환수식 증기 배관의 방열기 트랩이나 과말 트랩으로 사용되는 것은?"
20151010_048,2015-10-10,48,,heating-systems,증기·온수·복사난방,boiler-piping-insulation,heating-systems,증기·온수·복사난방,boiler-piping-insulation,automatic,18,failures-accidents-safety,8,high,false,,본문:난방 방식,온수난방의 특징에 대한 설명으로 틀린 것은?
20151010_049,2015-10-10,49,,piping-fittings-valves,배관·이음쇠·밸브,boiler-piping-insulation,piping-fittings-valves,배관·이음쇠·밸브,boiler-piping-insulation,automatic,24,water-treatment-corrosion,9,high,false,,본문:배관 | 본문:강관 규격,고온 배관용 탄소강 강관의 KS 기호는?
20151010_050,2015-10-10,50,,boiler-types-construction,보일러 형식·구조·재료,boiler-operation-basics,boiler-types-construction,보일러 형식·구조·재료,boiler-operation-basics,automatic,14,automatic-control-interlocks,0,high,false,,본문:급수내관·수위,보일러 수위에 대한 설명으로 옳은 것은?
20151010_051,2015-10-10,51,,auxiliary-feedwater-equipment,급수·부대설비,boiler-auxiliary-equipment,auxiliary-feedwater-equipment,급수·부대설비,boiler-auxiliary-equipment,automatic,18,automatic-control-interlocks,0,high,false,,본문:급수펌프,"급수펌프에서 송출량이 10m3/min이고, 전양정이 8m일 때, 펌프의 소요마력은? (단, 펌프 효율은 75%이다.)"
20151010_052,2015-10-10,52,,heating-systems,증기·온수·복사난방,boiler-piping-insulation,heating-systems,증기·온수·복사난방,boiler-piping-insulation,automatic,33,piping-fittings-valves,18,high,false,,본문:난방 방식 | 선택지:환수 방식 | 본문:난방 배관,증기난방 배관에 대한 설명 중 옳은 것은?
20151010_053,2015-10-10,53,,operation-maintenance-preservation,기동·운전·정지·보존,boiler-operation-maintenance,operation-maintenance-preservation,기동·운전·정지·보존,boiler-operation-maintenance,automatic,18,instruments-accessories,10,high,false,instruments-accessories:10,본문:기동·점화 | 선택지:점검·정비,사용 중인 보일러의 점화 전 주의사항으로 틀린 것은?
20151010_054,2015-10-10,54,,safety-devices,안전장치·연소안전,boiler-protection-devices,safety-devices,안전장치·연소안전,boiler-protection-devices,automatic,35,piping-fittings-valves,8,high,false,,본문:안전장치 | 선택지:안전밸브·방출밸브 | 선택지:화염 감시,다음 중 보일러의 안전장치에 해당되지 않는 것은?
20151010_055,2015-10-10,55,,energy-laws-inspection,에너지 관계법규·검사,energy-laws-and-inspection,energy-laws-inspection,에너지 관계법규·검사,energy-laws-and-inspection,automatic,34,boiler-types-construction,9,high,false,,본문:에너지이용합리화법 | 본문:열사용기자재,에너지이용 합리화법에 따른 열사용기자재 중 소형온수 보일러의 적용 범위로 옳은 것은?
20151010_056,2015-10-10,56,,energy-laws-inspection,에너지 관계법규·검사,energy-laws-and-inspection,energy-laws-inspection,에너지 관계법규·검사,energy-laws-and-inspection,automatic,20,piping-fittings-valves,6,high,false,,본문:에너지이용합리화법,에너지이용 합리화법상 목표에너지원 단위란?
20151010_057,2015-10-10,57,,energy-laws-inspection,에너지 관계법규·검사,energy-laws-and-inspection,energy-laws-inspection,에너지 관계법규·검사,energy-laws-and-inspection,automatic,30,draft-flue-gas,14,high,false,,본문:저탄소·녹색성장 | 본문:법령·행정,"저탄소 녹색성장 기본법령상 관리업체는 해당 연도 온실가스 배출량 및 에너지 소비량에 관한 명세서를 작성하고, 이에 대한 검증기관의 검증 결과를 부문별 관장기관에게 전자적 방식으로 언제까지 제출하여야 하는가?"
20151010_058,2015-10-10,58,,energy-laws-inspection,에너지 관계법규·검사,energy-laws-and-inspection,energy-laws-inspection,에너지 관계법규·검사,energy-laws-and-inspection,automatic,42,automatic-control-interlocks,0,high,false,,본문:에너지이용합리화법 | 본문:법령·행정 | 본문:에너지사용·진단,에너지이용 합리화법 시행령에서 에너지다소비사업자라 함은 연료·열 및 전력의 연간 사용량 합계가 얼마 이상인 경우인가?
20151010_059,2015-10-10,59,,energy-laws-inspection,에너지 관계법규·검사,energy-laws-and-inspection,energy-laws-inspection,에너지 관계법규·검사,energy-laws-and-inspection,automatic,32,automatic-control-interlocks,0,high,false,,본문:에너지이용합리화법 | 본문:효율관리,에너지이용 합리화법상 에너지소비효율 등급 또는 에너지 소비효율을 해당 효율관리 기자재에 표시할 수 있도록 효율관리 기자재의 에너지 사용량을 측정하는 기관은?
20151010_060,2015-10-10,60,,energy-laws-inspection,에너지 관계법규·검사,energy-laws-and-inspection,energy-laws-inspection,에너지 관계법규·검사,energy-laws-and-inspection,automatic,34,automatic-control-interlocks,0,high,false,,본문:에너지이용합리화법 | 본문:열사용기자재,에너지이용 합리화법상 법을 위반하여 검사대상기기조종자를 선임하지 아니한 자에 대한 별칙기준으로 옳은 것은?
20160124_001,2016-01-24,1,,combustion-air-calculation,연소·공기비·배기가스 계산,boiler-installation-combustion,combustion-air-calculation,연소·공기비·배기가스 계산,boiler-installation-combustion,automatic,13,automatic-control-interlocks,0,high,false,,선택지:배기가스 분석 | 본문:연소,연소가스 성분 중 인체에 미치는 독성이 가장 적은 것은?
20160124_002,2016-01-24,2,,burners-furnaces-atomization,버너·화격자·연소장치,boiler-installation-combustion,burners-furnaces-atomization,버너·화격자·연소장치,boiler-installation-combustion,automatic,20,fuel-properties,14,high,false,fuel-properties:14,본문:버너,유류용 온수보일러에서 버너가 정지하고 리셋버튼이 돌출하는 경우는?
20160124_003,2016-01-24,3,,auxiliary-feedwater-equipment,급수·부대설비,boiler-auxiliary-equipment,auxiliary-feedwater-equipment,급수·부대설비,boiler-auxiliary-equipment,automatic,7,automatic-control-interlocks,0,medium,false,,선택지:급수장치,보일러 사용 시 이상 저수위의 원인이 아닌 것은?
20160124_004,2016-01-24,4,,heat-steam-thermodynamics,열·증기·열역학 기초,boiler-operation-basics,heat-steam-thermodynamics,열·증기·열역학 기초,boiler-operation-basics,automatic,14,automatic-control-interlocks,0,high,false,,본문:비열·열량,어떤 물질 500kg을 20℃에서 50℃로 올리는데 3000kcal의 열량이 필요하였다. 이 물질의 비열은?
20160124_005,2016-01-24,5,,fuel-properties,연료 특성·발열량,boiler-installation-combustion,fuel-properties,연료 특성·발열량,boiler-installation-combustion,automatic,27,water-treatment-corrosion,18,high,false,water-treatment-corrosion:18,선택지:석탄 | 본문:유류·중유 | 선택지:연료 성분,중유의 첨가제 중 슬러지의 생성방지제 역할을 하는 것은?
20160124_006,2016-01-24,6,,boiler-types-construction,보일러 형식·구조·재료,boiler-operation-basics,boiler-types-construction,보일러 형식·구조·재료,boiler-operation-basics,automatic,12,automatic-control-interlocks,0,high,false,,본문:보일러 구조,보일러 드럼 없이 초임계 압력 이상에서 고압증기를 발생시키는 보일러는?
20160124_007,2016-01-24,7,,efficiency-output-heat-balance,효율·증발량·열정산,boiler-efficiency-heat-balance,efficiency-output-heat-balance,효율·증발량·열정산,boiler-efficiency-heat-balance,automatic,27,boiler-types-construction,6,high,false,,선택지:증발량 | 본문:보일러마력,보일러 1마력에 대한 표시로 옳은 것은?
20160124_008,2016-01-24,8,,automatic-control-interlocks,자동제어·인터록,boiler-control-systems,automatic-control-interlocks,자동제어·인터록,boiler-control-systems,automatic,26,auxiliary-feedwater-equipment,0,high,false,,선택지:제어량·조작량 | 본문:인터록,제어장치에서 인터록(inter lock) 이란?
20160124_009,2016-01-24,9,,heat-steam-thermodynamics,열·증기·열역학 기초,boiler-operation-basics,heat-steam-thermodynamics,열·증기·열역학 기초,boiler-operation-basics,automatic,16,insulation-materials,8,high,false,,본문:열역학 상태변화,동작유체의 상태변화에서 에너지의 이동이 없는 변화는?
20160124_010,2016-01-24,10,,combustion-air-calculation,연소·공기비·배기가스 계산,boiler-installation-combustion,combustion-air-calculation,연소·공기비·배기가스 계산,boiler-installation-combustion,automatic,31,efficiency-output-heat-balance,10,high,false,,본문:연소 계산 | 선택지:연소 반응 | 본문:연소,연소 시 공기비가 작을 때 나타나는 현상으로 틀린 것은?
20160124_011,2016-01-24,11,,burners-furnaces-atomization,버너·화격자·연소장치,boiler-installation-combustion,burners-furnaces-atomization,버너·화격자·연소장치,boiler-installation-combustion,automatic,26,draft-flue-gas,7,high,false,,선택지:버너 | 본문:화격자·연소장치,보일러 연소장치와 가장 거리가 먼 것은?
20160124_012,2016-01-24,12,,steam-traps-condensate,증기트랩·응축수 환수,boiler-piping-insulation,steam-traps-condensate,증기트랩·응축수 환수,boiler-piping-insulation,automatic,27,automatic-control-interlocks,0,high,false,,본문:증기트랩 | 선택지:응축수,증기트랩이 갖추어야 할 조건에 대한 설명으로 틀린 것은?
20160124_013,2016-01-24,13,,heat-steam-thermodynamics,열·증기·열역학 기초,boiler-operation-basics,heat-steam-thermodynamics,열·증기·열역학 기초,boiler-operation-basics,automatic,18,automatic-control-interlocks,0,high,false,,본문:증기 상태,과열증기에서 과열도는 무엇인가?
20160124_014,2016-01-24,14,jpg 확필,efficiency-output-heat-balance,효율·증발량·열정산,boiler-efficiency-heat-balance,efficiency-output-heat-balance,효율·증발량·열정산,boiler-efficiency-heat-balance,pdf-reviewed,30,automatic-control-interlocks,0,high,false,,본문:보일러 효율 | 본문:성능시험,다음은 증기보일러를 성능시험하고 결과를 산출하였다. 보일러 효율은?(문제 오류로 시행당일 정답을 4번으로 발표하였지만 전항 정답 처리 되었습니다. 여기서는 4번을 누르면 정답 처리 됩니다.)
20160124_015,2016-01-24,15,,automatic-control-interlocks,자동제어·인터록,boiler-control-systems,automatic-control-interlocks,자동제어·인터록,boiler-control-systems,automatic,42,failures-accidents-safety,8,high,false,,본문:자동제어 | 본문:제어량·조작량 | 선택지:수위·압력 제어,자동제어의 신호전달 방법에서 공기압식의 특징으로 옳은 것은?
20160124_016,2016-01-24,16,,failures-accidents-safety,고장·사고·작업안전,boiler-work-safety,failures-accidents-safety,고장·사고·작업안전,boiler-work-safety,automatic,22,fuel-properties,14,high,false,fuel-properties:14,본문:폭발·화재 | 선택지:연소 이상,보일러 유류연료 연소 시에 가스폭발이 발생하는 원인이 아닌 것은?
20160124_017,2016-01-24,17,,environmental-pollution-control,집진·환경설비,boiler-accessory-equipment,environmental-pollution-control,집진·환경설비,boiler-accessory-equipment,automatic,38,piping-fittings-valves,5,high,false,,본문:집진장치 | 본문:집진 방식,세정식 집진장치 중 하나인 회전식 집진장치의 특징에 관한 설명으로 가장 거리가 먼 것은?
20160124_018,2016-01-24,18,,auxiliary-feedwater-equipment,급수·부대설비,boiler-auxiliary-equipment,auxiliary-feedwater-equipment,급수·부대설비,boiler-auxiliary-equipment,automatic,28,efficiency-output-heat-balance,20,high,false,efficiency-output-heat-balance:20 | water-treatment-corrosion:16,선택지:절탄기 | 선택지:공기예열기 | 선택지:과열·재열,다음 열효율 증대장치 중에서 고온부식이 잘 일어나는 장치는?
20160124_019,2016-01-24,19,,auxiliary-feedwater-equipment,급수·부대설비,boiler-auxiliary-equipment,auxiliary-feedwater-equipment,급수·부대설비,boiler-auxiliary-equipment,automatic,18,combustion-air-calculation,6,high,false,,본문:과열·재열,증기과열기의 열 가스 흐름방식 분류 중 증기와 연소가스의 흐름이 반대방향으로 지나면서 열교환이 되는 방식은?
20160124_020,2016-01-24,20,,efficiency-output-heat-balance,효율·증발량·열정산,boiler-efficiency-heat-balance,efficiency-output-heat-balance,효율·증발량·열정산,boiler-efficiency-heat-balance,automatic,20,heat-steam-thermodynamics,9,high,false,,본문:열정산,열정산의 방법에서 입열 항목에 속하지 않는 것은?
20160124_021,2016-01-24,21,,safety-devices,안전장치·연소안전,boiler-protection-devices,safety-devices,안전장치·연소안전,boiler-protection-devices,automatic,18,instruments-accessories,16,medium,false,instruments-accessories:16,본문:안전장치,가스용 보일러 설비 주위에 설치해야 할 계측기 및 안전장치와 무관한 것은?
20160124_022,2016-01-24,22,,automatic-control-interlocks,자동제어·인터록,boiler-control-systems,automatic-control-interlocks,자동제어·인터록,boiler-control-systems,automatic,30,piping-fittings-valves,16,high,false,,본문:자동제어 | 선택지:급수 3요소 제어,수위 자동제어 장치에서 수위와 증기유량을 동시에 검출하여 급수밸브의 개도가 조절되도록 한 제어방식은?
20160124_023,2016-01-24,23,,instruments-accessories,계측·부속장치,boiler-accessory-equipment,instruments-accessories,계측·부속장치,boiler-accessory-equipment,automatic,20,automatic-control-interlocks,0,high,false,,본문:수면계,일반적으로 보일러의 상용수위는 수면계의 어느 위치와 일치시키는가?
20160124_024,2016-01-24,24,,auxiliary-feedwater-equipment,급수·부대설비,boiler-auxiliary-equipment,auxiliary-feedwater-equipment,급수·부대설비,boiler-auxiliary-equipment,automatic,16,automatic-control-interlocks,0,high,false,,본문:펌프 현상,왕복동식 펌프가 아닌 것은?
20160124_025,2016-01-24,25,,efficiency-output-heat-balance,효율·증발량·열정산,boiler-efficiency-heat-balance,efficiency-output-heat-balance,효율·증발량·열정산,boiler-efficiency-heat-balance,automatic,22,boiler-types-construction,12,high,false,,본문:증발량,"어떤 보일러의 증발량이 40t/h이고, 보일러 본체의 전열면적이 580m2일 때 이 보일러의 증발률은?"
20160124_026,2016-01-24,26,,automatic-control-interlocks,자동제어·인터록,boiler-control-systems,automatic-control-interlocks,자동제어·인터록,boiler-control-systems,automatic,12,auxiliary-feedwater-equipment,0,high,false,,본문:수위·압력 제어,보일러의 수위제어 검출방식의 종류로 가장 거리가 먼 것은?
20160124_027,2016-01-24,27,,draft-flue-gas,통풍·연도·굴뚝,boiler-installation-combustion,draft-flue-gas,통풍·연도·굴뚝,boiler-installation-combustion,automatic,25,automatic-control-interlocks,0,high,false,,본문:통풍 | 선택지:연도·굴뚝,자연통풍 방식에서 통풍력이 증가되는 경우가 아닌 것은?
20160124_028,2016-01-24,28,,fuel-properties,연료 특성·발열량,boiler-installation-combustion,fuel-properties,연료 특성·발열량,boiler-installation-combustion,automatic,24,automatic-control-interlocks,0,high,false,,본문:연료 종류 | 선택지:인화·발화,액체 연료의 주요 성상으로 가장 거리가 먼 것은?
20160124_029,2016-01-24,29,,auxiliary-feedwater-equipment,급수·부대설비,boiler-auxiliary-equipment,auxiliary-feedwater-equipment,급수·부대설비,boiler-auxiliary-equipment,automatic,22,combustion-air-calculation,3,high,false,,본문:절탄기,절탄기에 대한 설명으로 옳은 것은?
20160124_030,2016-01-24,30,,operation-maintenance-preservation,기동·운전·정지·보존,boiler-operation-maintenance,operation-maintenance-preservation,기동·운전·정지·보존,boiler-operation-maintenance,automatic,18,automatic-control-interlocks,0,high,false,,본문:보존,보일러를 장기간 사용하지 않고 보존하는 방법으로 가장 적당한 것은?
20160124_031,2016-01-24,31,,heating-systems,증기·온수·복사난방,boiler-piping-insulation,heating-systems,증기·온수·복사난방,boiler-piping-insulation,automatic,23,steam-traps-condensate,14,high,false,steam-traps-condensate:14,선택지:난방 방식 | 본문:난방 일반,하트포드 접속법(hart-ford connection)을 사용하는 난방방식은?
20160124_032,2016-01-24,32,,heating-systems,증기·온수·복사난방,boiler-piping-insulation,heating-systems,증기·온수·복사난방,boiler-piping-insulation,automatic,32,automatic-control-interlocks,0,high,false,,본문:난방 방식 | 본문:난방 일반,"온수난방설비에서 온수, 온도차에 의한 비중력차로 순환하는 방식으로 단독주택이나 소규모 난방에 사용되는 난방방식은?"
20160124_033,2016-01-24,33,,piping-fittings-valves,배관·이음쇠·밸브,boiler-piping-insulation,piping-fittings-valves,배관·이음쇠·밸브,boiler-piping-insulation,pdf-reviewed,15,steam-traps-condensate,14,low,false,steam-traps-condensate:14,선택지:이음쇠 | 선택지:패킹·가스켓,"압축기 진동과 서징, 관의 수격작용, 지진 등에서 발생하는 진동을 억제하기 위해 사용되는 지지 장치는?"
20160124_034,2016-01-24,34,,heating-systems,증기·온수·복사난방,boiler-piping-insulation,heating-systems,증기·온수·복사난방,boiler-piping-insulation,automatic,17,water-treatment-corrosion,9,high,false,,본문:팽창탱크 | 선택지:방열기,온수보일러에 팽창탱크를 설치하는 주된 이유로 옳은 것은?
20160124_035,2016-01-24,35,,heating-load-radiators,난방부하·방열기 계산,boiler-installation-combustion,heating-load-radiators,난방부하·방열기 계산,boiler-installation-combustion,automatic,38,heating-systems,24,high,false,heating-systems:24,본문:방열기 계산 | 본문:난방 계산,"온수난방에서 방열기내 온수의 평균온도가 82℃, 실내온도가 18℃이고, 방열기의 방열계수가 6.8 kcal/m2·h·℃인 경우 방열기의 방열량은?"
20160124_036,2016-01-24,36,,efficiency-output-heat-balance,효율·증발량·열정산,boiler-efficiency-heat-balance,efficiency-output-heat-balance,효율·증발량·열정산,boiler-efficiency-heat-balance,automatic,18,fuel-properties,14,high,false,fuel-properties:14,본문:보일러 용량 계산,"보일러 설치·시공 기준상 유류보일러의 용량이 시간당 몇 톤 이상이면 공급 연료량에 따라 연소용 공기를 자동 조절하는 기능이 있어야 하는가? (단, 난방 보일러인 경우이다.)"
20160124_037,2016-01-24,37,,water-treatment-corrosion,수질관리·스케일·부식,boiler-water-treatment,water-treatment-corrosion,수질관리·스케일·부식,boiler-water-treatment,automatic,16,piping-fittings-valves,8,high,false,,본문:캐리오버,"포밍, 플라이밍의 방지 대책으로 부적합한 것은?"
20160124_038,2016-01-24,38,,instruments-accessories,계측·부속장치,boiler-accessory-equipment,instruments-accessories,계측·부속장치,boiler-accessory-equipment,automatic,14,boiler-types-construction,7,high,false,,본문:부속장치,증기보일러의 기타 부속장치가 아닌 것은?
20160124_039,2016-01-24,39,,efficiency-output-heat-balance,효율·증발량·열정산,boiler-efficiency-heat-balance,efficiency-output-heat-balance,효율·증발량·열정산,boiler-efficiency-heat-balance,automatic,22,heat-steam-thermodynamics,18,high,false,heat-steam-thermodynamics:18,본문:증발량,온도 25℃의 급수를 공급받아 엔탈피가 725kcal/kg의 증기를 1시간당 2310kg을 발생시키는 보일러의 상당 증발량은?
20160124_040,2016-01-24,40,,piping-fittings-valves,배관·이음쇠·밸브,boiler-piping-insulation,piping-fittings-valves,배관·이음쇠·밸브,boiler-piping-insulation,automatic,16,automatic-control-interlocks,0,high,false,,본문:배관 공구·작업,다음 중 가스관의 누설검사 시 사용하는 물질로 가장 적합한 것은?
20160124_041,2016-01-24,41,,failures-accidents-safety,고장·사고·작업안전,boiler-work-safety,failures-accidents-safety,고장·사고·작업안전,boiler-work-safety,automatic,16,boiler-types-construction,6,high,false,,본문:사고·안전,보일러 사고의 원인 중 제작상의 원인에 해당 되지 않는 것은?
20160124_042,2016-01-24,42,,piping-fittings-valves,배관·이음쇠·밸브,boiler-piping-insulation,piping-fittings-valves,배관·이음쇠·밸브,boiler-piping-insulation,automatic,38,heating-systems,32,high,false,heating-systems:32,본문:배관 | 본문:이음쇠 | 본문:신축·지지,"열팽창에 대한 신축이 방열기에 영향을 미치지 않도록 주로 증기 및 온수난방용 배관에 사용되며, 2개 이상의 엘보를 사용하는 신축 이음은?"
20160124_043,2016-01-24,43,,water-treatment-corrosion,수질관리·스케일·부식,boiler-water-treatment,water-treatment-corrosion,수질관리·스케일·부식,boiler-water-treatment,automatic,9,automatic-control-interlocks,0,medium,false,,선택지:스케일,보일러 급수 중의 용존(용해) 고형물을 처리하는 방법으로 부적합한 것은?
20160124_044,2016-01-24,44,,heating-load-radiators,난방부하·방열기 계산,boiler-installation-combustion,heating-load-radiators,난방부하·방열기 계산,boiler-installation-combustion,automatic,18,efficiency-output-heat-balance,10,high,false,efficiency-output-heat-balance:10,본문:난방부하,난방부하를 구성하는 인자에 속하는 것은?
20160124_045,2016-01-24,45,,safety-devices,안전장치·연소안전,boiler-protection-devices,safety-devices,안전장치·연소안전,boiler-protection-devices,automatic,18,boiler-types-construction,12,high,false,boiler-types-construction:12,본문:안전밸브·방출밸브,증기보일러에는 2개 이상의 안전밸브를 설치하여야 하는 반면에 1개 이상으로 설치 가능한 보일러의 최대 전열면적은?
20160124_046,2016-01-24,46,,heating-systems,증기·온수·복사난방,boiler-piping-insulation,heating-systems,증기·온수·복사난방,boiler-piping-insulation,automatic,18,steam-traps-condensate,14,high,false,steam-traps-condensate:14 | boiler-types-construction:12 | piping-fittings-valves:10,본문:난방 방식,증기난방에서 저압증기 환수관이 진공펌프의 흡입구보다 낮은 위치에 있을 때 응축수를 원활히 끌어올리기 위해 설치하는 것은?
20160124_047,2016-01-24,47,,heating-systems,증기·온수·복사난방,boiler-piping-insulation,heating-systems,증기·온수·복사난방,boiler-piping-insulation,automatic,21,piping-fittings-valves,5,high,false,,본문:난방 방식 | 선택지:방열기,중력순환식 온수난방법에 관한 설명으로 틀린 것은?
20160124_048,2016-01-24,48,,combustion-air-calculation,연소·공기비·배기가스 계산,boiler-installation-combustion,combustion-air-calculation,연소·공기비·배기가스 계산,boiler-installation-combustion,automatic,6,automatic-control-interlocks,0,medium,false,,본문:연소,"연료의 연소 시 이론 공기량에 대한 실제 공기량의 비 즉, 공기 비(m)의 일반적인 값으로 옳은 것은?"
20160124_049,2016-01-24,49,,water-treatment-corrosion,수질관리·스케일·부식,boiler-water-treatment,water-treatment-corrosion,수질관리·스케일·부식,boiler-water-treatment,automatic,29,automatic-control-interlocks,0,high,false,,본문:수처리 | 선택지:스케일,보일러수 내처리 방법으로 용도에 따른 청관제로 틀린 것은?
20160124_050,2016-01-24,50,,steam-traps-condensate,증기트랩·응축수 환수,boiler-piping-insulation,steam-traps-condensate,증기트랩·응축수 환수,boiler-piping-insulation,automatic,18,heating-systems,14,high,false,heating-systems:14,본문:환수 계통,진공환수식 증기 난방장치의 리프트 이음 시 1단 흡상 높이는 최고 몇 m 이하로 하는가?
20160124_051,2016-01-24,51,,water-treatment-corrosion,수질관리·스케일·부식,boiler-water-treatment,water-treatment-corrosion,수질관리·스케일·부식,boiler-water-treatment,automatic,29,automatic-control-interlocks,0,high,false,,본문:수처리 | 선택지:스케일,"보일러 급수처리 방법 중 5000ppm 이하의 고형물 농도에서는 비경제적이므로 사용하지 않고, 선박용 보일러에 사용하는 급수를 얻을 때 주로 사용하는 방법은?"
20160124_052,2016-01-24,52,,failures-accidents-safety,고장·사고·작업안전,boiler-work-safety,failures-accidents-safety,고장·사고·작업안전,boiler-work-safety,automatic,34,draft-flue-gas,16,high,false,,본문:폭발·화재 | 본문:가스 폭발 예방,가스보일러에서 가스폭발의 예방을 위한 유의사항으로 틀린 것은?
20160124_053,2016-01-24,53,,boiler-types-construction,보일러 형식·구조·재료,boiler-operation-basics,boiler-types-construction,보일러 형식·구조·재료,boiler-operation-basics,automatic,12,automatic-control-interlocks,0,high,false,,본문:보일러 구조,"보일러드럼 및 대형헤더가 없고, 지름이 작은 전열관을 사용하는 관류보일러의 순환비는?"
20160124_054,2016-01-24,54,,insulation-materials,보온·단열재,boiler-piping-insulation,insulation-materials,보온·단열재,boiler-piping-insulation,automatic,34,failures-accidents-safety,16,high,false,,본문:단열 | 본문:배관 단열,증기관이나 온수관 등에 대한 단열로서 불필요한 방열을 방지하고 인체에 화상을 입히는 위험방지 또는 실내공기의 이상온도 상승방지 등을 목적으로 하는 것은?
20160124_055,2016-01-24,55,,energy-laws-inspection,에너지 관계법규·검사,energy-laws-and-inspection,energy-laws-inspection,에너지 관계법규·검사,energy-laws-and-inspection,automatic,12,automatic-control-interlocks,0,high,false,,본문:효율관리,효율관리 기자재가 최저소비효율기준에 미달하거나 최대사용량기준을 초과하는 경우 제조·수입·판매업자에게 어떠한 조치를 명할 수 있는가?
20160124_056,2016-01-24,56,,energy-laws-inspection,에너지 관계법규·검사,energy-laws-and-inspection,energy-laws-inspection,에너지 관계법규·검사,energy-laws-and-inspection,automatic,44,automatic-control-interlocks,0,high,false,,본문:에너지이용합리화법 | 본문:법령·행정 | 본문:효율관리,"에너지이용 합리화법에 따라 산업통상자원부령으로 정하는 광고매체를 이용하여 효율관리기 자재의 광고를 하는 경우에는 그 광고 내용에 에너지소비 효율, 에너지소비효율등급을 포함시켜야 할 의무가 있는 자가 아닌 것은?"
20160124_057,2016-01-24,57,,energy-laws-inspection,에너지 관계법규·검사,energy-laws-and-inspection,energy-laws-inspection,에너지 관계법규·검사,energy-laws-and-inspection,automatic,33,automatic-control-interlocks,0,high,false,,본문:에너지이용합리화법 | 선택지:법령·행정 | 선택지:열사용기자재,에너지이용합리화법상 에너지 진단기관의 지정기준은 누구의 령으로 정하는가?
20160124_058,2016-01-24,58,,energy-laws-inspection,에너지 관계법규·검사,energy-laws-and-inspection,energy-laws-inspection,에너지 관계법규·검사,energy-laws-and-inspection,automatic,14,boiler-types-construction,9,high,false,boiler-types-construction:9,본문:열사용기자재,열사용기자재 중 온수를 발생하는 소형온수보일러의 적용 범위로 옳은 것은?
20160124_059,2016-01-24,59,,energy-laws-inspection,에너지 관계법규·검사,energy-laws-and-inspection,energy-laws-inspection,에너지 관계법규·검사,energy-laws-and-inspection,automatic,24,automatic-control-interlocks,0,high,false,,본문:에너지법 | 선택지:법령·행정,에너지법에서 정한 지역에너지계획을 수립·시행하여야 하는 자는?
20160124_060,2016-01-24,60,,energy-laws-inspection,에너지 관계법규·검사,energy-laws-and-inspection,energy-laws-inspection,에너지 관계법규·검사,energy-laws-and-inspection,automatic,14,automatic-control-interlocks,0,high,false,,본문:열사용기자재,검사대상기기 조종범위 용량이 10t/h 이하인 보일러의 조종자 자격이 아닌 것은?
20160402_001,2016-04-02,1,,heat-steam-thermodynamics,열·증기·열역학 기초,boiler-operation-basics,heat-steam-thermodynamics,열·증기·열역학 기초,boiler-operation-basics,automatic,14,automatic-control-interlocks,0,high,false,,본문:압력·온도 기초,압력에 대한 설명으로 옳은 것은?
20160402_002,2016-04-02,2,,burners-furnaces-atomization,버너·화격자·연소장치,boiler-installation-combustion,burners-furnaces-atomization,버너·화격자·연소장치,boiler-installation-combustion,automatic,36,fuel-properties,14,high,false,,본문:버너 | 본문:분무·미립화,유류버너의 종류 중 수 기압(MPa)의 분무매체를 이용하여 연료를 분무하는 형식의 버너로서 2유체 버너라고도 하는 것은?
20160402_003,2016-04-02,3,,efficiency-output-heat-balance,효율·증발량·열정산,boiler-efficiency-heat-balance,efficiency-output-heat-balance,효율·증발량·열정산,boiler-efficiency-heat-balance,automatic,11,fuel-properties,6,high,false,,선택지:증발량,중기보일러의 효율 계산식을 바르게 나타낸 것은?
20160402_004,2016-04-02,4,,efficiency-output-heat-balance,효율·증발량·열정산,boiler-efficiency-heat-balance,efficiency-output-heat-balance,효율·증발량·열정산,boiler-efficiency-heat-balance,automatic,40,fuel-properties,16,high,false,,본문:보일러 효율 | 본문:열정산,"보일러 열효율 정산방법에서 열정산을 위한 액체연료량을 측정할 때, 측정의 허용오차는 일반적으로 몇 %로 하여야 하는가?"
20160402_005,2016-04-02,5,,fuel-properties,연료 특성·발열량,boiler-installation-combustion,fuel-properties,연료 특성·발열량,boiler-installation-combustion,automatic,14,automatic-control-interlocks,0,high,false,,본문:유류·중유,중유 예열기의 가열하는 열원의 종류에 따른 분류가 아닌 것은?
20160402_006,2016-04-02,6,,combustion-air-calculation,연소·공기비·배기가스 계산,boiler-installation-combustion,combustion-air-calculation,연소·공기비·배기가스 계산,boiler-installation-combustion,automatic,18,automatic-control-interlocks,0,high,false,,본문:연소 계산,"공기비를 m, 이론 공기량을 Ao라고 할 때, 실제 공기량 A를 계산하는 식은?"
20160402_007,2016-04-02,7,,auxiliary-feedwater-equipment,급수·부대설비,boiler-auxiliary-equipment,auxiliary-feedwater-equipment,급수·부대설비,boiler-auxiliary-equipment,automatic,32,automatic-control-interlocks,0,high,false,,본문:급수펌프 | 본문:급수장치,보일러 급수장치의 일종인 인젝터 사용 시 장점에 관한 설명으로 틀린 것은?
20160402_008,2016-04-02,8,,boiler-types-construction,보일러 형식·구조·재료,boiler-operation-basics,boiler-types-construction,보일러 형식·구조·재료,boiler-operation-basics,automatic,9,automatic-control-interlocks,0,medium,false,,선택지:보일러 형식,다음 중 슈미트 보일러는 보일러 분류에서 어디에 속하는가?
20160402_009,2016-04-02,9,,safety-devices,안전장치·연소안전,boiler-protection-devices,safety-devices,안전장치·연소안전,boiler-protection-devices,automatic,26,instruments-accessories,10,high,false,,본문:안전장치 | 선택지:화염 감시,보일러의 안전장치에 해당되지 않는 것은?
20160402_010,2016-04-02,10,,efficiency-output-heat-balance,효율·증발량·열정산,boiler-efficiency-heat-balance,efficiency-output-heat-balance,효율·증발량·열정산,boiler-efficiency-heat-balance,automatic,22,heat-steam-thermodynamics,18,high,false,heat-steam-thermodynamics:18,본문:증발량,"보일러의 시간당 증발량 1100kg/h, 증기엔탈피 650kcal/kg, 급수 온도 30℃일 때, 상당증발량은?"
20160402_011,2016-04-02,11,,automatic-control-interlocks,자동제어·인터록,boiler-control-systems,automatic-control-interlocks,자동제어·인터록,boiler-control-systems,automatic,12,heat-steam-thermodynamics,7,high,false,heat-steam-thermodynamics:7,본문:수위·압력 제어,보일러의 자동연소제어와 관련이 없는 것은?
20160402_012,2016-04-02,12,,failures-accidents-safety,고장·사고·작업안전,boiler-work-safety,failures-accidents-safety,고장·사고·작업안전,boiler-work-safety,automatic,14,automatic-control-interlocks,0,high,false,,본문:본체 손상,보일러의 과열방지장치에 대한 설명으로 틀린 것은?
20160402_013,2016-04-02,13,,water-treatment-corrosion,수질관리·스케일·부식,boiler-water-treatment,water-treatment-corrosion,수질관리·스케일·부식,boiler-water-treatment,automatic,37,failures-accidents-safety,6,high,false,,본문:수처리 | 선택지:스케일 | 선택지:부식,보일러 급수처리의 목적으로 볼 수 없는 것은?
20160402_014,2016-04-02,14,,combustion-air-calculation,연소·공기비·배기가스 계산,boiler-installation-combustion,combustion-air-calculation,연소·공기비·배기가스 계산,boiler-installation-combustion,automatic,14,automatic-control-interlocks,0,high,false,,본문:배기가스 분석,"배기가스 중에 함유되어 있는 CO2, O2, CO 3가지 성분을 순서대로 측정하는 가스 분석계는?"
20160402_015,2016-04-02,15,,instruments-accessories,계측·부속장치,boiler-accessory-equipment,instruments-accessories,계측·부속장치,boiler-accessory-equipment,automatic,31,water-treatment-corrosion,9,high,false,,선택지:압력·온도·유량계 | 본문:부속장치 | 선택지:수트블로워,보일러 부속장치에 관한 설명으로 틀린 것은?
20160402_016,2016-04-02,16,,automatic-control-interlocks,자동제어·인터록,boiler-control-systems,automatic-control-interlocks,자동제어·인터록,boiler-control-systems,automatic,12,auxiliary-feedwater-equipment,0,high,false,,본문:수위·압력 제어,일반적으로 보일러 판넬 내부 온도는 몇 ℃를 넘지 않도록 하는 것이 좋은가?
20160402_017,2016-04-02,17,,environmental-pollution-control,집진·환경설비,boiler-accessory-equipment,environmental-pollution-control,집진·환경설비,boiler-accessory-equipment,automatic,43,automatic-control-interlocks,0,high,false,,본문:집진장치 | 본문:분진·매연 | 선택지:집진 방식,함진 배기가스를 액방울이나 액막에 충돌시켜 분진 입자를 포집 분리하는 집진장치는?
20160402_018,2016-04-02,18,,automatic-control-interlocks,자동제어·인터록,boiler-control-systems,automatic-control-interlocks,자동제어·인터록,boiler-control-systems,automatic,18,auxiliary-feedwater-equipment,7,high,false,,본문:인터록,보일러 인터록과 관계가 없는 것은?
20160402_019,2016-04-02,19,,heat-steam-thermodynamics,열·증기·열역학 기초,boiler-operation-basics,heat-steam-thermodynamics,열·증기·열역학 기초,boiler-operation-basics,automatic,39,automatic-control-interlocks,0,high,false,,선택지:엔탈피·잠열 | 본문:열역학 상태변화 | 본문:비열·열량,상태변화 없이 물체의 온도 변화에만 소요되는 열량은?
20160402_020,2016-04-02,20,,fuel-properties,연료 특성·발열량,boiler-installation-combustion,fuel-properties,연료 특성·발열량,boiler-installation-combustion,automatic,22,combustion-air-calculation,10,high,false,,본문:발열량 | 본문:연료 성분,"보일러용 오일 연료에서 성분분석 결과 수소 12.0%, 수분 0.3%라면, 저위발열량은? (단, 연료의 고위발열량은 10600kcal/kg이다.)"
20160402_021,2016-04-02,21,,burners-furnaces-atomization,버너·화격자·연소장치,boiler-installation-combustion,burners-furnaces-atomization,버너·화격자·연소장치,boiler-installation-combustion,automatic,16,combustion-air-calculation,3,high,false,,본문:화격자·연소장치,보일러에서 보염장치의 설치목적에 대한 설명으로 틀린 것은?
20160402_022,2016-04-02,22,,steam-traps-condensate,증기트랩·응축수 환수,boiler-piping-insulation,steam-traps-condensate,증기트랩·응축수 환수,boiler-piping-insulation,automatic,20,automatic-control-interlocks,0,high,false,,본문:증기트랩,증기사용압력이 같거나 또는 다른 여러 개의 증기사용 설비의 드레인관을 하나로 묶어 한 개의 트랩으로 설치한 것을 무엇이라고 하는가?
20160402_023,2016-04-02,23,,burners-furnaces-atomization,버너·화격자·연소장치,boiler-installation-combustion,burners-furnaces-atomization,버너·화격자·연소장치,boiler-installation-combustion,automatic,10,auxiliary-feedwater-equipment,8,medium,false,auxiliary-feedwater-equipment:8 | safety-devices:8,선택지:버너,보일러 윈드박스 주위에 설치되는 장치 또는 부품과 가장 거리가 먼 것은?
20160402_024,2016-04-02,24,,safety-devices,안전장치·연소안전,boiler-protection-devices,safety-devices,안전장치·연소안전,boiler-protection-devices,automatic,44,failures-accidents-safety,28,high,false,failures-accidents-safety:28,본문:안전장치 | 선택지:안전밸브·방출밸브 | 선택지:수위경보기 | 선택지:화염 감시,보일러 운전 중 정전이나 실화로 인하여 연료의 누설이 발생하여 갑자기 점화되었을 때 가스폭발방지를 위해 연료공급을 차단하는 안전장치는?
20160402_025,2016-04-02,25,,draft-flue-gas,통풍·연도·굴뚝,boiler-installation-combustion,draft-flue-gas,통풍·연도·굴뚝,boiler-installation-combustion,pdf-reviewed,7,combustion-air-calculation,6,low,false,combustion-air-calculation:6,선택지:연도·굴뚝,다음 중 보일러에서 연소가스의 배기가 잘 되는 경우는?
20160402_026,2016-04-02,26,,boiler-types-construction,보일러 형식·구조·재료,boiler-operation-basics,boiler-types-construction,보일러 형식·구조·재료,boiler-operation-basics,automatic,12,combustion-air-calculation,6,high,false,,본문:보일러 구조,전열면적이 40m2인 수직 연관보일러를 2시간 연소시킨 결과 4000kg의 증기가 발생하였다. 이 보일러의 증발률은?
20160402_027,2016-04-02,27,,boiler-types-construction,보일러 형식·구조·재료,boiler-operation-basics,boiler-types-construction,보일러 형식·구조·재료,boiler-operation-basics,automatic,12,automatic-control-interlocks,0,high,false,,본문:보일러 구조,다음 중 보일러 스테이(stay)의 종류로 거리가 먼 것은?
20160402_028,2016-04-02,28,,auxiliary-feedwater-equipment,급수·부대설비,boiler-auxiliary-equipment,auxiliary-feedwater-equipment,급수·부대설비,boiler-auxiliary-equipment,automatic,18,automatic-control-interlocks,0,high,false,,본문:과열·재열,과열기의 종류 중 열가스 흐름에 의한 구분 방식에 속하지 않는 것은?
20160402_029,2016-04-02,29,,fuel-properties,연료 특성·발열량,boiler-installation-combustion,fuel-properties,연료 특성·발열량,boiler-installation-combustion,automatic,22,combustion-air-calculation,10,high,false,,본문:발열량 | 본문:연료 성분,고체 연료의 고위발열량으로부터 저위발열량을 산출할 때 연료속의 수분과 다른 한 성분의 함유율을 가지고 계산하여 산출할 수 있는데 이 성분은 무엇인가?
20160402_030,2016-04-02,30,,instruments-accessories,계측·부속장치,boiler-accessory-equipment,instruments-accessories,계측·부속장치,boiler-accessory-equipment,automatic,19,operation-maintenance-preservation,14,high,false,operation-maintenance-preservation:14 | piping-fittings-valves:13,선택지:수면계 | 선택지:분출장치,상용 보일러의 점화전 준비 사항에 관한 설명으로 틀린 것은?
20160402_031,2016-04-02,31,,fuel-properties,연료 특성·발열량,boiler-installation-combustion,fuel-properties,연료 특성·발열량,boiler-installation-combustion,automatic,14,boiler-types-construction,12,medium,false,boiler-types-construction:12 | piping-fittings-valves:10,본문:가스 연료,도시가스 배관의 설치에서 배관의 이음부(용접이음매 제외)와 전기점멸기 및 전기접속기와의 거리는 최소 얼마 이상 유지해야 하는가?
20160402_032,2016-04-02,32,,safety-devices,안전장치·연소안전,boiler-protection-devices,safety-devices,안전장치·연소안전,boiler-protection-devices,automatic,18,boiler-types-construction,12,high,false,boiler-types-construction:12,본문:안전밸브·방출밸브,"증기보일러에는 2개 이상의 안전밸브를 설치하여야 하지만, 전열면적이 몇 이하인 경우에는 1개 이상으로 해도 되는가?"
20160402_033,2016-04-02,33,,insulation-materials,보온·단열재,boiler-piping-insulation,insulation-materials,보온·단열재,boiler-piping-insulation,automatic,20,piping-fittings-valves,10,high,false,,본문:보온재,배관 보온재와 선정 시 고려해야 할 사항으로 가장 거리가 먼 것은?
20160402_034,2016-04-02,34,jpg 확필,steam-traps-condensate,증기트랩·응축수 환수,boiler-piping-insulation,steam-traps-condensate,증기트랩·응축수 환수,boiler-piping-insulation,pdf-reviewed,14,piping-fittings-valves,10,high,false,piping-fittings-valves:10,본문:응축수,증기주관의 관말트랩 배관의 드레인 포켓과 냉각관 시공 요령이다. 다음 ( )안에 적절한 것은?
20160402_035,2016-04-02,35,,piping-fittings-valves,배관·이음쇠·밸브,boiler-piping-insulation,piping-fittings-valves,배관·이음쇠·밸브,boiler-piping-insulation,automatic,24,water-treatment-corrosion,8,high,false,,선택지:배관 공구·작업 | 본문:배관 가공,파이프와 파이프를 홈 조인트로 체결하기 위하여 파이프 끝을 가공하는 기계는?
20160402_036,2016-04-02,36,,operation-maintenance-preservation,기동·운전·정지·보존,boiler-operation-maintenance,operation-maintenance-preservation,기동·운전·정지·보존,boiler-operation-maintenance,automatic,34,automatic-control-interlocks,0,high,false,,본문:보존 | 본문:보일러 보존,보일러 보존 시 동결사고가 예상될 때 실시하는 밀폐식 보존법은?
20160402_037,2016-04-02,37,,heating-systems,증기·온수·복사난방,boiler-piping-insulation,heating-systems,증기·온수·복사난방,boiler-piping-insulation,automatic,26,piping-fittings-valves,10,high,false,,본문:난방 방식 | 본문:난방 배관,온수난방 배관 시공 시 이상적인 기울기는 얼마인가?
20160402_038,2016-04-02,38,,heating-systems,증기·온수·복사난방,boiler-piping-insulation,piping-fittings-valves,배관·이음쇠·밸브,boiler-piping-insulation,pdf-reviewed,26,piping-fittings-valves,26,low,true,piping-fittings-valves:26,본문:난방 방식 | 본문:난방 배관,온수난방 설비의 내림구배 배관에서 배관 아랫면을 일치시키고자 할 때 사용되는 이음쇠는?
20160402_039,2016-04-02,39,,efficiency-output-heat-balance,효율·증발량·열정산,boiler-efficiency-heat-balance,efficiency-output-heat-balance,효율·증발량·열정산,boiler-efficiency-heat-balance,automatic,20,insulation-materials,16,high,false,insulation-materials:16,본문:열정산,"두께 150㎜, 면적이 15m2인 벽이 있다. 내면 온도는 200℃, 외면 온도가 20℃일 때 벽을 통한 열손실량은? (단, 열전도율은 0.25kcal/m·h·℃이다.)"
20160402_040,2016-04-02,40,,water-treatment-corrosion,수질관리·스케일·부식,boiler-water-treatment,water-treatment-corrosion,수질관리·스케일·부식,boiler-water-treatment,automatic,28,auxiliary-feedwater-equipment,8,high,false,,본문:수처리 | 선택지:캐리오버,보일러수에 불순물이 많이 포함되어 보일러수의 비등과 함께 수면부근에게 거품의 층을 형성하여 수위가 불안정하게 되는 현상은?
20160402_041,2016-04-02,41,,water-treatment-corrosion,수질관리·스케일·부식,boiler-water-treatment,water-treatment-corrosion,수질관리·스케일·부식,boiler-water-treatment,automatic,28,efficiency-output-heat-balance,10,high,false,,본문:수처리 | 선택지:부식,수질이 불량하여 보일러에 미치는 영향으로 가장 거리가 먼 것은?
20160402_042,2016-04-02,42,,insulation-materials,보온·단열재,boiler-piping-insulation,insulation-materials,보온·단열재,boiler-piping-insulation,automatic,27,automatic-control-interlocks,0,high,false,,본문:보온재 | 선택지:보온재 종류,다음 보온재 중 유기질 보온재에 속하는 것은?
20160402_043,2016-04-02,43,jpg 확필,boiler-types-construction,보일러 형식·구조·재료,boiler-operation-basics,piping-fittings-valves,배관·이음쇠·밸브,boiler-piping-insulation,pdf-reviewed,12,automatic-control-interlocks,0,high,false,,본문:재료·제작,관의 접속 상태·결합방식의 표시방법에서 용접이음을 나타내는 그림기호로 맞는 것은?
20160402_044,2016-04-02,44,,failures-accidents-safety,고장·사고·작업안전,boiler-work-safety,failures-accidents-safety,고장·사고·작업안전,boiler-work-safety,automatic,12,combustion-air-calculation,9,medium,false,combustion-air-calculation:9 | draft-flue-gas:7,본문:연소 이상,보일러 점화불량의 원인으로 가장 거리가 먼. 것은?
20160402_045,2016-04-02,45,,heating-systems,증기·온수·복사난방,boiler-piping-insulation,heating-systems,증기·온수·복사난방,boiler-piping-insulation,automatic,6,automatic-control-interlocks,0,medium,false,,본문:방열기,다음 방열기 도시기호 중 벽걸이 종형 도시기호는?
20160402_046,2016-04-02,46,,piping-fittings-valves,배관·이음쇠·밸브,boiler-piping-insulation,piping-fittings-valves,배관·이음쇠·밸브,boiler-piping-insulation,automatic,30,automatic-control-interlocks,0,high,false,,본문:배관 | 선택지:이음쇠 | 본문:신축·지지,배관 지지구의 종류가 아닌 것은?
20160402_047,2016-04-02,47,,insulation-materials,보온·단열재,boiler-piping-insulation,insulation-materials,보온·단열재,boiler-piping-insulation,automatic,10,automatic-control-interlocks,0,high,false,,선택지:보온재,보온시공 시 주의사항에 대한 설명으로 틀린 것은?
20160402_048,2016-04-02,48,,heating-load-radiators,난방부하·방열기 계산,boiler-installation-combustion,heating-load-radiators,난방부하·방열기 계산,boiler-installation-combustion,automatic,28,heating-systems,25,medium,false,heating-systems:25,선택지:난방부하 | 선택지:방열기 계산 | 선택지:난방 계산,온수난방에 관한 설명으로 틀린 것은?
20160402_049,2016-04-02,49,,heating-systems,증기·온수·복사난방,boiler-piping-insulation,heating-systems,증기·온수·복사난방,boiler-piping-insulation,automatic,14,boiler-types-construction,6,high,false,,본문:팽창탱크,온수보일러에서 팽창탱크를 설치할 경우 주의사항으로 틀린 것은?
20160402_050,2016-04-02,50,,water-treatment-corrosion,수질관리·스케일·부식,boiler-water-treatment,water-treatment-corrosion,수질관리·스케일·부식,boiler-water-treatment,automatic,16,automatic-control-interlocks,0,high,false,,본문:부식,보일러 내부부식에 속하지 않는 것은?
20160402_051,2016-04-02,51,,water-treatment-corrosion,수질관리·스케일·부식,boiler-water-treatment,water-treatment-corrosion,수질관리·스케일·부식,boiler-water-treatment,automatic,8,automatic-control-interlocks,0,medium,false,,선택지:부식,보일러 내부의 건조방식에 대한 설명 중 틀린 것은?
20160402_052,2016-04-02,52,,steam-traps-condensate,증기트랩·응축수 환수,boiler-piping-insulation,steam-traps-condensate,증기트랩·응축수 환수,boiler-piping-insulation,automatic,32,heating-systems,14,high,false,,본문:응축수 | 본문:환수 계통,"증기 난방시공에서 진공환수식으로 하는 경우 리프트 피팅(lift fitting)을 설치하는데, 1단의 흡상높이로 적절한 것은?"
20160402_053,2016-04-02,53,,boiler-types-construction,보일러 형식·구조·재료,boiler-operation-basics,boiler-types-construction,보일러 형식·구조·재료,boiler-operation-basics,automatic,12,piping-fittings-valves,10,medium,false,piping-fittings-valves:10,본문:재료·제작,배관의 나사이음과 비교한 용접 이음에 관한 설명으로 틀린 것은?
20160402_054,2016-04-02,54,,water-treatment-corrosion,수질관리·스케일·부식,boiler-water-treatment,water-treatment-corrosion,수질관리·스케일·부식,boiler-water-treatment,automatic,16,automatic-control-interlocks,0,high,false,,본문:부식,보일러 외부부식의 한 종류인 고온부식을 유발하는 주된 성분은?
20160402_055,2016-04-02,55,,energy-laws-inspection,에너지 관계법규·검사,energy-laws-and-inspection,energy-laws-inspection,에너지 관계법규·검사,energy-laws-and-inspection,automatic,32,automatic-control-interlocks,0,high,false,,본문:에너지이용합리화법 | 본문:효율관리,에너지이용 합리화법에 따라 고시한 효율관리기자재 운용규정에 따라 가정용 가스보일러의 최저소비효율기준은 몇 %인가?
20160402_056,2016-04-02,56,,energy-laws-inspection,에너지 관계법규·검사,energy-laws-and-inspection,energy-laws-inspection,에너지 관계법규·검사,energy-laws-and-inspection,automatic,22,automatic-control-interlocks,0,high,false,,본문:법령·행정 | 본문:에너지사용·진단,에너지다소비사업자는 산업 통상자원부령이 정하는 바에 따라 전년도의 분기별 에너지사용량·제품생산량을 그 에너지사용 시설이 있는 지역을 관할하는 시·도지사에게 매년 언제까지 신고해야 하는가?
20160402_057,2016-04-02,57,,energy-laws-inspection,에너지 관계법규·검사,energy-laws-and-inspection,energy-laws-inspection,에너지 관계법규·검사,energy-laws-and-inspection,automatic,26,automatic-control-interlocks,0,high,false,,본문:저탄소·녹색성장 | 선택지:자원순환,저탄소 녹색성장 기본법에서 사람의 활동에 수반하여 발생하는 온실가스가 대기 중에 축적되어 온실가스 농도를 증가시킴으로써 지구 전체적으로 지표 및 대기의 온도가 추가적으로 상승하는 현상을 나타내는 용어는?
20160402_058,2016-04-02,58,,energy-laws-inspection,에너지 관계법규·검사,energy-laws-and-inspection,energy-laws-inspection,에너지 관계법규·검사,energy-laws-and-inspection,automatic,43,efficiency-output-heat-balance,5,high,false,,본문:에너지이용합리화법 | 본문:법령·행정 | 선택지:효율관리 | 선택지:에너지사용·진단,에너지이용 합리화법에 따라 산업통상 자원부장관 또는 시·도지사로부터 한국에너지공단에 위탁된 업무가 아닌 것은?
20160402_059,2016-04-02,59,,energy-laws-inspection,에너지 관계법규·검사,energy-laws-and-inspection,energy-laws-inspection,에너지 관계법규·검사,energy-laws-and-inspection,automatic,44,automatic-control-interlocks,0,high,false,,본문:에너지이용합리화법 | 선택지:법령·행정 | 본문:효율관리 | 선택지:검사 행정,에너지이용 합리화법에서 효율관리기자재의 제조업자 또는 수입업자가 효율관리기자재의 에너지 사용량을 측정 받는 기관은?
20160402_060,2016-04-02,60,,energy-laws-inspection,에너지 관계법규·검사,energy-laws-and-inspection,energy-laws-inspection,에너지 관계법규·검사,energy-laws-and-inspection,automatic,36,automatic-control-interlocks,0,high,false,,본문:에너지이용합리화법 | 선택지:법령·행정 | 본문:에너지사용·진단,에너지이용 합리화법에서 정한 국가에너지절약추진위원회의 위원장은?
20160710_001,2016-07-10,1,,boiler-types-construction,보일러 형식·구조·재료,boiler-operation-basics,boiler-types-construction,보일러 형식·구조·재료,boiler-operation-basics,automatic,15,automatic-control-interlocks,0,high,false,,선택지:보일러 형식 | 선택지:보일러 구조,"비점이 낮은 물질인 수은, 다우섬 등을 사용하여 저압에서도 고온을 얻을 수 있는 보일러는?"
20160710_002,2016-07-10,2,,heat-steam-thermodynamics,열·증기·열역학 기초,boiler-operation-basics,heat-steam-thermodynamics,열·증기·열역학 기초,boiler-operation-basics,automatic,14,automatic-control-interlocks,0,high,false,,본문:비열·열량,90℃의 물 1000kg에 15℃의 물 2000kg을 혼합시키면 온도는 몇 ℃가 되는가?
20160710_003,2016-07-10,3,,efficiency-output-heat-balance,효율·증발량·열정산,boiler-efficiency-heat-balance,efficiency-output-heat-balance,효율·증발량·열정산,boiler-efficiency-heat-balance,automatic,30,auxiliary-feedwater-equipment,20,high,false,auxiliary-feedwater-equipment:20,본문:보일러 효율 | 본문:성능시험,보일러 효율 시험방법에 관한 설명으로 틀린 것은?
20160710_004,2016-07-10,4,,safety-devices,안전장치·연소안전,boiler-protection-devices,safety-devices,안전장치·연소안전,boiler-protection-devices,automatic,18,boiler-types-construction,6,high,false,,본문:안전장치,보일러의 최고사용압력이 0.1MPa 이하일 경우 설치 가능한 과압방지 안전장치의 크기는?
20160710_005,2016-07-10,5,,boiler-types-construction,보일러 형식·구조·재료,boiler-operation-basics,boiler-types-construction,보일러 형식·구조·재료,boiler-operation-basics,automatic,12,combustion-air-calculation,3,high,false,,본문:보일러 구조,연관보일러에서 연관에 대한 설명으로 옳은 것은?
20160710_006,2016-07-10,6,,fuel-properties,연료 특성·발열량,boiler-installation-combustion,fuel-properties,연료 특성·발열량,boiler-installation-combustion,automatic,37,automatic-control-interlocks,0,high,false,,본문:연료 종류 | 본문:석탄 | 선택지:연료 성분,고체연료에 대한 연료비를 가장 잘 설명한 것은?
20160710_007,2016-07-10,7,,fuel-properties,연료 특성·발열량,boiler-installation-combustion,fuel-properties,연료 특성·발열량,boiler-installation-combustion,automatic,27,environmental-pollution-control,7,high,false,,본문:석탄 | 선택지:발열량 | 선택지:연료 성분,석탄의 함유 성분이 많을수록 연소에 미치는 영향에 대한 설명으로 틀린 것은?
20160710_008,2016-07-10,8,,efficiency-output-heat-balance,효율·증발량·열정산,boiler-efficiency-heat-balance,efficiency-output-heat-balance,효율·증발량·열정산,boiler-efficiency-heat-balance,automatic,20,combustion-air-calculation,10,high,false,,본문:열정산,다음 중 보일러의 손실열 중 가장 큰 것은?
20160710_009,2016-07-10,9,,boiler-types-construction,보일러 형식·구조·재료,boiler-operation-basics,boiler-types-construction,보일러 형식·구조·재료,boiler-operation-basics,automatic,38,automatic-control-interlocks,0,high,false,,본문:보일러 형식 | 선택지:형식 고유명 | 본문:보일러 구조,다음 중 수관식 보일러 종류가 아닌 것은?
20160710_010,2016-07-10,10,,efficiency-output-heat-balance,효율·증발량·열정산,boiler-efficiency-heat-balance,efficiency-output-heat-balance,효율·증발량·열정산,boiler-efficiency-heat-balance,automatic,20,combustion-air-calculation,6,high,false,,본문:보일러 효율,"어떤 보일러의 연소효율이 92%, 전열면 효율이 85%이면 보일러 효율은?"
20160710_011,2016-07-10,11,,draft-flue-gas,통풍·연도·굴뚝,boiler-installation-combustion,draft-flue-gas,통풍·연도·굴뚝,boiler-installation-combustion,automatic,16,automatic-control-interlocks,0,high,false,,본문:송풍기,원심형 송풍기에 해당하지 않는 것은?
20160710_012,2016-07-10,12,,boiler-types-construction,보일러 형식·구조·재료,boiler-operation-basics,boiler-types-construction,보일러 형식·구조·재료,boiler-operation-basics,automatic,14,automatic-control-interlocks,12,medium,false,automatic-control-interlocks:12,본문:급수내관·수위,보일러 수위제어 검출방식에 해당되지 않는 것은?
20160710_013,2016-07-10,13,,automatic-control-interlocks,자동제어·인터록,boiler-control-systems,automatic-control-interlocks,자동제어·인터록,boiler-control-systems,automatic,36,combustion-air-calculation,12,high,false,,본문:자동제어 | 본문:제어량·조작량,보일러의 자동제어에서 제어량에 따른 조작량의 대상으로 옳은 것은?
20160710_014,2016-07-10,14,,safety-devices,안전장치·연소안전,boiler-protection-devices,safety-devices,안전장치·연소안전,boiler-protection-devices,automatic,40,burners-furnaces-atomization,20,high,false,,선택지:안전밸브·방출밸브 | 선택지:저수위 보호 | 본문:화염 감시 | 선택지:압력 보호,화염 검출기에서 검출되어 프로텍터 릴레이로 전달된 신호는 버너 및 어떤 장치로 다시 전달되는가?
20160710_015,2016-07-10,15,,fuel-properties,연료 특성·발열량,boiler-installation-combustion,fuel-properties,연료 특성·발열량,boiler-installation-combustion,automatic,29,environmental-pollution-control,7,high,false,,본문:연료 종류 | 선택지:석탄 | 선택지:연료 성분,기체 연료의 특징으로 틀린 것은?
20160710_016,2016-07-10,16,,auxiliary-feedwater-equipment,급수·부대설비,boiler-auxiliary-equipment,auxiliary-feedwater-equipment,급수·부대설비,boiler-auxiliary-equipment,automatic,14,automatic-control-interlocks,0,high,false,,선택지:급수펌프 | 선택지:펌프,증기의 압력에너지를 이용하여 피스톤을 작동시켜 급수를 행하는 펌프는?
20160710_017,2016-07-10,17,,fuel-properties,연료 특성·발열량,boiler-installation-combustion,fuel-properties,연료 특성·발열량,boiler-installation-combustion,automatic,14,automatic-control-interlocks,0,high,false,,본문:유류·중유,유류 보일러 시스템에서 중유를 사용할 때 흡입측의 여과망 눈 크기로 적합한 것은?
20160710_018,2016-07-10,18,,auxiliary-feedwater-equipment,급수·부대설비,boiler-auxiliary-equipment,auxiliary-feedwater-equipment,급수·부대설비,boiler-auxiliary-equipment,pdf-reviewed,22,efficiency-output-heat-balance,21,low,false,efficiency-output-heat-balance:21,본문:절탄기,절탄기에 대한 설명으로 옳은 것은?
20160710_019,2016-07-10,19,,burners-furnaces-atomization,버너·화격자·연소장치,boiler-installation-combustion,burners-furnaces-atomization,버너·화격자·연소장치,boiler-installation-combustion,automatic,20,fuel-properties,14,high,false,fuel-properties:14,본문:버너,유류연소 버너에서 기름의 예열온도가 너무 높은 경우에 나타나는 주요 현상으로 옳은 것은?
20160710_020,2016-07-10,20,,heat-steam-thermodynamics,열·증기·열역학 기초,boiler-operation-basics,heat-steam-thermodynamics,열·증기·열역학 기초,boiler-operation-basics,automatic,36,automatic-control-interlocks,0,high,false,,본문:증기 상태 | 본문:엔탈피·잠열,"습증기의 엔탈피 hx를 구하는 식으로 옳은 것은? (단, h : 포화수의 엔탈피, x: 건조도, r : 증발잠열(숨은열), v : 포화수의 비체적)"
20160710_021,2016-07-10,21,,safety-devices,안전장치·연소안전,boiler-protection-devices,safety-devices,안전장치·연소안전,boiler-protection-devices,automatic,16,automatic-control-interlocks,0,high,false,,본문:화염 감시,화염 검출기의 종류 중 화염의 이온화 현상에 따른 전기 전도성을 이용하여 화염의 유무를 검출하는 것은?
20160710_022,2016-07-10,22,,heat-steam-thermodynamics,열·증기·열역학 기초,boiler-operation-basics,heat-steam-thermodynamics,열·증기·열역학 기초,boiler-operation-basics,automatic,14,automatic-control-interlocks,0,high,false,,본문:비열·열량,비열이 0.6kcal/ kg.℃ 인 어떤 연료 30kg을 15℃에서 35℃까지 예열하고자 할 때 필요한열 량은 몇 kcal 인가?
20160710_023,2016-07-10,23,,efficiency-output-heat-balance,효율·증발량·열정산,boiler-efficiency-heat-balance,efficiency-output-heat-balance,효율·증발량·열정산,boiler-efficiency-heat-balance,automatic,16,automatic-control-interlocks,0,high,false,,본문:보일러마력,보일러 1마력을 열량으로 환산하면 약 몇 kcal/h 인가?
20160710_024,2016-07-10,24,,water-treatment-corrosion,수질관리·스케일·부식,boiler-water-treatment,water-treatment-corrosion,수질관리·스케일·부식,boiler-water-treatment,automatic,38,heat-steam-thermodynamics,9,high,false,,본문:수처리 | 선택지:캐리오버 | 본문:분출·농축,다음 중 보일러수 분출의 목적 이 아닌 것은?
20160710_025,2016-07-10,25,,automatic-control-interlocks,자동제어·인터록,boiler-control-systems,automatic-control-interlocks,자동제어·인터록,boiler-control-systems,automatic,18,draft-flue-gas,16,medium,false,draft-flue-gas:16,본문:인터록,"대형보일러인 경우에 송풍기가 작동하지 않으면 전자밸브가 열리지 않고, 점화를 저지하는 인터록은?"
20160710_026,2016-07-10,26,,environmental-pollution-control,집진·환경설비,boiler-accessory-equipment,environmental-pollution-control,집진·환경설비,boiler-accessory-equipment,automatic,34,automatic-control-interlocks,0,high,false,,본문:집진장치 | 본문:분진·매연,분진가스를 집전기내에 충돌시키거나 열가스의 흐름을 반전시켜 급격한 기류의 방향전환에 의해 분진을 포집하는 집진장치는?
20160710_027,2016-07-10,27,,environmental-pollution-control,집진·환경설비,boiler-accessory-equipment,environmental-pollution-control,집진·환경설비,boiler-accessory-equipment,automatic,10,automatic-control-interlocks,0,high,false,,선택지:집진장치,가압수식을 이용한 집 진장치가 아닌 것은?
20160710_028,2016-07-10,28,,auxiliary-feedwater-equipment,급수·부대설비,boiler-auxiliary-equipment,water-treatment-corrosion,수질관리·스케일·부식,boiler-water-treatment,pdf-reviewed,17,water-treatment-corrosion,16,low,false,water-treatment-corrosion:16 | instruments-accessories:14,선택지:공기예열기 | 선택지:과열·재열,보일러 부속장치에서 연소가스의 저온부식과 가장 관계가 있는 것은?
20160710_029,2016-07-10,29,,draft-flue-gas,통풍·연도·굴뚝,boiler-installation-combustion,draft-flue-gas,통풍·연도·굴뚝,boiler-installation-combustion,automatic,18,automatic-control-interlocks,0,high,false,,본문:통풍,비교적 많은 동력이 필요하나 강한 통풍력을 얻을 수 있어 통풍저항이 큰 대형 보일러나 고성능 보일러에 널리 사용되고 있는 통풍 방식은?
20160710_030,2016-07-10,30,,water-treatment-corrosion,수질관리·스케일·부식,boiler-water-treatment,water-treatment-corrosion,수질관리·스케일·부식,boiler-water-treatment,automatic,26,boiler-types-construction,12,high,false,,선택지:수처리 | 본문:부식,보일러 강판의 가성취화 현상의 특징에 관한 설명으로 틀린 것은?
20160710_031,2016-07-10,31,,water-treatment-corrosion,수질관리·스케일·부식,boiler-water-treatment,water-treatment-corrosion,수질관리·스케일·부식,boiler-water-treatment,automatic,17,boiler-types-construction,6,high,false,,선택지:스케일 | 선택지:부식,급수 중 불순물에 의한 장해나 처리방법에 대한 설명으로 틀린 것은?
20160710_032,2016-07-10,32,,water-treatment-corrosion,수질관리·스케일·부식,boiler-water-treatment,water-treatment-corrosion,수질관리·스케일·부식,boiler-water-treatment,automatic,19,failures-accidents-safety,14,high,false,failures-accidents-safety:14,선택지:수처리 | 선택지:스케일,보일러 전열면의 과열 방지대책으로 틀린 것은?
20160710_033,2016-07-10,33,,heating-systems,증기·온수·복사난방,boiler-piping-insulation,heating-systems,증기·온수·복사난방,boiler-piping-insulation,automatic,35,piping-fittings-valves,5,high,false,,본문:난방 방식 | 본문:환수 방식 | 선택지:방열기,중력환수식 온수난방법의 설명으로 틀린 것은?
20160710_034,2016-07-10,34,,piping-fittings-valves,배관·이음쇠·밸브,boiler-piping-insulation,piping-fittings-valves,배관·이음쇠·밸브,boiler-piping-insulation,automatic,44,heating-systems,26,high,false,heating-systems:26,본문:배관 | 본문:이음쇠 | 본문:배관 이경관,증기난방에서 환수관의 수평 배관에서 관경이 가늘어 지는 경우 편심 리듀서를 사용하는 이유로 적합한 것은?
20160710_035,2016-07-10,35,,heating-systems,증기·온수·복사난방,boiler-piping-insulation,heating-systems,증기·온수·복사난방,boiler-piping-insulation,automatic,32,instruments-accessories,18,high,false,instruments-accessories:18,본문:난방 방식 | 본문:팽창탱크,온수난방 설비의 밀폐식 팽창탱크에 설치되지 않는 것은?
20160710_036,2016-07-10,36,,insulation-materials,보온·단열재,boiler-piping-insulation,insulation-materials,보온·단열재,boiler-piping-insulation,automatic,43,burners-furnaces-atomization,8,high,false,,본문:보온재 | 본문:단열 | 선택지:보온재 종류,"다른 보온재에 비하여 단열 효과가 낮으며, 500℃ 이하의 파이프, 탱크, 노벽 등에 사용하는 보온재는?"
20160710_037,2016-07-10,37,,piping-fittings-valves,배관·이음쇠·밸브,boiler-piping-insulation,piping-fittings-valves,배관·이음쇠·밸브,boiler-piping-insulation,automatic,24,water-treatment-corrosion,9,high,false,,본문:배관 | 본문:강관 규격,압력배관용 탄소강관의 KS 규격기호는?
20160710_038,2016-07-10,38,,heat-steam-thermodynamics,열·증기·열역학 기초,boiler-operation-basics,heat-steam-thermodynamics,열·증기·열역학 기초,boiler-operation-basics,automatic,18,efficiency-output-heat-balance,10,high,false,efficiency-output-heat-balance:10,본문:증기 상태,보일러성능시험에서 강철제 증기보일러의 증기건도는 몇 % 이상이어야 하는가?
20160710_039,2016-07-10,39,,heating-systems,증기·온수·복사난방,boiler-piping-insulation,heating-systems,증기·온수·복사난방,boiler-piping-insulation,automatic,32,piping-fittings-valves,18,high,false,piping-fittings-valves:18,본문:난방 방식 | 본문:방열기 | 본문:난방 배관,난방설비 배관이나 방열기에서 높은 위치에 설치해야 하는 밸브는?
20160710_040,2016-07-10,40,,water-treatment-corrosion,수질관리·스케일·부식,boiler-water-treatment,water-treatment-corrosion,수질관리·스케일·부식,boiler-water-treatment,automatic,20,heating-systems,18,medium,false,heating-systems:18,본문:수처리,온수온돌의 방수처리에 대 한 설명으로 적절하지 않은 것은?
20160710_041,2016-07-10,41,,failures-accidents-safety,고장·사고·작업안전,boiler-work-safety,failures-accidents-safety,고장·사고·작업안전,boiler-work-safety,automatic,28,fuel-properties,12,high,false,,본문:연소 이상 | 본문:연소 불안정,기름보일러에서 연소 중 화염이 점멸 하는 등 연소 불안정이 발생하는 경우가 있다. 그 원인으로 가장 거리가 먼 것은?
20160710_042,2016-07-10,42,,heating-systems,증기·온수·복사난방,boiler-piping-insulation,heating-systems,증기·온수·복사난방,boiler-piping-insulation,automatic,43,steam-traps-condensate,35,high,false,steam-traps-condensate:35,본문:난방 방식 | 본문:환수 방식 | 선택지:방열기 | 본문:난방 배관,진공환수식 증기난방 배관시공에 관한 설명으로 틀린 것은?
20160710_043,2016-07-10,43,,boiler-types-construction,보일러 형식·구조·재료,boiler-operation-basics,boiler-types-construction,보일러 형식·구조·재료,boiler-operation-basics,automatic,16,automatic-control-interlocks,0,high,false,,본문:수압시험 | 본문:최고사용압력,어떤 강철제 증기보일러의 최고사용압력이 0.35 MPa이면 수압시험 압력은?
20160710_044,2016-07-10,44,,piping-fittings-valves,배관·이음쇠·밸브,boiler-piping-insulation,piping-fittings-valves,배관·이음쇠·밸브,boiler-piping-insulation,automatic,16,boiler-types-construction,12,high,false,boiler-types-construction:12,본문:밸브 일반,전열면적 12m2인 보일러의 급수밸브의 크기는 호칭 몇 A 이상이어야 하는가?
20160710_045,2016-07-10,45,,piping-fittings-valves,배관·이음쇠·밸브,boiler-piping-insulation,piping-fittings-valves,배관·이음쇠·밸브,boiler-piping-insulation,automatic,18,automatic-control-interlocks,0,high,false,,본문:배관 | 선택지:이음쇠,배관의 관 끝을 막을 때 사용하는 부품은?
20160710_046,2016-07-10,46,,insulation-materials,보온·단열재,boiler-piping-insulation,insulation-materials,보온·단열재,boiler-piping-insulation,automatic,36,automatic-control-interlocks,0,high,false,,본문:보온재 | 본문:단열,보온재의 열전도율과 온도와의 관계를 맞게 설명한 것은?
20160710_047,2016-07-10,47,,operation-maintenance-preservation,기동·운전·정지·보존,boiler-operation-maintenance,operation-maintenance-preservation,기동·운전·정지·보존,boiler-operation-maintenance,automatic,16,piping-fittings-valves,13,medium,false,piping-fittings-valves:13,본문:정상운전·송기 | 선택지:점검·정비,보일러에서 발생한 증기를 송기할 때의 주의사항으로 틀린 것은?
20160710_048,2016-07-10,48,,heating-load-radiators,난방부하·방열기 계산,boiler-installation-combustion,heating-load-radiators,난방부하·방열기 계산,boiler-installation-combustion,automatic,28,heating-systems,18,high,false,heating-systems:18,본문:난방부하 | 본문:실내 평균온도,"실내의 천장 높이가 12m인 극장에 대한 증기난방 설비를 설계 하고자 한다. 이때의 난방부하 계산을 위한 실내 평균온도는? (단, 호흡선 1.5m에서의 실내온도는 18℃ 이다.)"
20160710_049,2016-07-10,49,,heating-load-radiators,난방부하·방열기 계산,boiler-installation-combustion,heating-load-radiators,난방부하·방열기 계산,boiler-installation-combustion,automatic,56,heating-systems,6,high,false,,본문:난방부하 | 본문:방열기 계산 | 본문:난방 계산,"난방부하가 2250kcal/ h인 경우 온수방열기의 방열면적은? (단, 방열기의 방열량은 표준방열량으로 한다.)"
20160710_050,2016-07-10,50,,water-treatment-corrosion,수질관리·스케일·부식,boiler-water-treatment,water-treatment-corrosion,수질관리·스케일·부식,boiler-water-treatment,automatic,16,automatic-control-interlocks,0,high,false,,본문:부식,보일러의 내부 부식에 속하지 않는 것은?
20160710_051,2016-07-10,51,,failures-accidents-safety,고장·사고·작업안전,boiler-work-safety,failures-accidents-safety,고장·사고·작업안전,boiler-work-safety,automatic,28,water-treatment-corrosion,10,high,false,,본문:사고·안전 | 본문:취급상 사고,보일러 사고의 원인 중 보일러 취급상의 사고원인이 아닌 것은?
20160710_052,2016-07-10,52,,steam-traps-condensate,증기트랩·응축수 환수,boiler-piping-insulation,steam-traps-condensate,증기트랩·응축수 환수,boiler-piping-insulation,automatic,20,automatic-control-interlocks,0,high,false,,본문:증기트랩,"증기 트랩을 기계식, 온도조절식, 열역학적 트랩으로 구분할 때 온도조절식 트랩에 해당하는 것은?"
20160710_053,2016-07-10,53,,piping-fittings-valves,배관·이음쇠·밸브,boiler-piping-insulation,piping-fittings-valves,배관·이음쇠·밸브,boiler-piping-insulation,automatic,26,automatic-control-interlocks,0,high,false,,본문:배관 | 본문:이음쇠,"배관 중간이나 밸브, 펌프, 열교환기 등의 접속을 위해 사용되는 이음쇠로서 분해, 조립이 필요한 경우에 사용 되는 것은?"
20160710_054,2016-07-10,54,,piping-fittings-valves,배관·이음쇠·밸브,boiler-piping-insulation,piping-fittings-valves,배관·이음쇠·밸브,boiler-piping-insulation,automatic,14,automatic-control-interlocks,0,high,false,,본문:패킹·가스켓,글랜드 패킹의 종류에 해당하지 않는 것은?
20160710_055,2016-07-10,55,jpg 확필,energy-laws-inspection,에너지 관계법규·검사,energy-laws-and-inspection,energy-laws-inspection,에너지 관계법규·검사,energy-laws-and-inspection,pdf-reviewed,20,automatic-control-interlocks,0,high,false,,본문:에너지이용합리화법,"다음 에너지이용 합리화법의 목적에 관한 내용이다. ( )안의 A, B에 각각 들어갈 용어로 옳은 것은?"
20160710_056,2016-07-10,56,,energy-laws-inspection,에너지 관계법규·검사,energy-laws-and-inspection,energy-laws-inspection,에너지 관계법규·검사,energy-laws-and-inspection,automatic,18,automatic-control-interlocks,0,high,false,,본문:에너지법,에너지법에 따라 에너지기술개발 사업비의 사업에 대한 지원항목에 해당되지 않는 것은?
20160710_057,2016-07-10,57,,energy-laws-inspection,에너지 관계법규·검사,energy-laws-and-inspection,energy-laws-inspection,에너지 관계법규·검사,energy-laws-and-inspection,automatic,58,automatic-control-interlocks,0,high,false,,본문:에너지이용합리화법 | 본문:법령·행정 | 본문:열사용기자재 | 본문:검사 행정,에너지이용 합리화법에 따라 검사에 합격되지 아니한 검사대상기기를 사용한 자에 대한 벌칙은?
20160710_058,2016-07-10,58,,energy-laws-inspection,에너지 관계법규·검사,energy-laws-and-inspection,energy-laws-inspection,에너지 관계법규·검사,energy-laws-and-inspection,automatic,40,automatic-control-interlocks,0,high,false,,본문:에너지이용합리화법 | 선택지:법령·행정 | 본문:열사용기자재,"에너지이용 합리화법상 시공업자단체의 설립, 정관의 기재 사항과 감독에 관하여 필요한 사항은 누구의 령으로 정하는가?"
20160710_059,2016-07-10,59,,energy-laws-inspection,에너지 관계법규·검사,energy-laws-and-inspection,energy-laws-inspection,에너지 관계법규·검사,energy-laws-and-inspection,automatic,32,automatic-control-interlocks,0,high,false,,본문:에너지이용합리화법 | 본문:효율관리,에너지이용 합리화법에 따라 고효율 에너지 인증대상 기자재에 포함되지 않는 것은?
20160710_060,2016-07-10,60,,energy-laws-inspection,에너지 관계법규·검사,energy-laws-and-inspection,energy-laws-inspection,에너지 관계법규·검사,energy-laws-and-inspection,automatic,34,automatic-control-interlocks,0,high,false,,본문:에너지이용합리화법 | 본문:열사용기자재,에너지 이용 합리화법 상 열사용기 자재가 아닌 것은?
